{
"type": "FeatureCollection",
"name": "censo_comunal",
"crs": { "type": "name", "properties": { "name": "urn:ogc:def:crs:EPSG::4674" } },
"features": [
{ "type": "Feature", "properties": { "OBJECTID": 269, "CUT": 13113, "COD_REGION": 13, "REGION": "METROPOLITANA DE SANTIAGO", "COD_PROVINCIA": 131, "PROVINCIA": "SANTIAGO", "COMUNA": "LA REINA", "SHAPE_Length": 0.24426292233327471, "SHAPE_Area": 0.0022734445355092293 }, "geometry": { "type": "MultiPolygon", "coordinates": [ [ [ [ -70.538821983999924, -33.430619897999918 ], [ -70.538812141999927, -33.430586336999909 ], [ -70.538812108999934, -33.430586167999934 ], [ -70.538812080999946, -33.430586029999915 ], [ -70.538809263999951, -33.430572525999935 ], [ -70.538806522999948, -33.43055903599992 ], [ -70.538803012999949, -33.430542196999909 ], [ -70.538799621999942, -33.430525508999949 ], [ -70.538793288999898, -33.430495122999957 ], [ -70.538787082999931, -33.430464582999946 ], [ -70.538781448999941, -33.430419559999905 ], [ -70.538775812999916, -33.43037453799991 ], [ -70.538775414999918, -33.430351995999956 ], [ -70.538774937999904, -33.430324946999917 ], [ -70.538778653999941, -33.430297844999927 ], [ -70.53878261199992, -33.430275249999909 ], [ -70.538793837999947, -33.430207472999939 ], [ -70.538805064999906, -33.430139694999923 ], [ -70.538816368999903, -33.430085443999928 ], [ -70.538827188999903, -33.430031198999927 ], [ -70.538829240999917, -33.429995098999939 ], [ -70.538832126999921, -33.42995448399995 ], [ -70.538832424999953, -33.429940952999914 ], [ -70.53883705599992, -33.429913835999912 ], [ -70.538842034999902, -33.429891227999917 ], [ -70.538856325999916, -33.429823411999905 ], [ -70.538870240999927, -33.429755600999954 ], [ -70.538879350999935, -33.429707549999932 ], [ -70.538880523999921, -33.429701361999946 ], [ -70.538890242999912, -33.429642621999903 ], [ -70.538896973999954, -33.429597445999946 ], [ -70.538903195999922, -33.429547766999917 ], [ -70.538911187999929, -33.429516102999912 ], [ -70.538920417999918, -33.429475405999938 ], [ -70.538925475999918, -33.42945730699995 ], [ -70.538930857999901, -33.429439202999902 ], [ -70.538938928999926, -33.429412046999914 ], [ -70.5389455749999, -33.429389417999914 ], [ -70.538950931999921, -33.429357786999958 ], [ -70.538956209999924, -33.429321647999927 ], [ -70.538962696999931, -33.429290002999949 ], [ -70.53896894199994, -33.429253851999931 ], [ -70.538970210999935, -33.429231288999915 ], [ -70.53897147999993, -33.429208727999935 ], [ -70.538968904999933, -33.429181704999905 ], [ -70.538966491999929, -33.429154678999907 ], [ -70.538955854999926, -33.429118736999953 ], [ -70.53894312299991, -33.429073802999937 ], [ -70.538916964999942, -33.429015389999904 ], [ -70.538888017999909, -33.428942454999913 ], [ -70.538875642999926, -33.428911275999951 ], [ -70.538892568999927, -33.428912505999904 ], [ -70.538995019999902, -33.428919950999955 ], [ -70.538996603999919, -33.428920065999932 ], [ -70.53899808999995, -33.428920173999927 ], [ -70.539046572999951, -33.428939613999944 ], [ -70.539072014999931, -33.428949814999953 ], [ -70.539137938999943, -33.428976246999923 ], [ -70.539160186999936, -33.428978426999947 ], [ -70.539226123999924, -33.428984888999935 ], [ -70.539346039999941, -33.428996640999912 ], [ -70.53967149999994, -33.429029001999936 ], [ -70.541332458999932, -33.42922178099991 ], [ -70.543210546999944, -33.429439151999929 ], [ -70.543555294999919, -33.429479049999941 ], [ -70.544243598999913, -33.42955870499992 ], [ -70.547252803999925, -33.429906903999949 ], [ -70.54728943799995, -33.429919390999942 ], [ -70.547486936999917, -33.429941879999944 ], [ -70.547522991999926, -33.42994217599994 ], [ -70.547574679999911, -33.429942599999947 ], [ -70.549133491999953, -33.430108177999955 ], [ -70.551506194999945, -33.430360206999922 ], [ -70.551564907999932, -33.430362184999922 ], [ -70.553023282999902, -33.430521585999941 ], [ -70.55352085699991, -33.430565316999946 ], [ -70.553759937999928, -33.430586329999926 ], [ -70.554124546999901, -33.430618374999938 ], [ -70.554139968999948, -33.430619729999933 ], [ -70.554407049999952, -33.430641833999914 ], [ -70.554475315999923, -33.430640068999935 ], [ -70.5545368679999, -33.430626571999937 ], [ -70.554578617999937, -33.430594208999935 ], [ -70.554614881999953, -33.430551058999924 ], [ -70.554642691999902, -33.430481625999903 ], [ -70.554646568999942, -33.430476232999922 ], [ -70.554672681999932, -33.430439899999953 ], [ -70.554688179999914, -33.430418335999946 ], [ -70.555480246999934, -33.430456578999951 ], [ -70.556571951999899, -33.430510803999937 ], [ -70.557304330999898, -33.430547055999909 ], [ -70.557341418999954, -33.430547918999935 ], [ -70.557419058999926, -33.430549724999935 ], [ -70.557700784999952, -33.430556107999905 ], [ -70.558742952999921, -33.430593791999911 ], [ -70.559567995999942, -33.430629996999926 ], [ -70.559671110999943, -33.430634521999934 ], [ -70.559694088999947, -33.430632718999902 ], [ -70.559731371999931, -33.430629794999902 ], [ -70.56007240799994, -33.430644354999913 ], [ -70.560642255999937, -33.430683813999906 ], [ -70.561323688999948, -33.430717625999932 ], [ -70.562370126999951, -33.430769464999912 ], [ -70.563667181999904, -33.430822494999916 ], [ -70.563706339999953, -33.430823863999933 ], [ -70.563826979999931, -33.430826636999939 ], [ -70.565021515999945, -33.430877953999925 ], [ -70.565114576999918, -33.43088763499992 ], [ -70.565226913999936, -33.430895802999942 ], [ -70.565456500999915, -33.430903086999933 ], [ -70.565712014999917, -33.430911193999918 ], [ -70.56608684899993, -33.430920196999921 ], [ -70.566437744999917, -33.43092433299995 ], [ -70.566796236999949, -33.430937431999951 ], [ -70.567124384999943, -33.430946682999945 ], [ -70.56735208799995, -33.430955326999936 ], [ -70.568121228999928, -33.430984526999907 ], [ -70.568472007999901, -33.430990846999919 ], [ -70.570003775999908, -33.431036003999907 ], [ -70.570104680999918, -33.431040533999919 ], [ -70.570211263999909, -33.431040547999942 ], [ -70.570214008999926, -33.431040578999955 ], [ -70.570585525999945, -33.43104477299994 ], [ -70.5713493209999, -33.431070055999953 ], [ -70.572455868999953, -33.431101295999952 ], [ -70.57275192499992, -33.431109652999908 ], [ -70.573277834999942, -33.431127646999926 ], [ -70.573394599999915, -33.431131920999917 ], [ -70.57369336499994, -33.431143920999943 ], [ -70.573897461999934, -33.43115150999995 ], [ -70.574157464999928, -33.431162459999939 ], [ -70.574402081999949, -33.431169718999911 ], [ -70.574471820999918, -33.431171689999928 ], [ -70.574729880999939, -33.431180496999957 ], [ -70.574829459999933, -33.43117686599993 ], [ -70.574923904999935, -33.431171672999938 ], [ -70.575607604999902, -33.431183613999906 ], [ -70.575830106999945, -33.431198691999953 ], [ -70.576299983999945, -33.431218533999925 ], [ -70.576637622999954, -33.431228452999903 ], [ -70.576862164999909, -33.431235049999941 ], [ -70.578436469999929, -33.431284930999936 ], [ -70.578624913999931, -33.431290618999924 ], [ -70.578722693999907, -33.431289420999917 ], [ -70.578824591999933, -33.431292189999908 ], [ -70.579523770999913, -33.431336148999947 ], [ -70.579631134999943, -33.431353560999924 ], [ -70.580080231999943, -33.431381009999939 ], [ -70.580117408999911, -33.431383281999956 ], [ -70.580144707999921, -33.431384264999906 ], [ -70.58035911199994, -33.431391984999948 ], [ -70.581000776999929, -33.431440228999918 ], [ -70.58100231599991, -33.431440343999952 ], [ -70.581003084999907, -33.431440401999907 ], [ -70.581003853999903, -33.431440459999919 ], [ -70.58164486599992, -33.431484417999911 ], [ -70.581647080999915, -33.431484569999952 ], [ -70.581647634999911, -33.431484607999948 ], [ -70.581650403999902, -33.431484797999929 ], [ -70.581903551999915, -33.431501919999903 ], [ -70.58227960399995, -33.431527353999911 ], [ -70.582285825999918, -33.43152777499995 ], [ -70.582299425999906, -33.431528467999954 ], [ -70.58232030399995, -33.43152953099991 ], [ -70.582376519999912, -33.431532392999941 ], [ -70.582417382999949, -33.431534472999942 ], [ -70.582434905999946, -33.431535364999945 ], [ -70.583157564999908, -33.431581675999951 ], [ -70.583283724999944, -33.431586213999935 ], [ -70.583475134999901, -33.431593723999924 ], [ -70.583620144999941, -33.431588553999916 ], [ -70.583767967999904, -33.431593690999932 ], [ -70.583906888999934, -33.431601959999909 ], [ -70.584226577999914, -33.431620987999906 ], [ -70.584267738999927, -33.431632107999917 ], [ -70.58448782499994, -33.431691575999935 ], [ -70.584487878999937, -33.431691592999925 ], [ -70.584509673999946, -33.431697469999904 ], [ -70.584486105999929, -33.431716403999928 ], [ -70.584474426999918, -33.431725785999902 ], [ -70.584463049999954, -33.431734925999933 ], [ -70.584434005999924, -33.431758257999945 ], [ -70.584425740999905, -33.431764896999937 ], [ -70.584423711999932, -33.431767669999942 ], [ -70.584412865999923, -33.431782492999957 ], [ -70.584397805999913, -33.431803075999937 ], [ -70.584391768999922, -33.431811326999934 ], [ -70.584388757999932, -33.431815441999902 ], [ -70.584360308999919, -33.431854323999914 ], [ -70.584289723999916, -33.431950792999942 ], [ -70.584165853999934, -33.432124229999943 ], [ -70.583875453999951, -33.432479311999941 ], [ -70.583826674999898, -33.432532653999942 ], [ -70.583731492999902, -33.432636739999907 ], [ -70.583710542999938, -33.432659648999902 ], [ -70.583709206999913, -33.432661109999913 ], [ -70.583445384999948, -33.432901171999902 ], [ -70.583401102999915, -33.432941465999932 ], [ -70.583282643999951, -33.433032036999919 ], [ -70.583201175999932, -33.433094325999946 ], [ -70.583145427999909, -33.433136949999948 ], [ -70.583128913999928, -33.433149576999938 ], [ -70.582999287999939, -33.433248685999956 ], [ -70.582497041999943, -33.433602162999932 ], [ -70.582324663999941, -33.433705494999913 ], [ -70.582300177999912, -33.433717718999958 ], [ -70.58224025699991, -33.433747632999939 ], [ -70.582233849999909, -33.433750830999941 ], [ -70.582232169999941, -33.433751669999936 ], [ -70.582231312999909, -33.433752097999957 ], [ -70.582174302999931, -33.433786788999953 ], [ -70.581727606999948, -33.434058601999936 ], [ -70.581673577999936, -33.434091477999914 ], [ -70.580754451999951, -33.434650762999922 ], [ -70.580718318999914, -33.434672717999945 ], [ -70.580411917999925, -33.434847972999933 ], [ -70.580188703999909, -33.43499511199991 ], [ -70.580031291999944, -33.435079867999946 ], [ -70.579993015999946, -33.435100476999935 ], [ -70.579819865999923, -33.435193706999939 ], [ -70.579623043999902, -33.435313453999925 ], [ -70.579578985999945, -33.435332630999937 ], [ -70.57951632299995, -33.435359904999927 ], [ -70.579386566999915, -33.435433704999923 ], [ -70.578539470999942, -33.435877374999905 ], [ -70.57844319499992, -33.435922685999913 ], [ -70.578322827999898, -33.435979334999956 ], [ -70.578176799999937, -33.436045595999929 ], [ -70.578077445999952, -33.436090678999904 ], [ -70.577993084999946, -33.436109789999932 ], [ -70.577768557999946, -33.436184793999928 ], [ -70.577483019999931, -33.436253959999931 ], [ -70.577482968999902, -33.436253971999918 ], [ -70.577435056999946, -33.436265577999905 ], [ -70.577434554999911, -33.436265698999932 ], [ -70.577398566999932, -33.43627435499991 ], [ -70.577385232999916, -33.43627756199993 ], [ -70.577312907999953, -33.436294958999952 ], [ -70.577018878999922, -33.436365680999927 ], [ -70.576935870999932, -33.436366736999958 ], [ -70.576913298999898, -33.436371839999936 ], [ -70.576766811999903, -33.436404959999948 ], [ -70.576458347999903, -33.436485538999932 ], [ -70.576261873999954, -33.43656920199993 ], [ -70.576202452999951, -33.436610539999947 ], [ -70.575846653999918, -33.436750338999957 ], [ -70.575448662999918, -33.436917726999923 ], [ -70.575237471999912, -33.437024121999912 ], [ -70.575074961999917, -33.437086221999948 ], [ -70.575042176999943, -33.437098749999905 ], [ -70.574705608999921, -33.437266335999936 ], [ -70.574689041999932, -33.437274584999955 ], [ -70.574497666999946, -33.437378891999913 ], [ -70.574082669999939, -33.437605080999958 ], [ -70.574039649999918, -33.437628528999937 ], [ -70.574014888999898, -33.437642024999946 ], [ -70.573969049999903, -33.437667008999938 ], [ -70.573870712999906, -33.437726464999912 ], [ -70.573869672999933, -33.437727093999911 ], [ -70.57385213099991, -33.437737699999957 ], [ -70.573851984999919, -33.437737787999936 ], [ -70.573833767999929, -33.43774880199993 ], [ -70.573825757999941, -33.43775364399994 ], [ -70.573739444999944, -33.437805830999935 ], [ -70.573736868999902, -33.437807388999943 ], [ -70.573736696999902, -33.437807491999934 ], [ -70.573637611999914, -33.437867400999949 ], [ -70.573636698999906, -33.437869355999908 ], [ -70.573616596999898, -33.437912417999939 ], [ -70.573614548999899, -33.437916805999919 ], [ -70.573613595999916, -33.437918846999935 ], [ -70.573606363999943, -33.437934338999924 ], [ -70.573606336999944, -33.437934370999926 ], [ -70.573537740999939, -33.438081343999954 ], [ -70.573526861999937, -33.438103374999912 ], [ -70.573508261999905, -33.438141044999952 ], [ -70.573463295999943, -33.438232110999934 ], [ -70.573459407999906, -33.438239985999928 ], [ -70.573456409999949, -33.43824991799994 ], [ -70.573455410999941, -33.438253227999951 ], [ -70.573402954999949, -33.438427013999956 ], [ -70.573396204999938, -33.438450665999937 ], [ -70.573354723999898, -33.438596022999945 ], [ -70.573348309999915, -33.438624851999919 ], [ -70.573344259999942, -33.438643049999939 ], [ -70.573332053999934, -33.438697910999906 ], [ -70.573283572999912, -33.438915804999908 ], [ -70.573282657999926, -33.438920668999913 ], [ -70.57323352599991, -33.439181725999958 ], [ -70.573216707999904, -33.439271091999956 ], [ -70.573182184999951, -33.439454527999942 ], [ -70.57318141199994, -33.439458659999957 ], [ -70.573152070999924, -33.439615470999911 ], [ -70.573143208999909, -33.439662830999907 ], [ -70.573091174999945, -33.439982154999939 ], [ -70.573042656999917, -33.44027990099994 ], [ -70.572977938999941, -33.440677056999903 ], [ -70.57293534899992, -33.440938420999942 ], [ -70.572914018999938, -33.441069321999919 ], [ -70.572908209999923, -33.441104970999902 ], [ -70.572881343999939, -33.441269839999904 ], [ -70.572859505999929, -33.441403861999902 ], [ -70.572859429999937, -33.44140432599994 ], [ -70.572859422999898, -33.441404365999915 ], [ -70.572844281999949, -33.44149062799994 ], [ -70.572823039999946, -33.441611511999952 ], [ -70.572777405999943, -33.441871199999923 ], [ -70.572708001999899, -33.442266159999917 ], [ -70.57267369099992, -33.442461415999958 ], [ -70.57266306899993, -33.442521863999957 ], [ -70.572662420999904, -33.44252555199995 ], [ -70.572550360999912, -33.443163255999934 ], [ -70.572530683999901, -33.443275228999937 ], [ -70.572517329999926, -33.443351224999958 ], [ -70.572470356999929, -33.443618535999917 ], [ -70.572459372999901, -33.443681042999913 ], [ -70.572457646999908, -33.443690872999923 ], [ -70.572457154999938, -33.443693674999906 ], [ -70.572421181999914, -33.443898378999904 ], [ -70.572420397999906, -33.443902842999933 ], [ -70.572419905999936, -33.443905644999916 ], [ -70.572409909999919, -33.443962527999929 ], [ -70.57240941799995, -33.443965329999912 ], [ -70.572403625999925, -33.443998285999953 ], [ -70.572403133999899, -33.444001087999936 ], [ -70.572385198999939, -33.444103144999929 ], [ -70.572380374999909, -33.444130597999958 ], [ -70.572302626999942, -33.444573016999925 ], [ -70.572296223999899, -33.444609453999931 ], [ -70.572257030999936, -33.44483247699992 ], [ -70.572255364999933, -33.444841956999937 ], [ -70.572175431999938, -33.445296809999945 ], [ -70.572141418999934, -33.445490360999941 ], [ -70.572080139999912, -33.445839064999916 ], [ -70.572067262999951, -33.44591233999995 ], [ -70.572064111999907, -33.445930270999952 ], [ -70.572049031999939, -33.446016081999915 ], [ -70.572004244999903, -33.446270935999905 ], [ -70.571984050999902, -33.44638584799992 ], [ -70.571906804999912, -33.446825407999938 ], [ -70.571888843999943, -33.446927615999925 ], [ -70.57185077999992, -33.447144212999945 ], [ -70.571830881999915, -33.447264193999956 ], [ -70.571793419999949, -33.447490089999917 ], [ -70.571744875999912, -33.447782810999911 ], [ -70.57174465199995, -33.447784160999902 ], [ -70.571704495999938, -33.448026303999939 ], [ -70.571704354999952, -33.448027149999916 ], [ -70.5717042469999, -33.44802779999992 ], [ -70.571660391999899, -33.448272923999923 ], [ -70.571643962999929, -33.44836474899995 ], [ -70.571514127999933, -33.449090430999945 ], [ -70.571510814999954, -33.449108949999925 ], [ -70.571494960999928, -33.449197560999949 ], [ -70.571479114999931, -33.449286127999926 ], [ -70.571466000999919, -33.449359345999937 ], [ -70.571426625999948, -33.449579191999931 ], [ -70.571374428999945, -33.449870624999903 ], [ -70.571347095999897, -33.450023233999957 ], [ -70.57129066199991, -33.45033832799993 ], [ -70.571249935999901, -33.450565708999932 ], [ -70.571238812999923, -33.450627810999947 ], [ -70.571216899999911, -33.450750158999938 ], [ -70.57121051699994, -33.450785796999924 ], [ -70.571175465999943, -33.450981501999934 ], [ -70.571124350999924, -33.451266897999915 ], [ -70.571091260999935, -33.451451650999957 ], [ -70.571070723999924, -33.451566313999933 ], [ -70.57104617199991, -33.451703396999903 ], [ -70.57104458099991, -33.451712279999924 ], [ -70.571044517999951, -33.451712640999915 ], [ -70.571044510999911, -33.451712667999914 ], [ -70.571044366999899, -33.451713472999927 ], [ -70.571010826999952, -33.451900740999918 ], [ -70.570977543999902, -33.452086571999928 ], [ -70.570956114999944, -33.452206215999922 ], [ -70.570914307999942, -33.45243963899992 ], [ -70.570908298999939, -33.45247319099991 ], [ -70.570889193999903, -33.452598834999947 ], [ -70.570871757999953, -33.452767243999915 ], [ -70.570870992999915, -33.452774627999929 ], [ -70.570869285999947, -33.452832174999912 ], [ -70.570867116999921, -33.45290527599991 ], [ -70.570865675999926, -33.452953840999953 ], [ -70.570863276999944, -33.453057774999934 ], [ -70.570864293999932, -33.453114153999934 ], [ -70.570864532999906, -33.453127427999902 ], [ -70.570869430999949, -33.45339899499993 ], [ -70.57086976599993, -33.453417588999912 ], [ -70.570877085999939, -33.453450023999949 ], [ -70.570906446999913, -33.45358013099991 ], [ -70.570906459999946, -33.453580196999951 ], [ -70.57095510399995, -33.453795743999933 ], [ -70.570971222999901, -33.453867171999946 ], [ -70.570977450999919, -33.453894770999909 ], [ -70.570985084999904, -33.453928597999948 ], [ -70.571070659999918, -33.454307803999939 ], [ -70.571083462999923, -33.454364535999957 ], [ -70.571102802999917, -33.454431270999919 ], [ -70.571238864999941, -33.454900764999934 ], [ -70.571285617999933, -33.45506208899991 ], [ -70.571324106999953, -33.455194899999924 ], [ -70.571339431999945, -33.455247779999922 ], [ -70.571394986999906, -33.455439474999935 ], [ -70.571425563999924, -33.455544983999914 ], [ -70.571438561999912, -33.455589834999955 ], [ -70.571444824999901, -33.455611445999921 ], [ -70.571470900999941, -33.455701421999947 ], [ -70.571575994999932, -33.456149698999923 ], [ -70.571576221999919, -33.456150666999918 ], [ -70.571609167999952, -33.456291195999938 ], [ -70.571631064999906, -33.456384595999907 ], [ -70.571664536999947, -33.456527364999943 ], [ -70.571699043999899, -33.45667454799991 ], [ -70.571754979999923, -33.456913138999937 ], [ -70.571807922999938, -33.457138957999916 ], [ -70.571864525999899, -33.457380394999916 ], [ -70.571949547999907, -33.457680840999956 ], [ -70.571966458999952, -33.457740603999923 ], [ -70.571988184999952, -33.457817376999913 ], [ -70.572000006999929, -33.457859151999912 ], [ -70.57210194299995, -33.458219365999923 ], [ -70.572346769999911, -33.458843601999945 ], [ -70.572368282999946, -33.458898452999904 ], [ -70.572386840999911, -33.458945769999957 ], [ -70.572386932999905, -33.458946005999906 ], [ -70.572389514999941, -33.45895258999991 ], [ -70.572390373999951, -33.458954779999942 ], [ -70.57239080599993, -33.458955880999952 ], [ -70.57238424499991, -33.458958362999908 ], [ -70.572289593999926, -33.458994166999958 ], [ -70.572289483999953, -33.458994208999911 ], [ -70.572247483999945, -33.459010096999918 ], [ -70.572239157999945, -33.459013246999916 ], [ -70.572192343999916, -33.459030955999935 ], [ -70.572162328999923, -33.459042309999916 ], [ -70.572141694999914, -33.459050114999911 ], [ -70.572141608999914, -33.459050146999914 ], [ -70.572141365999926, -33.459050239999954 ], [ -70.572047312999928, -33.459079238999948 ], [ -70.571470289999922, -33.459257153999943 ], [ -70.571314282999936, -33.459313241999951 ], [ -70.571023533999949, -33.459412 ], [ -70.570376568999905, -33.459631749999915 ], [ -70.569778793999944, -33.459873647999927 ], [ -70.569778696999947, -33.459873686999913 ], [ -70.569778406999944, -33.459873804999916 ], [ -70.569282629999918, -33.460069468999905 ], [ -70.569204792999926, -33.460097392999955 ], [ -70.569204707999916, -33.460097422999922 ], [ -70.569204456999898, -33.460097513999926 ], [ -70.569143926999914, -33.460134352999944 ], [ -70.568717549999917, -33.460291537999922 ], [ -70.567370635999907, -33.460788075999915 ], [ -70.567303657999901, -33.460831995999911 ], [ -70.567302872999903, -33.460832510999921 ], [ -70.567302570999914, -33.460832708999931 ], [ -70.567302377999908, -33.460832835999952 ], [ -70.567300517999911, -33.460834054999907 ], [ -70.567199218999917, -33.460857760999943 ], [ -70.567188762999933, -33.460860207999929 ], [ -70.567178306999949, -33.460862654999914 ], [ -70.56616084399991, -33.461202185999923 ], [ -70.565815985999905, -33.461317263999945 ], [ -70.565815709999924, -33.461317358999906 ], [ -70.565815617999931, -33.46131738999992 ], [ -70.565501186999938, -33.461424951999902 ], [ -70.565403258999936, -33.461462167999912 ], [ -70.565403194999931, -33.461462191999942 ], [ -70.565403003999904, -33.461462264999909 ], [ -70.565207809999947, -33.461529345999907 ], [ -70.565117096999927, -33.46156052099991 ], [ -70.565117023999903, -33.46156054599993 ], [ -70.565116937999903, -33.461560572999929 ], [ -70.565116760999899, -33.461560626999926 ], [ -70.565037753999945, -33.461583721999943 ], [ -70.565037401999916, -33.461583824999934 ], [ -70.565037021999899, -33.461583935999954 ], [ -70.565036341999928, -33.461584134999953 ], [ -70.564834355999949, -33.461649732999945 ], [ -70.564834291999944, -33.46164975399995 ], [ -70.564834097999949, -33.461649816999909 ], [ -70.564510810999934, -33.461753099999953 ], [ -70.5645103519999, -33.461753257999931 ], [ -70.564510198999926, -33.461753309999949 ], [ -70.564430579999907, -33.461780664999935 ], [ -70.564211608999926, -33.461855895999918 ], [ -70.564211469999918, -33.461855943999922 ], [ -70.56421105499993, -33.461856085999955 ], [ -70.564127091999922, -33.461887839999918 ], [ -70.564026907999903, -33.461925727999926 ], [ -70.564026683999941, -33.461925811999947 ], [ -70.563573577999932, -33.462080447999938 ], [ -70.563573484999949, -33.462080479999941 ], [ -70.563573205999944, -33.462080574999902 ], [ -70.563498501999902, -33.462106219999953 ], [ -70.563490944999899, -33.462108813999919 ], [ -70.563483388999941, -33.462111407999942 ], [ -70.563398893999931, -33.462140413999919 ], [ -70.563301383999942, -33.462173887999938 ], [ -70.563082693999945, -33.462248960999943 ], [ -70.563082593999923, -33.462248994999925 ], [ -70.563082293999912, -33.462249097999916 ], [ -70.562969255999917, -33.46228650899991 ], [ -70.562969186999908, -33.462286531999951 ], [ -70.562968980999926, -33.462286599999914 ], [ -70.56258921999995, -33.462410221999903 ], [ -70.56256585999995, -33.462417825999921 ], [ -70.562565768999946, -33.462417855999945 ], [ -70.562565677999942, -33.462417885999912 ], [ -70.562565495999934, -33.462417944999913 ], [ -70.562463687999923, -33.462447100999952 ], [ -70.562460227999907, -33.462447961999942 ], [ -70.562450120999927, -33.462450477999937 ], [ -70.562352664999935, -33.462474737999912 ], [ -70.562266648999923, -33.462488260999919 ], [ -70.562228229999903, -33.462494300999936 ], [ -70.562228155999946, -33.462494312999922 ], [ -70.562227934999953, -33.462494346999904 ], [ -70.562209382999924, -33.462496384999952 ], [ -70.562043441999947, -33.462514709999937 ], [ -70.562042469999938, -33.462514721999923 ], [ -70.562041498999918, -33.46251473399991 ], [ -70.562022001999935, -33.462514979999924 ], [ -70.561487348999947, -33.462521715999912 ], [ -70.561484686999904, -33.462521703999926 ], [ -70.561428883999952, -33.462521452999908 ], [ -70.561384310999927, -33.462521251999931 ], [ -70.561223944999938, -33.462520527999914 ], [ -70.561223886999926, -33.462520527999914 ], [ -70.561223828999914, -33.462520527999914 ], [ -70.561223713999937, -33.462520528999903 ], [ -70.56104466499994, -33.46252278299994 ], [ -70.560911921999946, -33.462524453999947 ], [ -70.560911879999935, -33.462524454999937 ], [ -70.560911835999946, -33.462524455999926 ], [ -70.560911750999935, -33.462524455999926 ], [ -70.560486419999904, -33.462525303999939 ], [ -70.560485405999941, -33.462525347999929 ], [ -70.560485069999913, -33.462525361999951 ], [ -70.560430394999912, -33.462527706999936 ], [ -70.560197065999944, -33.462537712999904 ], [ -70.560190199999909, -33.462538006999921 ], [ -70.560188738999898, -33.462538069999937 ], [ -70.560177859999953, -33.462538839999922 ], [ -70.560170961999916, -33.462539327999934 ], [ -70.560143987999936, -33.462541235999936 ], [ -70.560122677999914, -33.462542743999904 ], [ -70.560012457999903, -33.462550540999928 ], [ -70.559933986999908, -33.462556091999943 ], [ -70.559892292999905, -33.462559041999953 ], [ -70.559878230999914, -33.462560036999946 ], [ -70.559878197999922, -33.462560038999925 ], [ -70.559878166999908, -33.462560038999925 ], [ -70.559863655999948, -33.462560094999958 ], [ -70.559853215999908, -33.462560133999943 ], [ -70.558690499999898, -33.462564467999925 ], [ -70.55868800199994, -33.462564476999944 ], [ -70.558685503999925, -33.462564486999952 ], [ -70.558635058999926, -33.462564674999953 ], [ -70.558631488999936, -33.462564687999929 ], [ -70.558627918999946, -33.462564701999952 ], [ -70.558539363999898, -33.462565031999929 ], [ -70.558469250999906, -33.462565293999944 ], [ -70.558466288999909, -33.462565304999941 ], [ -70.558465878999925, -33.46256530699992 ], [ -70.558463736999897, -33.462565314999949 ], [ -70.558378861999927, -33.462565631999951 ], [ -70.558334476999903, -33.462565797999957 ], [ -70.558293396999943, -33.462565950999931 ], [ -70.557836254999927, -33.462567659999934 ], [ -70.55775185899995, -33.462569238999947 ], [ -70.557424099999935, -33.462575370999957 ], [ -70.556368092999946, -33.462595120999936 ], [ -70.556368059999897, -33.462595121999925 ], [ -70.556368028999941, -33.462595121999925 ], [ -70.555463490999898, -33.462600816999952 ], [ -70.554926391999913, -33.462604198999941 ], [ -70.55473414699992, -33.462605338999936 ], [ -70.5544913949999, -33.462606777999952 ], [ -70.553563133999944, -33.462612276999948 ], [ -70.553563107999935, -33.462612276999948 ], [ -70.55356306199991, -33.462612277999938 ], [ -70.55340932799993, -33.462614203999919 ], [ -70.552972709999949, -33.462619674999928 ], [ -70.552972636999925, -33.462619675999917 ], [ -70.552972415999932, -33.462619678999943 ], [ -70.551804637999908, -33.462634304999938 ], [ -70.551688258999945, -33.462635761999934 ], [ -70.551582064999934, -33.46263709099992 ], [ -70.551401173999921, -33.462639354999908 ], [ -70.551388007999947, -33.462639519999925 ], [ -70.551379070999928, -33.462639631999934 ], [ -70.551327881999953, -33.46264027299992 ], [ -70.551320065999903, -33.462640370999907 ], [ -70.55131745999995, -33.462640402999909 ], [ -70.55131726399992, -33.462640404999945 ], [ -70.5513033659999, -33.462640578999924 ], [ -70.551257901999918, -33.462641148999921 ], [ -70.551241628999946, -33.462641352999924 ], [ -70.550924815999906, -33.462645316999954 ], [ -70.550922288999914, -33.462646547999952 ], [ -70.550921446999951, -33.462646957999937 ], [ -70.550876656999947, -33.462668777999909 ], [ -70.550872234999929, -33.462670931999924 ], [ -70.550867812999911, -33.462673085999938 ], [ -70.550824871999907, -33.462679976999937 ], [ -70.550593549999917, -33.462717099999907 ], [ -70.550089477999904, -33.462809079999943 ], [ -70.550043215999949, -33.462817356999949 ], [ -70.549249524999937, -33.462959366999939 ], [ -70.548900416999913, -33.46301699199995 ], [ -70.548126401999923, -33.463144749999913 ], [ -70.547703469999931, -33.463216636999903 ], [ -70.547697331999927, -33.463217679999957 ], [ -70.547639643999901, -33.463227485999937 ], [ -70.547632584999917, -33.463227573999916 ], [ -70.547629141999948, -33.463227616999916 ], [ -70.547625524999944, -33.463227661999952 ], [ -70.547563853999918, -33.463236863999953 ], [ -70.54753712899992, -33.463240851999956 ], [ -70.547481964999918, -33.463249083999926 ], [ -70.547481630999926, -33.463249133999909 ], [ -70.547481295999944, -33.463249183999949 ], [ -70.54742766499993, -33.463257186999954 ], [ -70.547389333999945, -33.463262388999908 ], [ -70.547304613999927, -33.463273885999911 ], [ -70.547025140999949, -33.463311813999951 ], [ -70.546524949999935, -33.46337667499995 ], [ -70.546087285999931, -33.463440754999908 ], [ -70.545516241999906, -33.463511005999919 ], [ -70.544883499999912, -33.463591041999905 ], [ -70.544846936999932, -33.463596006999921 ], [ -70.544658271999936, -33.463616915999921 ], [ -70.544388513999934, -33.463646810999933 ], [ -70.544232540999928, -33.463648754999952 ], [ -70.544120434999911, -33.463641133999943 ], [ -70.543999268999926, -33.463615587999925 ], [ -70.543899794999902, -33.463580752999917 ], [ -70.543808650999949, -33.463546946999941 ], [ -70.54380791299991, -33.463546672999939 ], [ -70.543805698999904, -33.463545851999925 ], [ -70.543679251999947, -33.463492470999938 ], [ -70.543672153999921, -33.463489473999914 ], [ -70.543668604999937, -33.463487975999954 ], [ -70.543665055999952, -33.463486477999936 ], [ -70.5436396959999, -33.463475771999924 ], [ -70.543586436999931, -33.463449379999929 ], [ -70.54305770499991, -33.463212471999952 ], [ -70.54261319099993, -33.463011071999915 ], [ -70.542418402999942, -33.462922815999946 ], [ -70.542347153999913, -33.46289044699995 ], [ -70.542321795999953, -33.462878925999917 ], [ -70.542308140999921, -33.462876841999957 ], [ -70.542294485999946, -33.462874756999952 ], [ -70.54229055299993, -33.462873814999909 ], [ -70.542289240999935, -33.462873500999933 ], [ -70.542205001999946, -33.462853323999923 ], [ -70.542109528999902, -33.462854511999922 ], [ -70.542032033999931, -33.462864494999906 ], [ -70.541931005999913, -33.462874769999928 ], [ -70.541533534999928, -33.462870719999955 ], [ -70.541533270999935, -33.46287071699993 ], [ -70.541532483999902, -33.462870708999958 ], [ -70.541528773999914, -33.462870988999953 ], [ -70.541522435999923, -33.46287146599991 ], [ -70.541519268999934, -33.462871703999951 ], [ -70.54151536899991, -33.462871996999922 ], [ -70.541462276999937, -33.462875992999955 ], [ -70.541312086999937, -33.462887295999906 ], [ -70.541110002999915, -33.462902503999942 ], [ -70.541004476999944, -33.46291044499992 ], [ -70.540871379999942, -33.462920460999953 ], [ -70.540802513999949, -33.462925643999938 ], [ -70.540671163999946, -33.462935528999935 ], [ -70.54013710299995, -33.46299108799991 ], [ -70.540080511999918, -33.462996975999943 ], [ -70.540080459999899, -33.462996980999947 ], [ -70.539815928999928, -33.463072202999911 ], [ -70.539815734999934, -33.463072257999954 ], [ -70.53981553999995, -33.463072312999941 ], [ -70.539815150999914, -33.463072423999904 ], [ -70.539490396999952, -33.463158050999937 ], [ -70.539428833999921, -33.463174282999944 ], [ -70.539419288999909, -33.463176799999928 ], [ -70.539409744999944, -33.463179315999923 ], [ -70.539384410999901, -33.463185995999936 ], [ -70.539078619999941, -33.463275900999918 ], [ -70.539072605999934, -33.463277668999922 ], [ -70.539067631999899, -33.463279130999922 ], [ -70.539066136999907, -33.46327957099993 ], [ -70.539058697999906, -33.463281757999937 ], [ -70.539014623999947, -33.46329407099995 ], [ -70.539013764999936, -33.463294310999913 ], [ -70.539010695999934, -33.463295213999913 ], [ -70.539010196999925, -33.46329536099995 ], [ -70.539007881999908, -33.463296042999957 ], [ -70.539007480999942, -33.463296160999903 ], [ -70.53900165899995, -33.463297875999956 ], [ -70.538995714999942, -33.463299625999923 ], [ -70.538591026999939, -33.463418793999949 ], [ -70.538550139999927, -33.463430833999951 ], [ -70.538550012999906, -33.463430869999911 ], [ -70.538549948999901, -33.463430887999948 ], [ -70.538103167999907, -33.463558126999942 ], [ -70.538103142999944, -33.463558134999914 ], [ -70.538023945999953, -33.463581504999922 ], [ -70.537692059999927, -33.46367943599995 ], [ -70.537640927999917, -33.463694523999948 ], [ -70.537640831999909, -33.463694551999936 ], [ -70.537640735999901, -33.463694579999924 ], [ -70.537640543999942, -33.463694636999946 ], [ -70.537561936999907, -33.463716145999911 ], [ -70.537373136999918, -33.463767804999918 ], [ -70.537283464999916, -33.46379234099993 ], [ -70.537188431999937, -33.463818343999947 ], [ -70.537139992999926, -33.46383159699991 ], [ -70.537139967999906, -33.463831604999939 ], [ -70.537139934999914, -33.463831614999947 ], [ -70.537101377999932, -33.463843212999905 ], [ -70.537013834999925, -33.463869548999924 ], [ -70.53671821599994, -33.463958480999906 ], [ -70.536718118999943, -33.463958509999941 ], [ -70.536718022999935, -33.463958538999918 ], [ -70.53671782999993, -33.46395859699993 ], [ -70.536446866999938, -33.464034025999922 ], [ -70.535904067999923, -33.464185125999904 ], [ -70.535856060999947, -33.464204791999919 ], [ -70.535813868999924, -33.464222064999944 ], [ -70.535813811999901, -33.464222087999929 ], [ -70.535813754999936, -33.464222110999913 ], [ -70.535813696999924, -33.464222134999943 ], [ -70.535813637999922, -33.464222151999934 ], [ -70.535813499999904, -33.464222191999909 ], [ -70.535813253999947, -33.464222263999943 ], [ -70.535692894999897, -33.464241852999919 ], [ -70.535667582999906, -33.464249155999937 ], [ -70.535564834999946, -33.464278799999931 ], [ -70.534387138999932, -33.464618579999922 ], [ -70.534386972999926, -33.464618626999936 ], [ -70.53438647999991, -33.464618769999902 ], [ -70.534284776999925, -33.464629047999949 ], [ -70.534277350999901, -33.464631239999903 ], [ -70.534091911999951, -33.464685986999939 ], [ -70.533679290999942, -33.464807802999928 ], [ -70.533679211999925, -33.464807825999912 ], [ -70.53367897499993, -33.464807895999911 ], [ -70.533630577999929, -33.464822400999935 ], [ -70.533626320999929, -33.464823676999913 ], [ -70.533622064999918, -33.464824951999958 ], [ -70.533586281999931, -33.46483567699994 ], [ -70.533574862999899, -33.464839098999903 ], [ -70.533563444999913, -33.464842520999923 ], [ -70.533288372999948, -33.46492496299993 ], [ -70.533114025999907, -33.464977216999955 ], [ -70.533065554999951, -33.464986749999923 ], [ -70.533065528999941, -33.464986755999917 ], [ -70.533065502999932, -33.464986759999931 ], [ -70.533065453999939, -33.464986770999928 ], [ -70.533016178999901, -33.46499646399991 ], [ -70.532940703999941, -33.465018224999938 ], [ -70.532782005999934, -33.465063980999957 ], [ -70.532396710999933, -33.46517506999993 ], [ -70.532396343999949, -33.465175175999946 ], [ -70.532395243999929, -33.465175492999947 ], [ -70.532020465999949, -33.465279328999941 ], [ -70.5320183689999, -33.465279955999904 ], [ -70.532017319999909, -33.465280269999937 ], [ -70.532016270999918, -33.465280583999913 ], [ -70.531885718999945, -33.46531964299993 ], [ -70.531449808999923, -33.46545005899992 ], [ -70.531438193999918, -33.465453533999948 ], [ -70.531409936999921, -33.465461987999902 ], [ -70.531378822999898, -33.465471296999908 ], [ -70.531365382999923, -33.465475317999903 ], [ -70.531335395999918, -33.465484288999903 ], [ -70.531326311999919, -33.465487006999922 ], [ -70.531323036999936, -33.465487986999904 ], [ -70.531318155999941, -33.465489446999925 ], [ -70.531304190999947, -33.465493624999908 ], [ -70.531305962999909, -33.465483103999929 ], [ -70.531307855999898, -33.465471861999902 ], [ -70.531310004999909, -33.465459098999929 ], [ -70.53131215399992, -33.465446335999957 ], [ -70.531314150999947, -33.465434474999938 ], [ -70.531319696999901, -33.465401534999955 ], [ -70.531319714999938, -33.46540142899994 ], [ -70.531330194999953, -33.465339185999937 ], [ -70.53129236399991, -33.465271205999954 ], [ -70.531274760999906, -33.465239574999941 ], [ -70.531274435999933, -33.465238989999932 ], [ -70.531272261999902, -33.465235083999914 ], [ -70.531263523999939, -33.46521938199993 ], [ -70.531258199999911, -33.465209814999923 ], [ -70.531210725999927, -33.465124505999938 ], [ -70.531199863999916, -33.46510498799995 ], [ -70.531188242999917, -33.465084105999949 ], [ -70.531157457999939, -33.465028785999948 ], [ -70.531096011999921, -33.464918369999907 ], [ -70.531071052999948, -33.464873520999902 ], [ -70.531046585999945, -33.464829553999948 ], [ -70.530984257999933, -33.464717553999947 ], [ -70.530965084999934, -33.464683101999924 ], [ -70.530941263999921, -33.464627170999904 ], [ -70.530925096999908, -33.464589209999929 ], [ -70.530910706999919, -33.464555421999933 ], [ -70.530897452999909, -33.46452557799995 ], [ -70.530876925999905, -33.464479358999938 ], [ -70.5308564259999, -33.464433202999942 ], [ -70.53082708799991, -33.464353669999923 ], [ -70.530812277999928, -33.464313519999905 ], [ -70.530810171999917, -33.464307810999912 ], [ -70.530798263999941, -33.464275529999952 ], [ -70.530791425999951, -33.46425058299991 ], [ -70.530771386999902, -33.464177480999922 ], [ -70.530756484999927, -33.464123115999939 ], [ -70.530737636999902, -33.46400746899991 ], [ -70.530735432999904, -33.463993948999928 ], [ -70.530723614999943, -33.463921436999954 ], [ -70.530723122999916, -33.463915200999907 ], [ -70.530721165999921, -33.463890368999955 ], [ -70.530714345999911, -33.463803840999958 ], [ -70.530714320999948, -33.46380352999995 ], [ -70.530709643999899, -33.463744190999932 ], [ -70.530706840999926, -33.463708634999932 ], [ -70.530704872999934, -33.463673031999917 ], [ -70.530700905999936, -33.463601257999926 ], [ -70.530700002999936, -33.463584919999903 ], [ -70.530694371999914, -33.463483040999904 ], [ -70.530686180999908, -33.463334848999921 ], [ -70.530679452999948, -33.46321312099991 ], [ -70.530677868999931, -33.463184456999954 ], [ -70.53067244999994, -33.463086423999926 ], [ -70.530670241999928, -33.463046483999904 ], [ -70.530668346999903, -33.46301219299994 ], [ -70.53066264499995, -33.462909030999924 ], [ -70.530660850999936, -33.462896183999931 ], [ -70.530652232999898, -33.462834448999956 ], [ -70.530650490999903, -33.462821968999947 ], [ -70.530648502999952, -33.462807733999909 ], [ -70.530645787999902, -33.46276423899991 ], [ -70.530645238999909, -33.46275543999991 ], [ -70.530643908999934, -33.462734132999913 ], [ -70.530643709999936, -33.462730946999955 ], [ -70.530643464999912, -33.462727017999953 ], [ -70.530643382999926, -33.462725707999937 ], [ -70.530643211999916, -33.462722968999913 ], [ -70.530638352999915, -33.462645136999924 ], [ -70.530637663999926, -33.46263410499995 ], [ -70.530632968999953, -33.462558884999908 ], [ -70.530625762999932, -33.462501488999919 ], [ -70.530617796999934, -33.462438041999917 ], [ -70.530613343999903, -33.462402573999952 ], [ -70.530611371999953, -33.462386871999911 ], [ -70.530608637999933, -33.462365097999907 ], [ -70.530589647999932, -33.462283987999911 ], [ -70.530589582999937, -33.462283709999951 ], [ -70.530584374999933, -33.462261463999937 ], [ -70.530566717999932, -33.462186050999946 ], [ -70.530564779999906, -33.462177771999905 ], [ -70.530562397999915, -33.462169494999955 ], [ -70.530558902999928, -33.462157347999948 ], [ -70.530556500999921, -33.462148998999908 ], [ -70.53051243099992, -33.461995844999933 ], [ -70.530486915999916, -33.461907172999929 ], [ -70.530458929999952, -33.461809915999936 ], [ -70.530454046999921, -33.461792947999925 ], [ -70.530436244999919, -33.461731081999915 ], [ -70.530424824999898, -33.461691393999956 ], [ -70.53040595199991, -33.461625804999926 ], [ -70.530349908999938, -33.461431041999958 ], [ -70.530322784999953, -33.461336778999907 ], [ -70.530311867999899, -33.461298837999948 ], [ -70.530310965999945, -33.461295701999916 ], [ -70.53028162499993, -33.461193736999917 ], [ -70.530258126999911, -33.461112073999914 ], [ -70.530245878999949, -33.461069510999948 ], [ -70.530204580999907, -33.460925989999907 ], [ -70.530199140999912, -33.460907084999917 ], [ -70.53018402999993, -33.460854567999945 ], [ -70.530180856999948, -33.460843541999907 ], [ -70.530174465999949, -33.460821332999956 ], [ -70.53007664699993, -33.460481388999938 ], [ -70.530066653999938, -33.460446658999956 ], [ -70.530065420999904, -33.460442374999957 ], [ -70.530032295999945, -33.460327254999925 ], [ -70.53000149099995, -33.460220200999913 ], [ -70.529952105999939, -33.460048575999906 ], [ -70.529941827999949, -33.460012857999914 ], [ -70.529928994999921, -33.459968259999926 ], [ -70.52992059099995, -33.459939119999945 ], [ -70.529900539999915, -33.459869588999936 ], [ -70.529900484999928, -33.459869398999956 ], [ -70.529886460999933, -33.459820769999908 ], [ -70.529882220999923, -33.459806066999931 ], [ -70.529864886999917, -33.459764068999903 ], [ -70.529852099999914, -33.45973308899994 ], [ -70.529814610999949, -33.459642256999928 ], [ -70.529812197999945, -33.459636410999906 ], [ -70.529809186999898, -33.45962893199993 ], [ -70.529765122999947, -33.459519482999951 ], [ -70.529763549999927, -33.459515574999955 ], [ -70.529744536999942, -33.459468351999931 ], [ -70.529680051999946, -33.459308180999926 ], [ -70.529631975999905, -33.459188768999923 ], [ -70.529626072999918, -33.459161951999931 ], [ -70.529570600999932, -33.459153085999958 ], [ -70.529564232999917, -33.459152068999913 ], [ -70.52956409199993, -33.459152045999929 ], [ -70.529528473999903, -33.459145788999933 ], [ -70.529509601999905, -33.459143918999928 ], [ -70.529503229999932, -33.45914328799995 ], [ -70.52948994399992, -33.459141970999951 ], [ -70.529489855999941, -33.459141968999916 ], [ -70.529489767999905, -33.459141966999937 ], [ -70.529488716999936, -33.459141940999928 ], [ -70.529487007999933, -33.459141898999917 ], [ -70.529480783999929, -33.459141747999922 ], [ -70.529478420999908, -33.45914168999991 ], [ -70.529477873999951, -33.459141676999934 ], [ -70.529418094999926, -33.459140218999949 ], [ -70.529372296999952, -33.459139101999938 ], [ -70.529371014999924, -33.459139070999925 ], [ -70.529367166999918, -33.459138976999952 ], [ -70.529333085999951, -33.45914141399993 ], [ -70.529290937999917, -33.459144426999956 ], [ -70.529057723999927, -33.459151812999949 ], [ -70.528987983999912, -33.459156224999958 ], [ -70.528172401999939, -33.459207822999929 ], [ -70.527776764999942, -33.459239648999926 ], [ -70.527776368999923, -33.459239680999929 ], [ -70.52777520099994, -33.459239774999958 ], [ -70.527333803999909, -33.459263251999914 ], [ -70.526990964999925, -33.459290022999937 ], [ -70.526933218999943, -33.459293105999905 ], [ -70.526891875999922, -33.459295312999927 ], [ -70.526442091999911, -33.459319327999935 ], [ -70.526442041999928, -33.459319333999929 ], [ -70.526322656999923, -33.459334326999908 ], [ -70.526113307999935, -33.459341413999937 ], [ -70.525489484999923, -33.459380646999932 ], [ -70.525489432999905, -33.459380649999957 ], [ -70.525489380999943, -33.459380652999926 ], [ -70.525489276999906, -33.459380661999944 ], [ -70.5253623669999, -33.459391239999945 ], [ -70.524807366999937, -33.459422683999946 ], [ -70.524107224999909, -33.459462350999956 ], [ -70.523127921999901, -33.45951783299995 ], [ -70.523127427999952, -33.459517860999938 ], [ -70.523125948999905, -33.459517944999902 ], [ -70.522712602999945, -33.459546693999926 ], [ -70.52230213799993, -33.459575241999914 ], [ -70.521944852999923, -33.459600090999913 ], [ -70.521427673999938, -33.45960193399992 ], [ -70.521427610999922, -33.45960193399992 ], [ -70.521427584999913, -33.45960193399992 ], [ -70.521427547999906, -33.45960193399992 ], [ -70.521427422999921, -33.459601935999956 ], [ -70.521392891999938, -33.459602361999941 ], [ -70.521296702999905, -33.459603554999944 ], [ -70.521264406999933, -33.45960395499992 ], [ -70.521227009999905, -33.459615462999921 ], [ -70.5210771859999, -33.459661565999909 ], [ -70.520889508999915, -33.459734255999933 ], [ -70.52084035799993, -33.459762886999954 ], [ -70.520818926999937, -33.459763836999912 ], [ -70.520762282999954, -33.459766348999949 ], [ -70.517967979999924, -33.459890242999904 ], [ -70.51736578799995, -33.459916942999939 ], [ -70.517359689999921, -33.459917212999926 ], [ -70.517341236999926, -33.459918030999916 ], [ -70.517294701999901, -33.459920093999926 ], [ -70.517226315999949, -33.459923125999921 ], [ -70.517030921999947, -33.459931789999928 ], [ -70.516840938999906, -33.459940212999925 ], [ -70.51579709799995, -33.459986491999928 ], [ -70.515796119999948, -33.459986534999928 ], [ -70.515788053999927, -33.45998689299995 ], [ -70.515787634999924, -33.45998691199992 ], [ -70.515787478999925, -33.459986918999903 ], [ -70.515787332999935, -33.459986924999953 ], [ -70.515787108999916, -33.459986934999904 ], [ -70.515781963999927, -33.459987162999937 ], [ -70.515778327999953, -33.45998732399994 ], [ -70.515778132999912, -33.459987332999958 ], [ -70.515777967999952, -33.459987339999941 ], [ -70.51577791099993, -33.459987342999909 ], [ -70.515466219999951, -33.460001161999912 ], [ -70.515454910999949, -33.460001662999957 ], [ -70.515354475999914, -33.460006115999931 ], [ -70.513759523999909, -33.460076832999903 ], [ -70.512523242999919, -33.460131644999933 ], [ -70.512501571999906, -33.460132619999911 ], [ -70.512441629999898, -33.460135270999956 ], [ -70.512391652999952, -33.460137485999951 ], [ -70.512168493999923, -33.460147374999906 ], [ -70.512112047999949, -33.460149876999935 ], [ -70.512083593999932, -33.460151138999947 ], [ -70.512069327999939, -33.460151771999904 ], [ -70.512066685999912, -33.460151888999917 ], [ -70.512055062999934, -33.460152403999928 ], [ -70.511548243999925, -33.460174878999908 ], [ -70.510735216999933, -33.460210921999931 ], [ -70.509484211999904, -33.460266387999923 ], [ -70.506834045999938, -33.460383890999935 ], [ -70.505593813999951, -33.460438879999913 ], [ -70.504647367999951, -33.460480842999914 ], [ -70.503269392999925, -33.460541938999938 ], [ -70.500503609999953, -33.460664566999924 ], [ -70.500168023999947, -33.460679445999915 ], [ -70.498322333999909, -33.460761279999929 ], [ -70.497781331999931, -33.460785266999949 ], [ -70.497268991999931, -33.460807982999938 ], [ -70.496521140999903, -33.460841140999946 ], [ -70.495719778999899, -33.460876671999927 ], [ -70.494643543999928, -33.460924389999946 ], [ -70.493824908999898, -33.460960685999908 ], [ -70.493119879999938, -33.460991944999932 ], [ -70.492628751999916, -33.461013720999915 ], [ -70.491658955999924, -33.461056719999931 ], [ -70.491198297999915, -33.461077144999933 ], [ -70.49022894299992, -33.461120123999933 ], [ -70.489606397999921, -33.461147725999922 ], [ -70.48910703599995, -33.46116986699991 ], [ -70.488307618999897, -33.461205310999958 ], [ -70.487110893999898, -33.461258370999929 ], [ -70.486410336999938, -33.461289431999944 ], [ -70.486283274999948, -33.461295053999947 ], [ -70.486285835999922, -33.461221458999944 ], [ -70.48628799599993, -33.461159352999914 ], [ -70.486288959999911, -33.46113164399992 ], [ -70.48629130899991, -33.461064104999934 ], [ -70.486320140999908, -33.460235188999945 ], [ -70.486404701999902, -33.460031235999907 ], [ -70.486405111999943, -33.460030246999906 ], [ -70.486691250999911, -33.459340103999921 ], [ -70.486769484999911, -33.459151409999947 ], [ -70.488995433999946, -33.456137794999904 ], [ -70.4891634089999, -33.455910371999948 ], [ -70.48944925099994, -33.455411050999942 ], [ -70.489947336999933, -33.454909177999923 ], [ -70.490100475999952, -33.45481676199995 ], [ -70.490905897999937, -33.454330701999936 ], [ -70.491896900999905, -33.453732631999912 ], [ -70.492039587999898, -33.45364651999995 ], [ -70.492566914999941, -33.453156559999911 ], [ -70.493216207999922, -33.452553267999917 ], [ -70.493856958999913, -33.451957899999911 ], [ -70.494023944999924, -33.451836539999931 ], [ -70.495162131999905, -33.451009343999942 ], [ -70.495189551999943, -33.450989415999913 ], [ -70.49531264399991, -33.449886696999954 ], [ -70.495283529999938, -33.449769739999908 ], [ -70.49495999699991, -33.448470002999954 ], [ -70.494921414999908, -33.44777823599992 ], [ -70.495129920999943, -33.447179662999929 ], [ -70.495166235999932, -33.447075411999947 ], [ -70.495225915999924, -33.446904084999915 ], [ -70.495327457999906, -33.446612577999929 ], [ -70.49595165799991, -33.445841657999949 ], [ -70.496017054999925, -33.445760887999938 ], [ -70.49630090799991, -33.445410308999953 ], [ -70.4970772879999, -33.444887382999923 ], [ -70.497416895999947, -33.444658641999922 ], [ -70.498055733999934, -33.44422835599994 ], [ -70.49808367299994, -33.444204511999942 ], [ -70.498600109999927, -33.443763751999938 ], [ -70.498695292999912, -33.44368251599991 ], [ -70.498842755999931, -33.443556661999935 ], [ -70.498856176999936, -33.443545207999932 ], [ -70.498857774999919, -33.443543844999908 ], [ -70.498901260999901, -33.443506731999946 ], [ -70.499995416999923, -33.442572910999957 ], [ -70.500004779999927, -33.442564919999938 ], [ -70.50011756899994, -33.442468658999928 ], [ -70.500370325999938, -33.442252940999936 ], [ -70.500570419999917, -33.442082167999956 ], [ -70.501029833999951, -33.441690075999929 ], [ -70.501999300999898, -33.440696977999949 ], [ -70.502034371999912, -33.440661051999939 ], [ -70.502179454999919, -33.440457636999952 ], [ -70.50248511399991, -33.440029079999931 ], [ -70.502698194999937, -33.439625459999945 ], [ -70.502731781999898, -33.439561837999918 ], [ -70.502825945999916, -33.439383469999939 ], [ -70.502980902999923, -33.43878395999991 ], [ -70.503050791999954, -33.43874539299992 ], [ -70.503146470999923, -33.438699139999926 ], [ -70.503165948999936, -33.438689851999925 ], [ -70.50324198699991, -33.438653590999934 ], [ -70.503243493999946, -33.438652871999921 ], [ -70.503419958999928, -33.438574074999906 ], [ -70.503835883999898, -33.438248873999953 ], [ -70.503980425999941, -33.438137150999921 ], [ -70.504102591999924, -33.438042721999921 ], [ -70.504162986999916, -33.437994033999928 ], [ -70.504254242999934, -33.437920465999923 ], [ -70.504454684999928, -33.437758876999908 ], [ -70.504573423999943, -33.437743907999902 ], [ -70.504741438999929, -33.43775990599994 ], [ -70.505012059999899, -33.437761130999945 ], [ -70.505319777999944, -33.437730339999916 ], [ -70.505700160999936, -33.437620890999938 ], [ -70.50571246599992, -33.437617349999925 ], [ -70.505768769999918, -33.437582778999911 ], [ -70.50601215699993, -33.437433339999927 ], [ -70.5062966509999, -33.436992485999951 ], [ -70.506380761999935, -33.436920296999915 ], [ -70.506420994999928, -33.436885766999922 ], [ -70.506449846999942, -33.436861003999923 ], [ -70.506475056999932, -33.436839366999948 ], [ -70.506488720999926, -33.436827639999933 ], [ -70.506501689999936, -33.436816509999915 ], [ -70.506506894999916, -33.436812040999939 ], [ -70.506521869999915, -33.436799188999942 ], [ -70.506653719999917, -33.43668602799994 ], [ -70.506714654999939, -33.43666339899994 ], [ -70.506804353999939, -33.436630086999912 ], [ -70.507003850999922, -33.436600606999946 ], [ -70.507274468999924, -33.436601825999958 ], [ -70.507554568999922, -33.436548818999938 ], [ -70.507762894999928, -33.436388462999957 ], [ -70.507970144999945, -33.436088330999951 ], [ -70.508553079999899, -33.43587832399993 ], [ -70.509042957999952, -33.435768649999943 ], [ -70.510067607999929, -33.435487507999937 ], [ -70.510573528999942, -33.435348689999955 ], [ -70.511080266999898, -33.43531996999991 ], [ -70.51155640099995, -33.435293547999947 ], [ -70.513549248999936, -33.435182958999917 ], [ -70.513915029999907, -33.435162660999936 ], [ -70.514054496999904, -33.435154922999914 ], [ -70.514196238999943, -33.435147054999902 ], [ -70.514288455999917, -33.435141935999923 ], [ -70.514517344999945, -33.435129230999905 ], [ -70.515134667999916, -33.435081105999927 ], [ -70.515973268999915, -33.434980670999948 ], [ -70.51602235799993, -33.434954390999906 ], [ -70.516412876999937, -33.434745323999948 ], [ -70.517040363999911, -33.434354362999954 ], [ -70.51738624099994, -33.434170871999925 ], [ -70.517605899999921, -33.434054340999921 ], [ -70.517619192999916, -33.434048143999917 ], [ -70.517875103999927, -33.433928831999935 ], [ -70.517983339999944, -33.433878369999945 ], [ -70.518105602999924, -33.433808005999936 ], [ -70.518169283999953, -33.433757836999916 ], [ -70.51822541699994, -33.433683594999934 ], [ -70.518265522999911, -33.433607096999935 ], [ -70.518276672999946, -33.433585827999934 ], [ -70.518569055999933, -33.433495424999933 ], [ -70.518663480999919, -33.433450856999912 ], [ -70.518822363999902, -33.433367886999918 ], [ -70.518831960999933, -33.433368592999955 ], [ -70.518855378999945, -33.433370316999913 ], [ -70.518861332999904, -33.433372223999925 ], [ -70.51892879299993, -33.433393830999933 ], [ -70.519043239999917, -33.433448625999915 ], [ -70.519166030999941, -33.433548414999905 ], [ -70.519212746999926, -33.433580861999928 ], [ -70.519227333999936, -33.433590993999928 ], [ -70.519230357999902, -33.433593094999935 ], [ -70.51923953599993, -33.433599468999944 ], [ -70.519254122999939, -33.433609600999944 ], [ -70.519266538999943, -33.433618224999918 ], [ -70.519281125999953, -33.433628356999918 ], [ -70.519305076999899, -33.433644991999927 ], [ -70.519306006999898, -33.433645638999906 ], [ -70.519306007999944, -33.433645551999916 ], [ -70.519306005999908, -33.433645003999914 ], [ -70.519306004999919, -33.433644718999915 ], [ -70.519306004999919, -33.433644679999929 ], [ -70.51930600299994, -33.433644640999944 ], [ -70.519305998999926, -33.433644580999953 ], [ -70.51930597799992, -33.433644218999916 ], [ -70.519305968999902, -33.433644079999908 ], [ -70.519305881999912, -33.433642725999903 ], [ -70.519305761999931, -33.43364084399991 ], [ -70.519305739999936, -33.433640500999957 ], [ -70.519305662999898, -33.433639303999939 ], [ -70.519305569999915, -33.433637846999943 ], [ -70.519297574999939, -33.433513107999943 ], [ -70.519297873999903, -33.433506866999949 ], [ -70.519298680999952, -33.433490012999926 ], [ -70.519302472999925, -33.433410820999939 ], [ -70.519329614999947, -33.433339068999942 ], [ -70.519371981999939, -33.433278333999908 ], [ -70.519384842999898, -33.433266304999904 ], [ -70.519431144999942, -33.433222994999937 ], [ -70.519454653999901, -33.433209105999936 ], [ -70.519516488999898, -33.433172575999947 ], [ -70.519654116999902, -33.433116385999938 ], [ -70.520062638999946, -33.432949594999911 ], [ -70.520586021999918, -33.432735908999916 ], [ -70.520822576999933, -33.432650249999938 ], [ -70.521128660999921, -33.432556435999913 ], [ -70.521391378999908, -33.432472888999939 ], [ -70.521552639999925, -33.432397888999958 ], [ -70.521762475999935, -33.432278478999933 ], [ -70.522006715999908, -33.432134306999956 ], [ -70.522236782999926, -33.43200977999993 ], [ -70.522327495999946, -33.431961860999934 ], [ -70.522590589999936, -33.431822881999949 ], [ -70.522917285999938, -33.43165253199993 ], [ -70.522958641999935, -33.431633986999941 ], [ -70.523000332999914, -33.431615437999938 ], [ -70.523054445999946, -33.431614772999922 ], [ -70.523056545999907, -33.431614746999912 ], [ -70.523057243999915, -33.43161473899994 ], [ -70.52306283899992, -33.431614669999931 ], [ -70.523075312999936, -33.431615758999953 ], [ -70.523107921999951, -33.431618605999915 ], [ -70.523124278999944, -33.431620033999934 ], [ -70.523125304999951, -33.431620123999949 ], [ -70.523153394999952, -33.431622575999938 ], [ -70.523573828999929, -33.431677467999918 ], [ -70.523647671999925, -33.431687108999938 ], [ -70.523664008999901, -33.431689241999948 ], [ -70.523705179999922, -33.431693889999906 ], [ -70.52380136599993, -33.431704747999902 ], [ -70.524024918999942, -33.431729983999958 ], [ -70.524182167999925, -33.431731764999938 ], [ -70.524269297999922, -33.431741920999912 ], [ -70.524299085999928, -33.431745392999915 ], [ -70.524503052999933, -33.431769166999914 ], [ -70.525010872999928, -33.431828356999915 ], [ -70.526036240999929, -33.43195301499992 ], [ -70.526077374999943, -33.431958015999953 ], [ -70.526183703999948, -33.431970942999953 ], [ -70.526345688999925, -33.43199063599991 ], [ -70.526371758999915, -33.431993804999934 ], [ -70.526393740999936, -33.431996476999927 ], [ -70.526517060999936, -33.432011467999928 ], [ -70.526972679999915, -33.432066851999934 ], [ -70.527373018999924, -33.432115517999932 ], [ -70.527419234999911, -33.432121134999932 ], [ -70.527466302999926, -33.432126856999957 ], [ -70.527553087999934, -33.432137406999914 ], [ -70.527968570999917, -33.43218791399994 ], [ -70.52824589699992, -33.432221623999908 ], [ -70.528297929999951, -33.432227947999934 ], [ -70.528313508999929, -33.432229841999913 ], [ -70.528652578999925, -33.432272508999915 ], [ -70.528827555999953, -33.432294527999943 ], [ -70.529280179999944, -33.432351484999913 ], [ -70.530068357999937, -33.432451061999927 ], [ -70.530283041999951, -33.432478185999912 ], [ -70.530324011999937, -33.432483361999914 ], [ -70.530582084999935, -33.432515963999947 ], [ -70.530984446999923, -33.432566795999946 ], [ -70.531050208999943, -33.432575103999909 ], [ -70.531519829999922, -33.432634431999929 ], [ -70.531671710999944, -33.43265361999994 ], [ -70.532108213999948, -33.432708763999926 ], [ -70.532146252999951, -33.432713569999919 ], [ -70.532515645999922, -33.432760235999922 ], [ -70.533297286999925, -33.432857196999919 ], [ -70.533697812999947, -33.432906880999951 ], [ -70.534843936999948, -33.433049054999913 ], [ -70.535156363999931, -33.43308781099995 ], [ -70.535567632999914, -33.433138827999926 ], [ -70.535974917999908, -33.433189350999953 ], [ -70.536196906999919, -33.433216956999956 ], [ -70.5365166979999, -33.433256725999911 ], [ -70.536963214999901, -33.433312253999929 ], [ -70.537298944999918, -33.433354004999956 ], [ -70.537505600999907, -33.433379806999938 ], [ -70.537694037999927, -33.433403334999923 ], [ -70.537699661999909, -33.433404036999946 ], [ -70.537699694999901, -33.433404040999903 ], [ -70.537699728999939, -33.433404044999918 ], [ -70.537709901999904, -33.433405315999948 ], [ -70.537728343999902, -33.433384178999916 ], [ -70.537743181999929, -33.433363923999934 ], [ -70.537744001999954, -33.433362804999945 ], [ -70.537744151999902, -33.433362599999953 ], [ -70.537752697999906, -33.433350932999929 ], [ -70.537755478999941, -33.433347102999903 ], [ -70.537756627999897, -33.433345519999932 ], [ -70.53775851499995, -33.433342920999905 ], [ -70.537778623999941, -33.433315002999905 ], [ -70.537802923999948, -33.433281533999946 ], [ -70.537808842999937, -33.433263423999904 ], [ -70.537812260999942, -33.433249853999939 ], [ -70.537812101999918, -33.433240836999914 ], [ -70.537815200999944, -33.433209233999946 ], [ -70.537818594999919, -33.433182135999914 ], [ -70.537826326999948, -33.433151980999924 ], [ -70.537833862999946, -33.433123717999933 ], [ -70.537834006999901, -33.433122504999915 ], [ -70.537837474999947, -33.43309662799993 ], [ -70.537840592999942, -33.43307023299991 ], [ -70.537840866999943, -33.433068236999929 ], [ -70.53784103299995, -33.433066828999927 ], [ -70.537841172999947, -33.433065215999932 ], [ -70.537842266999917, -33.433052551999936 ], [ -70.537844009999901, -33.433037525999907 ], [ -70.537849793999953, -33.433023925999919 ], [ -70.537854473999914, -33.43301484999995 ], [ -70.53787467099994, -33.432987543999957 ], [ -70.537893521999933, -33.432964764999952 ], [ -70.537908269999946, -33.432944454999927 ], [ -70.537923837999926, -33.432925593999926 ], [ -70.537930831999915, -33.432917119999956 ], [ -70.537939212999902, -33.432905577999918 ], [ -70.537959340999919, -33.432885035999902 ], [ -70.53797759999992, -33.432866772999944 ], [ -70.538001115999919, -33.432846188999918 ], [ -70.538025774999937, -33.432823336999945 ], [ -70.538050596999938, -33.432791464999923 ], [ -70.53807582099995, -33.432764096999904 ], [ -70.5381022279999, -33.43273671399993 ], [ -70.538128555999947, -33.432704822999938 ], [ -70.538173235999921, -33.432652411999925 ], [ -70.538218144999917, -33.432602253999903 ], [ -70.538234011999918, -33.432578138999929 ], [ -70.538256945999933, -33.432544416999917 ], [ -70.538268000999949, -33.432527614999913 ], [ -70.538271326999904, -33.432522724999956 ], [ -70.538271355999939, -33.432522681999956 ], [ -70.538280097999916, -33.432504536999943 ], [ -70.538289161999899, -33.432486386999926 ], [ -70.538289628999905, -33.432485237999913 ], [ -70.538302046999945, -33.432454661999941 ], [ -70.538316016999943, -33.432421176999924 ], [ -70.538326769999912, -33.432386716999929 ], [ -70.538337425999941, -33.432350510999925 ], [ -70.538354910999942, -33.432305201999952 ], [ -70.538371751999932, -33.432259900999952 ], [ -70.538381709999953, -33.432214684999906 ], [ -70.538391667999917, -33.432169468999916 ], [ -70.538403046999917, -33.432137763999947 ], [ -70.5384143469999, -33.432101548999924 ], [ -70.538433232999921, -33.432047203999957 ], [ -70.538452065999934, -33.431992859999923 ], [ -70.538465971999926, -33.431961122999951 ], [ -70.538479394999911, -33.431929390999926 ], [ -70.538483511999914, -33.431915812999932 ], [ -70.538488728999937, -33.431906729999923 ], [ -70.538491019999924, -33.431884154999921 ], [ -70.538493793999919, -33.431861573999925 ], [ -70.538503022999919, -33.431829894999908 ], [ -70.538512117999915, -33.43179370799993 ], [ -70.538521697999897, -33.431757515999948 ], [ -70.538531410999951, -33.431725830999937 ], [ -70.53853773599991, -33.431694187999938 ], [ -70.538543981999908, -33.431658035999931 ], [ -70.538552593999952, -33.431621854999946 ], [ -70.538561768999898, -33.431590176999919 ], [ -70.538571160999936, -33.431549476999919 ], [ -70.538580634999903, -33.431504267999912 ], [ -70.538595033999911, -33.431436450999911 ], [ -70.53860878799992, -33.431368640999949 ], [ -70.538611775999925, -33.431355075999932 ], [ -70.538615487999948, -33.431346011999949 ], [ -70.538620711999954, -33.431309872999918 ], [ -70.538626176999912, -33.431278240999916 ], [ -70.538629016999948, -33.431265344999929 ], [ -70.538636134999933, -33.431233024999926 ], [ -70.538646092999898, -33.431187808999937 ], [ -70.538651071999936, -33.431165201999931 ], [ -70.538656050999919, -33.431142593999937 ], [ -70.538665222999953, -33.431119932999934 ], [ -70.538673911999922, -33.431097278999914 ], [ -70.538693655999907, -33.431051941999954 ], [ -70.538712940999915, -33.431011119999937 ], [ -70.538731686999938, -33.430979322999917 ], [ -70.538750432999905, -33.430947524999908 ], [ -70.538768022999932, -33.430911232999904 ], [ -70.538786472999902, -33.430874930999948 ], [ -70.538797824999904, -33.430847734999929 ], [ -70.53880885399991, -33.430820541999935 ], [ -70.538822921999952, -33.430788801999938 ], [ -70.538836989999936, -33.43075706299993 ], [ -70.538840971999946, -33.430743485999926 ], [ -70.538845437999953, -33.430725393999921 ], [ -70.538845630999901, -33.430707354999925 ], [ -70.538845366999908, -33.430689320999932 ], [ -70.538838408999936, -33.430666860999906 ], [ -70.538831208999909, -33.430648912999914 ], [ -70.538821983999924, -33.430619897999918 ] ] ] ] } },
{ "type": "Feature", "properties": { "OBJECTID": 270, "CUT": 13114, "COD_REGION": 13, "REGION": "METROPOLITANA DE SANTIAGO", "COD_PROVINCIA": 131, "PROVINCIA": "SANTIAGO", "COMUNA": "LAS CONDES", "SHAPE_Length": 0.51963429344875212, "SHAPE_Area": 0.00960265003712143 }, "geometry": { "type": "MultiPolygon", "coordinates": [ [ [ [ -70.479508490999933, -33.364331978999928 ], [ -70.479601873999911, -33.364312828999914 ], [ -70.479730362999931, -33.36428424099995 ], [ -70.479907909999952, -33.364237031999949 ], [ -70.480067780999946, -33.364217087999918 ], [ -70.480291088999934, -33.364214424999943 ], [ -70.480519845999936, -33.364211696999917 ], [ -70.480526313999917, -33.364211619999935 ], [ -70.480537229999925, -33.364211489999946 ], [ -70.480682448999914, -33.364218775999916 ], [ -70.480772931999923, -33.364226714999916 ], [ -70.480890583999951, -33.364252367999939 ], [ -70.481095292999953, -33.364316541999926 ], [ -70.481185163999953, -33.364344936999942 ], [ -70.481252418999929, -33.364357528999903 ], [ -70.48134690899991, -33.364364164999927 ], [ -70.481444961999898, -33.364362994999908 ], [ -70.481583464999915, -33.364370360999942 ], [ -70.481656821999934, -33.364378503999944 ], [ -70.481793615999948, -33.364403926999955 ], [ -70.481905041999937, -33.364438670999903 ], [ -70.481982887999948, -33.364473815999929 ], [ -70.482055695999918, -33.364509021999936 ], [ -70.482183669999927, -33.364588660999914 ], [ -70.482383597999899, -33.36471253499991 ], [ -70.482510899999909, -33.364792181999917 ], [ -70.482627821999927, -33.364853915999902 ], [ -70.48274301899994, -33.364893123999934 ], [ -70.482764731999907, -33.364898747999916 ], [ -70.482836323999948, -33.364917289999937 ], [ -70.48284287599995, -33.364918986999953 ], [ -70.482943020999926, -33.364922299999932 ], [ -70.483124354999916, -33.364920133999931 ], [ -70.483194314999935, -33.364910660999954 ], [ -70.483270457999936, -33.364900350999903 ], [ -70.483446690999926, -33.364835113999902 ], [ -70.483582655999953, -33.364752320999912 ], [ -70.483828635999942, -33.364541951999911 ], [ -70.483936575999905, -33.364450475999945 ], [ -70.484047325999938, -33.364386020999916 ], [ -70.48420105799994, -33.364321051999923 ], [ -70.484302834999937, -33.364301797999929 ], [ -70.484360439999932, -33.364292090999925 ], [ -70.484481845999937, -33.364281619999929 ], [ -70.484578708999948, -33.364289479999911 ], [ -70.484681098999943, -33.364306292999913 ], [ -70.484772523999936, -33.364327327999945 ], [ -70.484889203999899, -33.364359343999922 ], [ -70.485052611999947, -33.364407506999953 ], [ -70.485187631999906, -33.364444871999922 ], [ -70.485353901999929, -33.364487634999932 ], [ -70.485457483999937, -33.364508465999904 ], [ -70.485598902999925, -33.364531832999944 ], [ -70.485748196999907, -33.364546046999919 ], [ -70.486343054999907, -33.364584748999903 ], [ -70.487913926999909, -33.364686949999907 ], [ -70.48811018899994, -33.364693615999954 ], [ -70.488173587999938, -33.364706179999928 ], [ -70.488174556999923, -33.364706371999944 ], [ -70.488261528999942, -33.364705329999936 ], [ -70.488591880999934, -33.364708928999903 ], [ -70.488655576999918, -33.364709622999953 ], [ -70.488837868999951, -33.364684889999921 ], [ -70.488958372999946, -33.364660897999954 ], [ -70.489092231999905, -33.36463223599992 ], [ -70.489258510999946, -33.36459416699995 ], [ -70.48935651599993, -33.364570443999924 ], [ -70.489407739999933, -33.364560810999933 ], [ -70.489410033999945, -33.36456032399991 ], [ -70.489475340999945, -33.364546471999915 ], [ -70.48956536399993, -33.36452735499995 ], [ -70.489648152999905, -33.364517341999942 ], [ -70.489789782999935, -33.364511132999951 ], [ -70.489982119999922, -33.36450431499992 ], [ -70.490618977999929, -33.364487650999934 ], [ -70.491249119999907, -33.364471062999939 ], [ -70.491353294999954, -33.364474320999932 ], [ -70.491449899999907, -33.364486687999943 ], [ -70.491600799999901, -33.364511930999925 ], [ -70.491783572999907, -33.364554826999949 ], [ -70.491895365999937, -33.364571520999903 ], [ -70.491980141999932, -33.364579520999939 ], [ -70.492076592999922, -33.364582870999925 ], [ -70.492234159999953, -33.364585485999953 ], [ -70.492465679999952, -33.364591720999954 ], [ -70.492610227999933, -33.36459900199992 ], [ -70.492716830999939, -33.364606737999907 ], [ -70.492802095999934, -33.364623749999907 ], [ -70.492827280999904, -33.364633279999907 ], [ -70.492940697999927, -33.364676194999902 ], [ -70.492941479999899, -33.364676324999948 ], [ -70.492991221999944, -33.364684605999912 ], [ -70.493085526999948, -33.364719545999947 ], [ -70.493226297999911, -33.364780982999946 ], [ -70.493375925999942, -33.364869368999905 ], [ -70.49366245199991, -33.365028256999949 ], [ -70.493931851999946, -33.365187349999928 ], [ -70.494007996999926, -33.365240545999939 ], [ -70.494077424999944, -33.365293821999956 ], [ -70.49414313199992, -33.365365179999912 ], [ -70.494257266999909, -33.365499084999954 ], [ -70.494413294999902, -33.365686597999911 ], [ -70.494515187999923, -33.365811631999918 ], [ -70.494805963999909, -33.366159856999957 ], [ -70.495075096999926, -33.366499322999914 ], [ -70.495149315999925, -33.366607927999951 ], [ -70.495257114999902, -33.366725358999929 ], [ -70.495262794999917, -33.366731545999926 ], [ -70.495359794999899, -33.366813323999907 ], [ -70.495362987999954, -33.366816015999916 ], [ -70.495428492999906, -33.366855810999937 ], [ -70.495550799999933, -33.36691746799994 ], [ -70.495635214999936, -33.366943505999927 ], [ -70.495724848999942, -33.366960463999931 ], [ -70.495825744999934, -33.366968265999958 ], [ -70.495930335999901, -33.366976023999939 ], [ -70.495951624999918, -33.366975767999918 ], [ -70.496026041999926, -33.366974870999911 ], [ -70.496090779999918, -33.366978367999934 ], [ -70.49616253399995, -33.366982243999928 ], [ -70.496494802999905, -33.366987256999948 ], [ -70.496799817999943, -33.367006104999916 ], [ -70.496800102999941, -33.367006122999953 ], [ -70.496800167999936, -33.367006123999943 ], [ -70.497036058999925, -33.367008313999918 ], [ -70.497346536999942, -33.367011195999908 ], [ -70.49742442999991, -33.367011646999913 ], [ -70.497785261999923, -33.367013733999954 ], [ -70.497843100999944, -33.367014068999936 ], [ -70.498268327999938, -33.367022146999943 ], [ -70.498304970999925, -33.367022842999916 ], [ -70.49841375099993, -33.367024909999941 ], [ -70.498521686999936, -33.367034520999937 ], [ -70.498603128999946, -33.367041771999936 ], [ -70.498710174999928, -33.367051303999915 ], [ -70.498712786999931, -33.367051535999906 ], [ -70.498840562999931, -33.367084306999914 ], [ -70.499030057999903, -33.367132907999917 ], [ -70.499060843999928, -33.367140803999916 ], [ -70.499199774999909, -33.367178745999922 ], [ -70.49921928099991, -33.367184072999919 ], [ -70.499342297999931, -33.36721766799991 ], [ -70.49938863999995, -33.367230323999934 ], [ -70.499412273999951, -33.367236778999938 ], [ -70.499502747999941, -33.367286764999903 ], [ -70.499605140999904, -33.367337410999937 ], [ -70.49984033599992, -33.36745374599991 ], [ -70.499935208999943, -33.367500672999938 ], [ -70.499984090999931, -33.367524850999928 ], [ -70.500034050999943, -33.367549562999955 ], [ -70.500055253999903, -33.367560363999928 ], [ -70.500097801999914, -33.367582038999956 ], [ -70.500162907999936, -33.367615204999936 ], [ -70.500197520999905, -33.367632836999917 ], [ -70.500370037999915, -33.36771837099991 ], [ -70.500532062999923, -33.367798702999949 ], [ -70.50057449399992, -33.367819739999902 ], [ -70.500829641999928, -33.367946241999903 ], [ -70.500832191999905, -33.36794750599995 ], [ -70.500871908999898, -33.367967197999917 ], [ -70.500955013999942, -33.36800840199993 ], [ -70.500991446999933, -33.368026464999957 ], [ -70.501078091999943, -33.368067394999912 ], [ -70.50119127499994, -33.368120861999955 ], [ -70.501297165999915, -33.368170883999937 ], [ -70.501456349999899, -33.368246081999928 ], [ -70.501513211999907, -33.368272942999909 ], [ -70.501536173999909, -33.368283789999907 ], [ -70.501573224999902, -33.368301292999945 ], [ -70.501612506999948, -33.368321817999913 ], [ -70.501666998999951, -33.368350290999956 ], [ -70.501689824999914, -33.368362218999948 ], [ -70.50170602399993, -33.36837068299991 ], [ -70.50176667799991, -33.368402375999949 ], [ -70.501823402999946, -33.368432016999918 ], [ -70.501969404999898, -33.36850830599991 ], [ -70.502119028999914, -33.368567856999903 ], [ -70.502204726999935, -33.368601964999925 ], [ -70.502213153999946, -33.368605318999926 ], [ -70.502286179999942, -33.368634382999915 ], [ -70.50234152999991, -33.36865641299994 ], [ -70.502369427999952, -33.368667584999912 ], [ -70.502378187999909, -33.368671092999932 ], [ -70.502386482999952, -33.36867441499993 ], [ -70.502398936999953, -33.368679401999941 ], [ -70.502407090999952, -33.368682666999916 ], [ -70.502419019999934, -33.368687443999931 ], [ -70.502426459999924, -33.368690422999919 ], [ -70.502439435999918, -33.368695618999936 ], [ -70.502447862999929, -33.368698993999942 ], [ -70.502459565999914, -33.368703680999943 ], [ -70.502468790999899, -33.368707374999929 ], [ -70.50247745899992, -33.368710845999942 ], [ -70.502491634999899, -33.368716522999932 ], [ -70.502526528999908, -33.368732478999902 ], [ -70.502678189999926, -33.368801831999917 ], [ -70.50268167899992, -33.368803426999932 ], [ -70.502829724999913, -33.368871125999931 ], [ -70.502856661999942, -33.368883443999948 ], [ -70.502910481999947, -33.368908054999906 ], [ -70.503030518999935, -33.368962071999931 ], [ -70.503062865999937, -33.368977161999908 ], [ -70.50321779099994, -33.369049433999919 ], [ -70.503247838999926, -33.369063451999921 ], [ -70.503345452999952, -33.369108987999937 ], [ -70.503380731999926, -33.369125445999941 ], [ -70.503656678999903, -33.369254173999934 ], [ -70.503696135999917, -33.369272580999905 ], [ -70.503766629999916, -33.369305465999958 ], [ -70.50377274199991, -33.369308316999934 ], [ -70.503777649999904, -33.369310606999932 ], [ -70.504083771999944, -33.369453411999928 ], [ -70.50428334299994, -33.369546511999943 ], [ -70.504408467999951, -33.369587533999947 ], [ -70.504409091999946, -33.36958773799995 ], [ -70.504409350999936, -33.369587822999904 ], [ -70.504467357999943, -33.36960684099995 ], [ -70.504478025999902, -33.369610337999916 ], [ -70.504502902999945, -33.369618493999951 ], [ -70.504566846999921, -33.369639456999948 ], [ -70.504630840999937, -33.369663897999942 ], [ -70.504734818999907, -33.369703609999931 ], [ -70.504831877999948, -33.369740678999904 ], [ -70.504851654999925, -33.369748347999916 ], [ -70.504856821999908, -33.369750351999926 ], [ -70.504869679999899, -33.369755337999948 ], [ -70.504877375999911, -33.369758322999928 ], [ -70.50489270199995, -33.369764265999947 ], [ -70.504898265999941, -33.36976642399992 ], [ -70.504919478999909, -33.369774649999954 ], [ -70.504919886999915, -33.369774807999931 ], [ -70.504937672999915, -33.369781704999923 ], [ -70.504940560999898, -33.369782824999902 ], [ -70.504954983999937, -33.369788417999928 ], [ -70.504962767999928, -33.369791436999947 ], [ -70.504978163999908, -33.369797406999908 ], [ -70.505002067999953, -33.369807221999906 ], [ -70.50506973499995, -33.369835004999914 ], [ -70.505108696999912, -33.369851002999951 ], [ -70.505213761999926, -33.369894141999907 ], [ -70.505235690999939, -33.369903145999956 ], [ -70.505245628999944, -33.369906083999922 ], [ -70.505321538999908, -33.36992852599991 ], [ -70.505506731999901, -33.369983276999903 ], [ -70.505596019999928, -33.370009673999903 ], [ -70.505632795999929, -33.370020545999921 ], [ -70.505673049999928, -33.370032446999915 ], [ -70.505832702999953, -33.370074290999924 ], [ -70.50588967099992, -33.370089221999933 ], [ -70.505909080999913, -33.37009430899991 ], [ -70.505940599999917, -33.370096926999906 ], [ -70.50606797599994, -33.370117618999927 ], [ -70.506110449999937, -33.370124518999944 ], [ -70.506200059999912, -33.37013907599993 ], [ -70.506258985999921, -33.37014864799994 ], [ -70.506323523999924, -33.370153803999926 ], [ -70.506747267999913, -33.370187659999942 ], [ -70.506772269999942, -33.370189657999958 ], [ -70.506812539999942, -33.37019287499993 ], [ -70.506837635999943, -33.370193713999925 ], [ -70.506897801999912, -33.370195723999927 ], [ -70.506921580999915, -33.370196518999933 ], [ -70.506932614999926, -33.370196887999953 ], [ -70.507141012999909, -33.370203850999928 ], [ -70.507209641999907, -33.370206143999951 ], [ -70.507318213999952, -33.370209771999953 ], [ -70.50733503899994, -33.370210350999912 ], [ -70.507347563999929, -33.370210781999958 ], [ -70.507377629999951, -33.370211817999916 ], [ -70.507515782999917, -33.370224390999908 ], [ -70.507719472999952, -33.370242927999925 ], [ -70.507754442999953, -33.370246109999925 ], [ -70.507798605999938, -33.370250128999942 ], [ -70.507889008999939, -33.370258355999908 ], [ -70.507889209999917, -33.370258373999945 ], [ -70.507894205999946, -33.370258828999908 ], [ -70.50805263299992, -33.370273245999954 ], [ -70.508085663999907, -33.370278015999929 ], [ -70.508192462999943, -33.370293439999955 ], [ -70.508209843999907, -33.370295949999957 ], [ -70.508251964999943, -33.370302032999916 ], [ -70.508338694999907, -33.370314558999951 ], [ -70.50851515599993, -33.370340042999942 ], [ -70.5087029849999, -33.370367168999906 ], [ -70.508745422999937, -33.370373297999947 ], [ -70.508783363999953, -33.370378777999917 ], [ -70.508851588999903, -33.370388629999923 ], [ -70.508977258999948, -33.370406779999939 ], [ -70.508998464999934, -33.370409841999958 ], [ -70.509053151999922, -33.370417740999926 ], [ -70.509182353999904, -33.370436399999903 ], [ -70.509250504999898, -33.370446241999957 ], [ -70.509302746999936, -33.370453786999917 ], [ -70.509471045999931, -33.370478091999928 ], [ -70.509578863999934, -33.370493662999934 ], [ -70.509612377999929, -33.370498502999908 ], [ -70.509719542999903, -33.370513979999942 ], [ -70.509804605999932, -33.370525453999903 ], [ -70.509807179999939, -33.370525800999928 ], [ -70.509868888999904, -33.370534124999949 ], [ -70.50987405199993, -33.370534820999922 ], [ -70.509895060999952, -33.370537654999907 ], [ -70.5099290899999, -33.370542244999911 ], [ -70.509932435999929, -33.370542695999916 ], [ -70.50994122499992, -33.370544108999923 ], [ -70.509977646999914, -33.370549963999906 ], [ -70.509984626999938, -33.370551085999921 ], [ -70.51000808799995, -33.370554856999945 ], [ -70.510015560999932, -33.37055605799992 ], [ -70.510028550999948, -33.370558145999951 ], [ -70.510056703999908, -33.370562671999949 ], [ -70.510127098999931, -33.370573987999933 ], [ -70.510140603999901, -33.370576158999938 ], [ -70.510196571999927, -33.370585155999947 ], [ -70.510433870999918, -33.37062330099991 ], [ -70.510724744999948, -33.370670057999916 ], [ -70.510881596999923, -33.370698070999936 ], [ -70.51093575099992, -33.370707742999912 ], [ -70.511028209999949, -33.370724255999903 ], [ -70.511128908999922, -33.370742240999903 ], [ -70.511335595999924, -33.370775752999918 ], [ -70.511381601999915, -33.370783211999935 ], [ -70.511412252999946, -33.370788180999909 ], [ -70.511448511999902, -33.370794059999923 ], [ -70.511467715999913, -33.370797173999904 ], [ -70.511469159999933, -33.37079740799993 ], [ -70.511488644999929, -33.370801962999906 ], [ -70.511509532999924, -33.370806845999937 ], [ -70.511659464999923, -33.370841896999934 ], [ -70.511835377999944, -33.370883020999941 ], [ -70.51205301199991, -33.370933897999919 ], [ -70.512368293999941, -33.371007602999953 ], [ -70.512456225999927, -33.371028158999934 ], [ -70.512469894999924, -33.371031353999911 ], [ -70.51275402199991, -33.371110925999915 ], [ -70.512797373999945, -33.371123458999932 ], [ -70.512803826999914, -33.371125324999923 ], [ -70.512896824999928, -33.371152211999913 ], [ -70.51292540399993, -33.371160473999907 ], [ -70.5130346279999, -33.371192050999923 ], [ -70.513253531999908, -33.371255336999923 ], [ -70.513698892999912, -33.37138409399995 ], [ -70.513897905999897, -33.371446907999939 ], [ -70.514068547999898, -33.371504135999942 ], [ -70.514260493999927, -33.371567035999931 ], [ -70.51476110099992, -33.371716511999921 ], [ -70.514928413999939, -33.371766469999955 ], [ -70.515011922999918, -33.371793320999927 ], [ -70.515289671999938, -33.371882627999923 ], [ -70.515568395999935, -33.371963434999941 ], [ -70.515785964999907, -33.372020610999925 ], [ -70.515853209999932, -33.372038983999914 ], [ -70.515934516999948, -33.372061197999926 ], [ -70.515952779999907, -33.372066187999906 ], [ -70.516022535999923, -33.372085246999916 ], [ -70.516239754999901, -33.372176986999932 ], [ -70.516292979999946, -33.372199465999927 ], [ -70.516350100999944, -33.372223589999919 ], [ -70.516585781999936, -33.372322313999916 ], [ -70.51701986799992, -33.372504148999951 ], [ -70.517110647999914, -33.37254056699993 ], [ -70.5174230209999, -33.372665880999932 ], [ -70.517490092999935, -33.372693391999917 ], [ -70.517501358999937, -33.372698012999933 ], [ -70.517557232999934, -33.372720929999957 ], [ -70.517622779999954, -33.372747814999911 ], [ -70.517623890999914, -33.372748270999921 ], [ -70.51766198699994, -33.372764948999929 ], [ -70.517670738999925, -33.37276838899993 ], [ -70.517723143999945, -33.372788982999907 ], [ -70.517723187999934, -33.372789000999944 ], [ -70.517723223999951, -33.372789015999956 ], [ -70.517725415999905, -33.372789954999917 ], [ -70.517734570999949, -33.372793965999904 ], [ -70.517743714999938, -33.372797971999944 ], [ -70.517788778999943, -33.372817715999929 ], [ -70.517789305999941, -33.37281794699993 ], [ -70.517789833999927, -33.372818178999921 ], [ -70.517872593999925, -33.372854460999918 ], [ -70.518032264999931, -33.372924493999903 ], [ -70.518292205999899, -33.373038450999957 ], [ -70.518311129999915, -33.373046738999903 ], [ -70.518361227999947, -33.373071274999916 ], [ -70.518516842999929, -33.373147489999951 ], [ -70.518520443999932, -33.373149167999941 ], [ -70.518536099999949, -33.37315646199994 ], [ -70.518676875999915, -33.373222052999949 ], [ -70.518760581999913, -33.373261052999908 ], [ -70.518773757999952, -33.373267067999905 ], [ -70.51881573299994, -33.373286227999927 ], [ -70.518845650999936, -33.373299884999938 ], [ -70.518861472999902, -33.373307106999903 ], [ -70.518943134999915, -33.37334438399995 ], [ -70.5190794479999, -33.373401305999948 ], [ -70.519096391999938, -33.373408380999933 ], [ -70.519303854999919, -33.373495013999957 ], [ -70.519303985999898, -33.373495067999954 ], [ -70.519304025999929, -33.373495084999945 ], [ -70.519304138999928, -33.373495131999903 ], [ -70.519385324999917, -33.373529033999944 ], [ -70.519385752999938, -33.373529212999927 ], [ -70.519501139999932, -33.373577395999916 ], [ -70.519523188999926, -33.373586602999922 ], [ -70.519532021999908, -33.373590642999943 ], [ -70.519534966999913, -33.373591989999909 ], [ -70.519914798999935, -33.373765714999934 ], [ -70.519944134999946, -33.373779132999914 ], [ -70.51999283899994, -33.373801809999918 ], [ -70.519995337999944, -33.373802968999939 ], [ -70.519995803999905, -33.373803184999929 ], [ -70.519997368999952, -33.373803924999947 ], [ -70.520202666999921, -33.373899535999954 ], [ -70.52020362199994, -33.373899980999909 ], [ -70.520203710999908, -33.37390002199993 ], [ -70.520203780999907, -33.373900054999922 ], [ -70.520206489999907, -33.373901316999934 ], [ -70.520263814999907, -33.373927569999921 ], [ -70.520312218999948, -33.373949736999919 ], [ -70.520395819999919, -33.373988022999924 ], [ -70.520435649999911, -33.374006262999956 ], [ -70.520437874999914, -33.374007281999923 ], [ -70.520441096999946, -33.374008757999945 ], [ -70.520443063999949, -33.37400965899991 ], [ -70.520450543999914, -33.374013083999955 ], [ -70.520450582999899, -33.374013101999935 ], [ -70.520450636999954, -33.374013126999955 ], [ -70.520468596999933, -33.374021393999953 ], [ -70.520537769999919, -33.374053161999939 ], [ -70.520585236999921, -33.374074961999952 ], [ -70.520595107999952, -33.374079171999938 ], [ -70.520596956999952, -33.374079959999904 ], [ -70.520602332999943, -33.374082252999926 ], [ -70.520605227999908, -33.37408348799994 ], [ -70.52062791499992, -33.374093162999941 ], [ -70.520629870999926, -33.374093996999932 ], [ -70.52066937099994, -33.374110264999956 ], [ -70.520689734999905, -33.374118651999936 ], [ -70.520693638999944, -33.374120324999922 ], [ -70.520989837999934, -33.374261144999934 ], [ -70.521368998999947, -33.374441407999939 ], [ -70.521463143999938, -33.374479558999951 ], [ -70.522513394999919, -33.374905149999904 ], [ -70.522799063999912, -33.375020908999943 ], [ -70.523939345999906, -33.375482967999915 ], [ -70.52426969499993, -33.375616825999941 ], [ -70.524384613999928, -33.375670322999952 ], [ -70.524507512999946, -33.375728646999903 ], [ -70.524661225999921, -33.375807141999928 ], [ -70.524764743999924, -33.375868964999938 ], [ -70.524813025999947, -33.375897799999905 ], [ -70.524924464999913, -33.375960382999949 ], [ -70.524991389999911, -33.375997966999932 ], [ -70.525156098999901, -33.376087981999945 ], [ -70.52516027899992, -33.376090266999938 ], [ -70.525297173999945, -33.376165080999954 ], [ -70.525379456999929, -33.376210049999941 ], [ -70.525406717999942, -33.376224947999958 ], [ -70.525503560999937, -33.376277872999935 ], [ -70.525555431999919, -33.376306520999947 ], [ -70.525606356999901, -33.376334646999908 ], [ -70.525642047999952, -33.376354358999947 ], [ -70.525642499999947, -33.376354561999904 ], [ -70.525642650999941, -33.376354629999923 ], [ -70.525648298999897, -33.376357172999917 ], [ -70.525652264999906, -33.376358957999912 ], [ -70.525753701999918, -33.376404619999903 ], [ -70.525849056999903, -33.376448626999945 ], [ -70.525849225999934, -33.376448704999916 ], [ -70.525849394999909, -33.376448782999944 ], [ -70.525892882999926, -33.376468852999949 ], [ -70.525993451999909, -33.376515266999945 ], [ -70.525999154999909, -33.376518160999922 ], [ -70.526020801999948, -33.376529143999903 ], [ -70.526082158999941, -33.376560273999928 ], [ -70.526094856999919, -33.376566897999908 ], [ -70.526174171999912, -33.376608268999917 ], [ -70.526190053999926, -33.376616604999924 ], [ -70.526190104999898, -33.376616631999923 ], [ -70.526190156999917, -33.376616658999922 ], [ -70.526237394999953, -33.376641718999906 ], [ -70.526336603999937, -33.376694347999944 ], [ -70.52635171299994, -33.376702106999915 ], [ -70.526366459999906, -33.376709679999919 ], [ -70.526427463999937, -33.376741007999954 ], [ -70.526471571999934, -33.376763658999948 ], [ -70.526473085999953, -33.376764442999956 ], [ -70.526478131999909, -33.376767054999902 ], [ -70.526503574999936, -33.376780319999909 ], [ -70.526520934999951, -33.376789369999926 ], [ -70.526520991999917, -33.37678939999995 ], [ -70.526521049999928, -33.376789429999917 ], [ -70.526546226999926, -33.376802516999931 ], [ -70.526567759999921, -33.376813708999919 ], [ -70.526611189999926, -33.376836282999932 ], [ -70.526612923999949, -33.376837400999932 ], [ -70.52662167099993, -33.376843039999926 ], [ -70.526876171999902, -33.377007103999915 ], [ -70.527121131999934, -33.377164154999946 ], [ -70.527152094999906, -33.377186563999942 ], [ -70.527186851999943, -33.377211718999945 ], [ -70.527201052999942, -33.377221996999936 ], [ -70.527408748999903, -33.377372314999946 ], [ -70.527411695999945, -33.377374470999939 ], [ -70.527504930999953, -33.377442680999934 ], [ -70.527639286999943, -33.377568599999904 ], [ -70.527677428999937, -33.377605455999912 ], [ -70.527753377999943, -33.377678842999956 ], [ -70.527946204999921, -33.377872389999936 ], [ -70.527954516999898, -33.377880732999927 ], [ -70.527954742999952, -33.377880959999914 ], [ -70.528051821999952, -33.37797840099995 ], [ -70.52810693899994, -33.378048656999908 ], [ -70.528112496999938, -33.378055741999958 ], [ -70.528128347999939, -33.37807594599991 ], [ -70.528154653999934, -33.378109476999953 ], [ -70.528220542999918, -33.378193463999935 ], [ -70.528413998999952, -33.378432983999915 ], [ -70.52867739699991, -33.378759098999922 ], [ -70.528679565999937, -33.37876087199993 ], [ -70.528699328999949, -33.378781974999924 ], [ -70.528900119999946, -33.378996388999951 ], [ -70.5289005489999, -33.378996854999912 ], [ -70.529145187999916, -33.379262800999925 ], [ -70.529389345999903, -33.379500144999952 ], [ -70.529854522999926, -33.379934366999919 ], [ -70.530104837999943, -33.38016706499991 ], [ -70.530474744999935, -33.38051093699994 ], [ -70.530636577999928, -33.380661721999957 ], [ -70.530730258999938, -33.380749006999906 ], [ -70.531307480999942, -33.381286822999925 ], [ -70.531363919999933, -33.381342774999951 ], [ -70.531962918999909, -33.381904307999946 ], [ -70.532041560999915, -33.382009260999951 ], [ -70.532238600999904, -33.382272224999952 ], [ -70.532260839999935, -33.382301904999906 ], [ -70.532674037999925, -33.382731705999902 ], [ -70.532755198999951, -33.382817797999905 ], [ -70.532812770999953, -33.382878866999931 ], [ -70.532868326999903, -33.382937798999933 ], [ -70.533237922999945, -33.383329846999914 ], [ -70.53340004699993, -33.383501817999957 ], [ -70.533555824999951, -33.383666923999954 ], [ -70.533693304999929, -33.383812635999902 ], [ -70.533877464999932, -33.384007821999944 ], [ -70.533892032999916, -33.383997774999955 ], [ -70.533892607999917, -33.383997378999936 ], [ -70.533948961999954, -33.383958514999904 ], [ -70.533954517999916, -33.383954682999956 ], [ -70.533984754999949, -33.383933829999933 ], [ -70.533986474999949, -33.383932643999913 ], [ -70.534060986999918, -33.383881256999928 ], [ -70.534069579999937, -33.383875330999956 ], [ -70.534091167999918, -33.383860628999912 ], [ -70.534110110999904, -33.383847727999921 ], [ -70.534119283999928, -33.383841480999934 ], [ -70.534143495999899, -33.383824990999926 ], [ -70.534158380999941, -33.383818867999935 ], [ -70.534204873999897, -33.38379974299994 ], [ -70.534227796999915, -33.383790313999953 ], [ -70.534232757999916, -33.383788272999936 ], [ -70.534278167999901, -33.383769593999943 ], [ -70.534279821999917, -33.383768913999916 ], [ -70.534293738999907, -33.383763188999922 ], [ -70.534310989999938, -33.383753330999923 ], [ -70.534341226999913, -33.38373605299995 ], [ -70.534353593999924, -33.383728985999937 ], [ -70.534394018999933, -33.383705884999927 ], [ -70.53439783999994, -33.383703701999934 ], [ -70.534408801999916, -33.383696045999955 ], [ -70.534410147999949, -33.383695105999948 ], [ -70.534418831999915, -33.383689040999911 ], [ -70.534427586999925, -33.383682925999949 ], [ -70.534444820999909, -33.383670889999905 ], [ -70.534453454999948, -33.383664859999953 ], [ -70.534464011999944, -33.383657486999937 ], [ -70.534489779999944, -33.38363948999995 ], [ -70.534493792999911, -33.383636686999921 ], [ -70.534494625999912, -33.383636104999937 ], [ -70.534499048999919, -33.383633015999919 ], [ -70.534516441999926, -33.383620868999913 ], [ -70.534525781999946, -33.383614345999945 ], [ -70.534548914999903, -33.38359818999993 ], [ -70.534555492999914, -33.383593595999912 ], [ -70.534571875999916, -33.383582153999953 ], [ -70.534573344999899, -33.38358104799994 ], [ -70.534600205999936, -33.383560820999946 ], [ -70.534635106999929, -33.383535719999941 ], [ -70.534640353999919, -33.383532472999946 ], [ -70.534642155999904, -33.383531357999914 ], [ -70.534645105999914, -33.383529532999944 ], [ -70.534649844999933, -33.383526600999915 ], [ -70.534651697999948, -33.383525453999937 ], [ -70.534655710999914, -33.383522969999945 ], [ -70.534662288999925, -33.383557283999949 ], [ -70.534671423999953, -33.38360494199992 ], [ -70.534673420999923, -33.383615358999918 ], [ -70.534673473999931, -33.383615634999956 ], [ -70.534715166999945, -33.383833144999926 ], [ -70.53471580799993, -33.383836488999918 ], [ -70.534722246999934, -33.383870080999941 ], [ -70.534723934999931, -33.383878887999913 ], [ -70.534724425999912, -33.383882453999945 ], [ -70.534724467999922, -33.383882758999903 ], [ -70.5347246689999, -33.383884208999916 ], [ -70.534724943999947, -33.383886014999916 ], [ -70.534726013999943, -33.383892612999944 ], [ -70.5347272059999, -33.383899188999919 ], [ -70.534728518999941, -33.383905742999957 ], [ -70.534729953999943, -33.383912270999929 ], [ -70.534731508999926, -33.383918770999912 ], [ -70.534733183999947, -33.383925241999918 ], [ -70.53473497899995, -33.383931679999932 ], [ -70.534737872999926, -33.383941211999911 ], [ -70.534741029999907, -33.383950658999936 ], [ -70.534744446999923, -33.383960015999946 ], [ -70.53474812099995, -33.383969274999913 ], [ -70.534752049999952, -33.38397842899991 ], [ -70.534756229999914, -33.383987470999955 ], [ -70.534760658999915, -33.383996392999904 ], [ -70.534761516999936, -33.383998036999913 ], [ -70.534761910999919, -33.38399880399993 ], [ -70.534763180999903, -33.384001206999926 ], [ -70.534764891999941, -33.384004360999938 ], [ -70.534767823999914, -33.38400956299995 ], [ -70.534770844999912, -33.384014714999921 ], [ -70.53477395199991, -33.384019813999942 ], [ -70.534777144999907, -33.384024860999943 ], [ -70.534780422999916, -33.384029851999912 ], [ -70.534783784999945, -33.384034786999905 ], [ -70.534787229999949, -33.384039664999932 ], [ -70.534788028999913, -33.384040779999907 ], [ -70.534792237999909, -33.384046560999934 ], [ -70.534796550999943, -33.384052265999912 ], [ -70.534800965999921, -33.38405789199993 ], [ -70.534805481999911, -33.384063437999941 ], [ -70.534810095999944, -33.384068900999921 ], [ -70.534814808999897, -33.384074279999936 ], [ -70.534819616999926, -33.384079573999941 ], [ -70.534966704999931, -33.384166750999952 ], [ -70.53510822699991, -33.384229786999924 ], [ -70.535504885999899, -33.384406465999916 ], [ -70.535826630999907, -33.384549776999904 ], [ -70.535860635999938, -33.384564922999914 ], [ -70.536093161999929, -33.384641881999926 ], [ -70.53610355099994, -33.384643960999938 ], [ -70.536113929999942, -33.384646085999918 ], [ -70.536124299999926, -33.384648256999924 ], [ -70.536134660999949, -33.384650472999908 ], [ -70.536145010999917, -33.384652734999918 ], [ -70.536155351999923, -33.384655042999952 ], [ -70.536165681999933, -33.384657395999909 ], [ -70.536170197999922, -33.384658442999921 ], [ -70.536174712999923, -33.384659492999958 ], [ -70.536179223999909, -33.384660555999915 ], [ -70.536183734999952, -33.384661623999932 ], [ -70.536188241999923, -33.384662704999926 ], [ -70.536192748999952, -33.384663790999923 ], [ -70.536197252999898, -33.384664889999954 ], [ -70.536201754999922, -33.384665991999952 ], [ -70.536206253999922, -33.384667107999917 ], [ -70.536210750999942, -33.384668227999953 ], [ -70.536215245999927, -33.384669361999954 ], [ -70.536219738999932, -33.384670498999924 ], [ -70.536224229999902, -33.384671649999916 ], [ -70.536228718999951, -33.384672803999933 ], [ -70.536233204999917, -33.384673971999916 ], [ -70.536237688999904, -33.384675143999914 ], [ -70.536242169999923, -33.384676328999944 ], [ -70.536246649999953, -33.384677518999922 ], [ -70.5362511269999, -33.384678721999933 ], [ -70.536255601999926, -33.384679927999912 ], [ -70.536260073999927, -33.384681148999903 ], [ -70.536264543999948, -33.384682372999919 ], [ -70.536269010999945, -33.384683609999911 ], [ -70.536273476999952, -33.384684850999918 ], [ -70.536277938999945, -33.384686104999957 ], [ -70.536282399999948, -33.384687363999944 ], [ -70.536296944999947, -33.384691539999949 ], [ -70.536311462999947, -33.384695807999947 ], [ -70.536325952999903, -33.384700167999938 ], [ -70.536340415999916, -33.384704618999933 ], [ -70.536354850999942, -33.384709160999932 ], [ -70.536369255999944, -33.384713794999925 ], [ -70.536383631999911, -33.384718518999932 ], [ -70.536386101999938, -33.384719339999947 ], [ -70.536388570999918, -33.38472016299994 ], [ -70.536391038999909, -33.384720989999948 ], [ -70.536393505999911, -33.384721818999935 ], [ -70.536395971999923, -33.384722650999947 ], [ -70.536398436999946, -33.384723485999928 ], [ -70.536400900999922, -33.384724323999933 ], [ -70.536408527999924, -33.384726933999957 ], [ -70.536409518999903, -33.384727272999953 ], [ -70.536416145999908, -33.384729571999912 ], [ -70.536418125999944, -33.384730258999923 ], [ -70.53642375599992, -33.384732228999951 ], [ -70.536425406999911, -33.384732810999935 ], [ -70.536427056999912, -33.384733393999909 ], [ -70.536428706999914, -33.384733978999918 ], [ -70.536430355999926, -33.384734565999906 ], [ -70.536432004999938, -33.384735153999941 ], [ -70.536433652999904, -33.384735742999908 ], [ -70.536435300999926, -33.384736333999911 ], [ -70.536438106999924, -33.384737345999952 ], [ -70.536443870999904, -33.384739423999918 ], [ -70.536445271999924, -33.384739933999924 ], [ -70.536452427999905, -33.384742546999917 ], [ -70.536454870999933, -33.384743443999923 ], [ -70.536457312999914, -33.384744344999945 ], [ -70.536459754999953, -33.384745247999945 ], [ -70.536462194999899, -33.384746153999913 ], [ -70.536464632999923, -33.384747062999907 ], [ -70.536467070999947, -33.384747974999925 ], [ -70.536469507999925, -33.384748889999912 ], [ -70.536471804999906, -33.384749753999927 ], [ -70.536474101999943, -33.38475062099991 ], [ -70.536476397999934, -33.384751489999928 ], [ -70.536478691999946, -33.384752361999915 ], [ -70.536480985999901, -33.384753235999938 ], [ -70.536483277999935, -33.384754112999929 ], [ -70.536485569999911, -33.384754992999945 ], [ -70.536486537999906, -33.384755364999933 ], [ -70.536714642999925, -33.384851803999936 ], [ -70.536883209999928, -33.384923174999926 ], [ -70.537002535999932, -33.384973697999953 ], [ -70.537032224999905, -33.38498626899991 ], [ -70.537158832999921, -33.385039873999915 ], [ -70.537205248999953, -33.385059526999953 ], [ -70.537253323999948, -33.385080073999916 ], [ -70.537376120999909, -33.385132557999952 ], [ -70.537428788999932, -33.385155067999904 ], [ -70.537658416999932, -33.385263183999939 ], [ -70.537973662999946, -33.385411610999938 ], [ -70.537985038999921, -33.385416966999912 ], [ -70.538003398999933, -33.385425611999949 ], [ -70.538039125999944, -33.385442432999923 ], [ -70.538186384999904, -33.38548753099991 ], [ -70.53819348199994, -33.385489703999951 ], [ -70.538209225999935, -33.385496367999906 ], [ -70.5382693869999, -33.385521832999927 ], [ -70.538679797999919, -33.385695551999902 ], [ -70.538680239999906, -33.385695728999906 ], [ -70.538683027999923, -33.385696849999931 ], [ -70.538685057999942, -33.385697663999906 ], [ -70.538686635999909, -33.385698297999909 ], [ -70.538693226999953, -33.385700940999925 ], [ -70.538700298999913, -33.385703776999947 ], [ -70.538700581999933, -33.385703890999935 ], [ -70.538700971999901, -33.385704047999923 ], [ -70.538701024999909, -33.385704068999928 ], [ -70.538701100999901, -33.385704098999952 ], [ -70.538701185999912, -33.385704133999923 ], [ -70.538706863999948, -33.385706419999906 ], [ -70.538707162999913, -33.385706539999944 ], [ -70.538720496999929, -33.385711909999941 ], [ -70.538721899999928, -33.385712489999946 ], [ -70.5387244879999, -33.385713614999929 ], [ -70.53872649099992, -33.385714484999937 ], [ -70.538728202999948, -33.385715228999914 ], [ -70.538729613999919, -33.385715841999911 ], [ -70.538844390999941, -33.385765724999942 ], [ -70.539094515999921, -33.385874431999923 ], [ -70.539094556999942, -33.385874449999903 ], [ -70.539122841999927, -33.385886740999922 ], [ -70.539137739999944, -33.385893213999907 ], [ -70.539470039999912, -33.386037596999927 ], [ -70.540006540999912, -33.386270700999944 ], [ -70.540120724999952, -33.386319444999913 ], [ -70.540178388999948, -33.386350394999909 ], [ -70.540194785999915, -33.386359928999923 ], [ -70.540228497999919, -33.386379528999953 ], [ -70.540235064999933, -33.386383346999935 ], [ -70.540241632999937, -33.386387165999906 ], [ -70.540342665999901, -33.386445906999938 ], [ -70.540364782999916, -33.386458765999919 ], [ -70.540462129999923, -33.386530260999905 ], [ -70.540717915999949, -33.386683234999907 ], [ -70.541189378999945, -33.386965191999934 ], [ -70.541329121999922, -33.387048763999928 ], [ -70.541459131999943, -33.387100958999952 ], [ -70.541594547999921, -33.387155323999934 ], [ -70.541653807999921, -33.387179114999924 ], [ -70.542252197999915, -33.387420035999924 ], [ -70.542530499999941, -33.387532083999929 ], [ -70.543507653999939, -33.387923148999903 ], [ -70.543508437999947, -33.387923481999906 ], [ -70.543517588999919, -33.387927451999929 ], [ -70.543783128999905, -33.388042660999929 ], [ -70.544113318999905, -33.388160708999919 ], [ -70.544114513999943, -33.388161135999951 ], [ -70.544133033999913, -33.388167229999908 ], [ -70.544334448999905, -33.388233506999939 ], [ -70.54467980599992, -33.388347148999912 ], [ -70.544823077999922, -33.388392758999942 ], [ -70.544864610999923, -33.388405980999948 ], [ -70.544880288999934, -33.388410971999917 ], [ -70.54493453799995, -33.388428242999908 ], [ -70.545034220999923, -33.388459976999911 ], [ -70.545276240999954, -33.388538579999931 ], [ -70.545920787999933, -33.388747911999928 ], [ -70.545920998999918, -33.388747979999948 ], [ -70.54592121099995, -33.388748048999958 ], [ -70.545934278999937, -33.388752293999914 ], [ -70.545947569999953, -33.388756573999956 ], [ -70.545947786999932, -33.388756643999955 ], [ -70.545979859999932, -33.388766976999932 ], [ -70.545979899999907, -33.388766989999908 ], [ -70.545979940999928, -33.388767002999941 ], [ -70.546185969999954, -33.388833150999915 ], [ -70.546678665999934, -33.389017622999916 ], [ -70.546813071999907, -33.389067945999955 ], [ -70.5468134649999, -33.389068092999935 ], [ -70.546817242999907, -33.389069506999931 ], [ -70.546820441999898, -33.389070703999948 ], [ -70.546821994999902, -33.389071285999933 ], [ -70.54720470399991, -33.389214568999932 ], [ -70.54721124699995, -33.389217514999928 ], [ -70.547279092999929, -33.389247962999946 ], [ -70.547602168999902, -33.389392954999948 ], [ -70.547679992999917, -33.389428408999947 ], [ -70.547680028999935, -33.389428425999938 ], [ -70.547745916999929, -33.389458443999956 ], [ -70.547760523999898, -33.389465098999949 ], [ -70.547958601999937, -33.389551250999943 ], [ -70.547996776999923, -33.389567854999939 ], [ -70.548024396999949, -33.389579867999942 ], [ -70.548038153999926, -33.389585850999936 ], [ -70.548044804999904, -33.389588743999923 ], [ -70.548044831999903, -33.38958875599991 ], [ -70.548066948999917, -33.389598375999924 ], [ -70.548140272999945, -33.389630266999916 ], [ -70.548149295999906, -33.389633772999957 ], [ -70.548150372999942, -33.389634190999914 ], [ -70.548152608999942, -33.389635059999932 ], [ -70.54815442499995, -33.389635765999913 ], [ -70.548166168999899, -33.389640327999928 ], [ -70.54817526599993, -33.389643862999947 ], [ -70.548178682999946, -33.389645190999943 ], [ -70.548197402999904, -33.389652463999937 ], [ -70.548200791999932, -33.389653780999936 ], [ -70.548227625999914, -33.389664521999919 ], [ -70.548238620999939, -33.389668922999931 ], [ -70.548241452999946, -33.389670055999943 ], [ -70.548250422999899, -33.389673645999949 ], [ -70.54836378199991, -33.389719018999926 ], [ -70.548386717999904, -33.389728199999922 ], [ -70.548407884999904, -33.389736671999913 ], [ -70.548407952999924, -33.389736698999911 ], [ -70.548408020999943, -33.389736726999956 ], [ -70.548408246999941, -33.389736817999903 ], [ -70.548408555999913, -33.389736942999946 ], [ -70.548408819999906, -33.389737048999905 ], [ -70.548421658999928, -33.389742229999911 ], [ -70.548437434999926, -33.389748594999958 ], [ -70.548437707999938, -33.389748669999904 ], [ -70.548442066999939, -33.389750331999949 ], [ -70.548447621999912, -33.389752450999936 ], [ -70.548449593999919, -33.389753202999941 ], [ -70.548460698999918, -33.389757438999936 ], [ -70.548460748999901, -33.389757457999906 ], [ -70.548460820999935, -33.389757485999951 ], [ -70.548461563999922, -33.38975777099995 ], [ -70.548462625999946, -33.389758177999909 ], [ -70.548462945999916, -33.389758300999915 ], [ -70.548481082999899, -33.389765257999954 ], [ -70.548486383999943, -33.389767290999941 ], [ -70.548489164999921, -33.389768357999912 ], [ -70.548493822999944, -33.389770144999943 ], [ -70.548493901999905, -33.38977017499991 ], [ -70.548501480999903, -33.38977308199992 ], [ -70.548540919999937, -33.389788209999949 ], [ -70.548656305999941, -33.389833548999945 ], [ -70.548757035999927, -33.389873128999909 ], [ -70.548761004999903, -33.389874687999907 ], [ -70.548762431999933, -33.389875248999942 ], [ -70.548763545999918, -33.389875686999915 ], [ -70.548840692999931, -33.389906 ], [ -70.548979373999941, -33.389960489999908 ], [ -70.549135986999943, -33.390022026999929 ], [ -70.54913720199994, -33.390022481999949 ], [ -70.549288019999949, -33.390072114999953 ], [ -70.549294097999905, -33.390074114999948 ], [ -70.549388402999909, -33.390105149999954 ], [ -70.549621066999919, -33.390181718999941 ], [ -70.549621095999953, -33.390181726999913 ], [ -70.549624993999942, -33.39018300999993 ], [ -70.549693623999929, -33.39020559599993 ], [ -70.5500083579999, -33.390309171999945 ], [ -70.550197496999942, -33.390376717999914 ], [ -70.550404281999931, -33.390450565999913 ], [ -70.550567935999936, -33.390509010999949 ], [ -70.550928774999932, -33.390637874999925 ], [ -70.551116954999941, -33.390712616999906 ], [ -70.551527219999912, -33.390875563999941 ], [ -70.551612416999944, -33.39090940299991 ], [ -70.551970646999905, -33.391051681999954 ], [ -70.552101274999927, -33.391103562999945 ], [ -70.552345044999925, -33.391194707999944 ], [ -70.552679517999934, -33.391319764999935 ], [ -70.552921872999946, -33.391410378999922 ], [ -70.553338863999898, -33.391566286999932 ], [ -70.553403229999901, -33.391590351999923 ], [ -70.553424731999939, -33.391598390999945 ], [ -70.553680437999901, -33.391693996999948 ], [ -70.553915820999919, -33.391782002999946 ], [ -70.553945093999914, -33.391792095999904 ], [ -70.554396660999942, -33.39194778399991 ], [ -70.554829409999911, -33.392096982999931 ], [ -70.555095129999927, -33.392190994999908 ], [ -70.555507544999898, -33.392336905999912 ], [ -70.555530936999901, -33.392345181999929 ], [ -70.555556234999926, -33.392354131999923 ], [ -70.556011165999905, -33.392515083999911 ], [ -70.556427324999902, -33.392662317999907 ], [ -70.556560718999947, -33.392709511999954 ], [ -70.556703539999944, -33.392758485999934 ], [ -70.556811658999948, -33.392795559999911 ], [ -70.557168874999945, -33.392918047999956 ], [ -70.55726797199992, -33.392952027999911 ], [ -70.557292413999903, -33.392960408999954 ], [ -70.557490458999951, -33.393028316999903 ], [ -70.557551572999898, -33.393049272999917 ], [ -70.557903372999931, -33.393172299999947 ], [ -70.55846178999991, -33.393367578999914 ], [ -70.558982230999902, -33.393549574999952 ], [ -70.558996832999924, -33.393554577999907 ], [ -70.559246007999946, -33.393639950999955 ], [ -70.559699769999952, -33.393795419999947 ], [ -70.55987521499992, -33.393855529999939 ], [ -70.559965384999941, -33.393886423999902 ], [ -70.560183320999897, -33.393961091999927 ], [ -70.560623668999938, -33.394111962999943 ], [ -70.560691196999926, -33.394135098999925 ], [ -70.561058426999921, -33.394260915999951 ], [ -70.561309441999924, -33.39434691699995 ], [ -70.561479132999921, -33.394405054999936 ], [ -70.561494187999926, -33.394410212999958 ], [ -70.561606243999904, -33.394448603999933 ], [ -70.561638624999944, -33.394459931999904 ], [ -70.56171142799991, -33.394485399999951 ], [ -70.561719635999907, -33.394488270999943 ], [ -70.561737925999921, -33.394494668999926 ], [ -70.561763646999907, -33.394503665999935 ], [ -70.561802650999937, -33.394517310999902 ], [ -70.561831197999936, -33.394527296999911 ], [ -70.562025330999916, -33.394595206999952 ], [ -70.562357382999949, -33.394711361999953 ], [ -70.562456123999937, -33.394745901999954 ], [ -70.562568061999912, -33.394785058999958 ], [ -70.563016649999952, -33.394941978999952 ], [ -70.563026656999909, -33.394945478999944 ], [ -70.563307915999928, -33.395043864999934 ], [ -70.563456730999917, -33.39509592099995 ], [ -70.563700733999951, -33.395178193999925 ], [ -70.563935701999924, -33.39525742099994 ], [ -70.563964856999917, -33.39526725099995 ], [ -70.564770493999902, -33.395538890999944 ], [ -70.564933345999918, -33.395595854999954 ], [ -70.565068814999904, -33.395643241999949 ], [ -70.565318090999938, -33.395730436999941 ], [ -70.565519562999953, -33.395800910999924 ], [ -70.566259670999898, -33.39605978599991 ], [ -70.566329199999927, -33.396084105999932 ], [ -70.566860637999923, -33.396269992999919 ], [ -70.566901308999945, -33.396284218999938 ], [ -70.567030832999933, -33.396329523999952 ], [ -70.5673785379999, -33.396451157999934 ], [ -70.567427635999934, -33.396468333999906 ], [ -70.567845156999908, -33.396614392999936 ], [ -70.568471085999931, -33.396833353999909 ], [ -70.568659417999925, -33.396899234999921 ], [ -70.568770386999915, -33.396938053999918 ], [ -70.568803203999948, -33.396949385999903 ], [ -70.568934429999899, -33.396994658999915 ], [ -70.568934757999898, -33.396994781999922 ], [ -70.569131261999928, -33.397068419999925 ], [ -70.56915562599994, -33.397077543999956 ], [ -70.56916227399995, -33.397080033999941 ], [ -70.569163949999904, -33.397080660999904 ], [ -70.569175379999933, -33.39708493899991 ], [ -70.569226964999928, -33.397104244999923 ], [ -70.569240842999932, -33.397109438999905 ], [ -70.569254722999915, -33.397114633999934 ], [ -70.569435246999944, -33.39718219699995 ], [ -70.569675142999927, -33.397271979999914 ], [ -70.569689008999944, -33.397277168999949 ], [ -70.569701573999907, -33.397281871999951 ], [ -70.569704177999938, -33.397282846999929 ], [ -70.56972199899991, -33.397289516999933 ], [ -70.569762250999929, -33.397304580999958 ], [ -70.569769730999951, -33.397307380999905 ], [ -70.569777209999927, -33.39731017999992 ], [ -70.569801732999906, -33.397319357999947 ], [ -70.569973583999911, -33.397383674999958 ], [ -70.570221085999947, -33.397476448999953 ], [ -70.570274887999915, -33.397496601999933 ], [ -70.570284407999907, -33.397500167999908 ], [ -70.570327604999932, -33.397516347999954 ], [ -70.570640565999952, -33.397633572999951 ], [ -70.570757140999945, -33.397677237999915 ], [ -70.570849246999899, -33.397711737999941 ], [ -70.570974857999943, -33.39775878699993 ], [ -70.570996879999939, -33.397767035999948 ], [ -70.571028607999949, -33.397778919999951 ], [ -70.571041685999944, -33.397783818999926 ], [ -70.571054764999928, -33.397788717999958 ], [ -70.571107946999916, -33.397808637999958 ], [ -70.571125131999906, -33.397815074999926 ], [ -70.571125536999944, -33.397815231999914 ], [ -70.571126750999952, -33.397815700999956 ], [ -70.571142970999915, -33.39782226299991 ], [ -70.571195564999925, -33.397843541999919 ], [ -70.571216657999912, -33.397852075999936 ], [ -70.571254471999907, -33.397867374999919 ], [ -70.571259437999913, -33.397869383999932 ], [ -70.571263801999919, -33.397871149999958 ], [ -70.571266197999933, -33.397872118999942 ], [ -70.571275101999902, -33.397875733999911 ], [ -70.571283346999905, -33.397879079999939 ], [ -70.571283399999913, -33.397879100999944 ], [ -70.571283467999933, -33.397879127999943 ], [ -70.571285168999907, -33.397879794999938 ], [ -70.5712860349999, -33.397880134999923 ], [ -70.571286063999935, -33.39788014599992 ], [ -70.571344746999898, -33.397902266999949 ], [ -70.571360673999948, -33.397908270999949 ], [ -70.571438275999924, -33.397937568999907 ], [ -70.571505686999899, -33.397963019999906 ], [ -70.571580536999932, -33.397991299999944 ], [ -70.571607453999945, -33.398001459999932 ], [ -70.571702855999945, -33.398038624999913 ], [ -70.571765446999905, -33.398063007999951 ], [ -70.571830866999903, -33.398088492999932 ], [ -70.571924974999945, -33.398125153999956 ], [ -70.572046640999929, -33.398172549999913 ], [ -70.572421522999946, -33.398318589999917 ], [ -70.572459232999904, -33.398333279999918 ], [ -70.572629007999922, -33.39839941799994 ], [ -70.572811324999918, -33.398470440999915 ], [ -70.57297309799992, -33.398533461999932 ], [ -70.573132108999914, -33.398595405999913 ], [ -70.573360517999902, -33.398684389999914 ], [ -70.573361029999944, -33.398684589999903 ], [ -70.573401721999915, -33.398700441999949 ], [ -70.573402572999953, -33.398700773999906 ], [ -70.573418087999926, -33.398706817999937 ], [ -70.57371724099994, -33.398823362999906 ], [ -70.573872623999932, -33.398883896999905 ], [ -70.57391337699994, -33.398899773999915 ], [ -70.574112747999948, -33.398977444999957 ], [ -70.574491154999919, -33.399124865999909 ], [ -70.574546108999925, -33.399146274999907 ], [ -70.574558617999912, -33.39915114799993 ], [ -70.574873571999944, -33.39927384899994 ], [ -70.574963427999933, -33.399308854999958 ], [ -70.575395236999952, -33.39947707999994 ], [ -70.575439969999934, -33.399494506999929 ], [ -70.575655111999936, -33.399578322999957 ], [ -70.575729890999924, -33.399607455999956 ], [ -70.575748218999934, -33.399614595999935 ], [ -70.575804946999938, -33.399637492999943 ], [ -70.575899233999905, -33.399675549999927 ], [ -70.575966176999941, -33.399702569999931 ], [ -70.576167939999948, -33.399784006999937 ], [ -70.576173185999949, -33.399786134999943 ], [ -70.576253952999934, -33.399819093999952 ], [ -70.576256240999953, -33.399820027999908 ], [ -70.576256734999902, -33.399820229999932 ], [ -70.57625803399992, -33.399820759999955 ], [ -70.576438606999943, -33.399894470999925 ], [ -70.576472714999909, -33.399908393999908 ], [ -70.576676014999919, -33.399991382999929 ], [ -70.576677952999944, -33.399992173999919 ], [ -70.576779089999945, -33.400033458999928 ], [ -70.576888329999917, -33.400078051999913 ], [ -70.576986049999903, -33.400117941999952 ], [ -70.577059941999948, -33.400148104999914 ], [ -70.577087856999924, -33.400159500999905 ], [ -70.577091211999914, -33.400160869999922 ], [ -70.577198548999945, -33.400204600999928 ], [ -70.577279060999899, -33.400237402999949 ], [ -70.577317122999943, -33.400252909999949 ], [ -70.5773419759999, -33.400263034999909 ], [ -70.577422567999918, -33.400295869999923 ], [ -70.577443145999951, -33.400304253999934 ], [ -70.577474663999908, -33.400317094999934 ], [ -70.577548699999909, -33.400347257999954 ], [ -70.577550062999933, -33.400347812999939 ], [ -70.5775514259999, -33.400348368999914 ], [ -70.577583253999933, -33.400361335999946 ], [ -70.577806581999937, -33.400452322999911 ], [ -70.578163341999925, -33.400597672999936 ], [ -70.578316585999914, -33.400660106999908 ], [ -70.578359194999905, -33.400677466999923 ], [ -70.578370530999905, -33.400682084999914 ], [ -70.578383363999933, -33.400687312999935 ], [ -70.578518429999917, -33.400742340999955 ], [ -70.578776423999898, -33.400847451999937 ], [ -70.578952891999904, -33.400919346999956 ], [ -70.579015304999928, -33.400944774999914 ], [ -70.579029471999945, -33.400950546999923 ], [ -70.579052804999947, -33.400960052999949 ], [ -70.579077941999913, -33.400970293999933 ], [ -70.579191731999913, -33.401016653999932 ], [ -70.579281192999929, -33.401054446999922 ], [ -70.579281306999917, -33.401054494999926 ], [ -70.579281421999951, -33.401054543999919 ], [ -70.579583821999904, -33.401174991999937 ], [ -70.579800332999923, -33.401261229999932 ], [ -70.579865602999917, -33.401287226999955 ], [ -70.580204367999897, -33.401422159999925 ], [ -70.580348681999908, -33.401483570999915 ], [ -70.580385990999901, -33.401499447999925 ], [ -70.580632604999948, -33.401604391999911 ], [ -70.580802472999949, -33.401676676999955 ], [ -70.580890674999921, -33.401714209999909 ], [ -70.581066746999909, -33.401789135999934 ], [ -70.581177016999902, -33.401833542999952 ], [ -70.581230140999935, -33.401854936999939 ], [ -70.581501005999939, -33.401964017999944 ], [ -70.581730372999914, -33.402056386999902 ], [ -70.582020886999942, -33.402173380999955 ], [ -70.582086353999898, -33.402199744999905 ], [ -70.58218784099995, -33.402240614999926 ], [ -70.582272107999927, -33.402277519999927 ], [ -70.582595319999939, -33.402419072999919 ], [ -70.5828531169999, -33.402531975999921 ], [ -70.583013724999944, -33.402602314999911 ], [ -70.583114994999903, -33.402646768999944 ], [ -70.583276225999953, -33.402717542999937 ], [ -70.583471526999915, -33.402803272999904 ], [ -70.58358826999995, -33.40285825299992 ], [ -70.583671319999951, -33.402897364999944 ], [ -70.583928913999898, -33.40301867799991 ], [ -70.58404298499994, -33.403090901999917 ], [ -70.584110687999953, -33.403133767999918 ], [ -70.584197657999937, -33.403188832999945 ], [ -70.58421941499995, -33.403202608999948 ], [ -70.584246212999915, -33.403219575999913 ], [ -70.5842792709999, -33.403240505999918 ], [ -70.584301137999944, -33.403252945999952 ], [ -70.58430381799991, -33.403254470999912 ], [ -70.584392592999905, -33.403304976999948 ], [ -70.584432849999928, -33.403327879999949 ], [ -70.58445295599995, -33.403339317999951 ], [ -70.584455858999945, -33.403340969999931 ], [ -70.584461103999899, -33.403343953999922 ], [ -70.584494570999937, -33.403362992999917 ], [ -70.584533281999938, -33.403385015999902 ], [ -70.584536185999923, -33.403386667999939 ], [ -70.584578932999932, -33.403410987999905 ], [ -70.5846184749999, -33.403433483999947 ], [ -70.584639933999938, -33.403445691999934 ], [ -70.58464555899991, -33.403448891999915 ], [ -70.584649087999935, -33.403450899999939 ], [ -70.584671555999932, -33.403463681999938 ], [ -70.584672023999929, -33.40346394799991 ], [ -70.58468522499993, -33.403471458999945 ], [ -70.58472274099995, -33.403492801999903 ], [ -70.584729179999954, -33.403496464999932 ], [ -70.58474181999992, -33.403503655999941 ], [ -70.584771511999918, -33.403520547999904 ], [ -70.584806153999921, -33.403540256999918 ], [ -70.584820208999929, -33.40354825299994 ], [ -70.58482807799993, -33.403552729999944 ], [ -70.585101606999899, -33.403708342999948 ], [ -70.585215299999902, -33.403773024999907 ], [ -70.585310425999921, -33.403827142999944 ], [ -70.585651261999942, -33.403978947999917 ], [ -70.585696, -33.40399887399991 ], [ -70.585785389999899, -33.404038686999911 ], [ -70.585806505999926, -33.404045221999922 ], [ -70.5860874789999, -33.40413217999992 ], [ -70.586108118999903, -33.404138567999951 ], [ -70.586136899999929, -33.404147474999945 ], [ -70.58617879499991, -33.404160440999931 ], [ -70.586198966999916, -33.404166683999904 ], [ -70.586212355999919, -33.404170827999906 ], [ -70.586220535999928, -33.404173359999902 ], [ -70.586263687999917, -33.404186714999923 ], [ -70.586376304999931, -33.404221568999958 ], [ -70.586382860999947, -33.40422359799993 ], [ -70.586391103999915, -33.404226148999953 ], [ -70.586423852999928, -33.404236283999921 ], [ -70.586450973999945, -33.404244677999941 ], [ -70.586479765999911, -33.404253587999904 ], [ -70.586504253999919, -33.404261166999902 ], [ -70.586584438999921, -33.404285983999955 ], [ -70.586605370999905, -33.404292461999944 ], [ -70.58661683899993, -33.404296010999929 ], [ -70.586617801999921, -33.404296209999927 ], [ -70.586632535999911, -33.404299245999937 ], [ -70.586713680999935, -33.404315965999956 ], [ -70.586925819999919, -33.404359676999945 ], [ -70.587000636999903, -33.404375092999942 ], [ -70.58715503399992, -33.404401427999915 ], [ -70.587159149999934, -33.404402129999937 ], [ -70.587493392999932, -33.404459139999915 ], [ -70.5875803429999, -33.404473970999902 ], [ -70.587835134999921, -33.404517428999952 ], [ -70.587842221999949, -33.404518637999956 ], [ -70.587940953999919, -33.404535477999957 ], [ -70.588159166999901, -33.404572697999924 ], [ -70.58833889999994, -33.404603353999903 ], [ -70.588356785999906, -33.404606404999925 ], [ -70.588375099999951, -33.404610778999938 ], [ -70.5883934229999, -33.404615118999914 ], [ -70.588411752999946, -33.404619424999908 ], [ -70.588430090999907, -33.40462369699992 ], [ -70.588448436999897, -33.40462793599994 ], [ -70.588466790999917, -33.404632139999933 ], [ -70.588485152999908, -33.404636310999933 ], [ -70.588490521999915, -33.404637523999952 ], [ -70.588495890999923, -33.404638733999946 ], [ -70.588501260999919, -33.404639940999914 ], [ -70.588506631999905, -33.404641144999914 ], [ -70.588512002999948, -33.404642345999946 ], [ -70.588517374999924, -33.404643544999942 ], [ -70.588522747999946, -33.404644739999924 ], [ -70.588552472999936, -33.404651298999909 ], [ -70.588582217999942, -33.404657768999925 ], [ -70.588611981999918, -33.404664150999906 ], [ -70.588641763999931, -33.404670443999919 ], [ -70.588671565999903, -33.404676647999906 ], [ -70.588701384999922, -33.404682763999915 ], [ -70.588731222999911, -33.404688789999909 ], [ -70.588750863999906, -33.404692705999935 ], [ -70.588770512999929, -33.404696583999907 ], [ -70.588790168999935, -33.404700422999952 ], [ -70.588809831999924, -33.404704222999953 ], [ -70.588829503999932, -33.404707983999913 ], [ -70.588849181999933, -33.404711706999933 ], [ -70.588868867999906, -33.404715390999911 ], [ -70.58889146599995, -33.404719572999909 ], [ -70.588914072999899, -33.404723703999935 ], [ -70.588936688999922, -33.404727783999931 ], [ -70.588959314999897, -33.404731812999955 ], [ -70.588981948999901, -33.404735789999904 ], [ -70.589004592999913, -33.404739716999927 ], [ -70.589027244999897, -33.404743591999932 ], [ -70.589044399999921, -33.404746492999948 ], [ -70.589127956999903, -33.404763889999913 ], [ -70.589494447999925, -33.404840194999906 ], [ -70.589587982999944, -33.404863082999952 ], [ -70.589808744999914, -33.404917103999935 ], [ -70.590044840999951, -33.404974876999916 ], [ -70.590095859999906, -33.404986650999945 ], [ -70.590146672999936, -33.404999282999938 ], [ -70.590197265999905, -33.405012769999928 ], [ -70.590247623999915, -33.405027107999956 ], [ -70.590297733999932, -33.405042291999905 ], [ -70.590347580999946, -33.40505831899992 ], [ -70.590397149999944, -33.405075183999941 ], [ -70.590401114999906, -33.405076573999906 ], [ -70.590405078999936, -33.405077968999933 ], [ -70.59040903999994, -33.405079368999907 ], [ -70.590412999999899, -33.405080774999931 ], [ -70.590416957999935, -33.405082186999948 ], [ -70.590420912999946, -33.405083603999913 ], [ -70.590424866999911, -33.405085025999938 ], [ -70.590432169999929, -33.405087666999918 ], [ -70.590439466999953, -33.405090326999925 ], [ -70.590446756999938, -33.405093004999912 ], [ -70.590454039999941, -33.405095700999937 ], [ -70.590461316999949, -33.40509841599993 ], [ -70.590468585999929, -33.405101148999904 ], [ -70.590475848999915, -33.405103899999915 ], [ -70.590479719999905, -33.405105373999902 ], [ -70.590483587999927, -33.405106853999939 ], [ -70.590487454999902, -33.405108338999923 ], [ -70.590491318999909, -33.405109829999958 ], [ -70.590495180999937, -33.40511132499995 ], [ -70.590499041999919, -33.405112826999925 ], [ -70.590502899999933, -33.405114332999915 ], [ -70.590508977999946, -33.405116715999952 ], [ -70.590515051999944, -33.405119110999919 ], [ -70.590521119999948, -33.405121519999909 ], [ -70.590527182999949, -33.405123940999943 ], [ -70.5905332399999, -33.405126375999942 ], [ -70.590539292999949, -33.405128822999927 ], [ -70.590545339999949, -33.405131283999935 ], [ -70.590550694999934, -33.405133473999911 ], [ -70.590556045999904, -33.405135673999951 ], [ -70.590561392999916, -33.405137883999942 ], [ -70.590566734999925, -33.40514010399994 ], [ -70.590572073999908, -33.405142334999937 ], [ -70.590577407999945, -33.405144574999952 ], [ -70.59058273799991, -33.405146824999917 ], [ -70.590586472999917, -33.405148413999939 ], [ -70.590590206999934, -33.405150007999907 ], [ -70.590593937999927, -33.405151606999937 ], [ -70.59059766699994, -33.405153210999913 ], [ -70.590601392999929, -33.40515481999995 ], [ -70.590605117999928, -33.405156434999924 ], [ -70.590608839999902, -33.405158053999912 ], [ -70.590609490999952, -33.405158338999911 ], [ -70.590618384999914, -33.405162231999952 ], [ -70.59062335099992, -33.405164431999935 ], [ -70.590628316999926, -33.40516662999994 ], [ -70.59063328499991, -33.405168824999919 ], [ -70.590638253999941, -33.405171017999919 ], [ -70.590643223999905, -33.40517320899994 ], [ -70.590648194999915, -33.405175396999937 ], [ -70.590653166999914, -33.405177582999954 ], [ -70.59065996299995, -33.405180566999945 ], [ -70.590666761999898, -33.405183546999922 ], [ -70.590673561999949, -33.405186521999951 ], [ -70.590680364999912, -33.405189492999909 ], [ -70.590687168999921, -33.40519245899992 ], [ -70.590693974999908, -33.405195420999917 ], [ -70.590700782999932, -33.405198378999955 ], [ -70.590760592999914, -33.405224135999958 ], [ -70.590820546999907, -33.405249557999923 ], [ -70.590880641999945, -33.405274641999938 ], [ -70.590940877999913, -33.405299389999925 ], [ -70.59100124999992, -33.405323798999916 ], [ -70.591061758999899, -33.405347869999957 ], [ -70.591122401999939, -33.405371600999956 ], [ -70.591133038999942, -33.405375723999953 ], [ -70.591143680999949, -33.405379836999941 ], [ -70.591154325999923, -33.405383938999933 ], [ -70.591164974999913, -33.405388030999916 ], [ -70.591175628999906, -33.405392111999902 ], [ -70.591186285999925, -33.405396182999937 ], [ -70.591196946999901, -33.405400243999907 ], [ -70.591289611999912, -33.40543164099995 ], [ -70.591409942999917, -33.405474260999938 ], [ -70.591636395999899, -33.405554466999945 ], [ -70.592097177999904, -33.405717668999955 ], [ -70.592151518999913, -33.40573691599991 ], [ -70.592312885999945, -33.405794067999921 ], [ -70.592751133999911, -33.405949284999906 ], [ -70.592796310999915, -33.405966029999945 ], [ -70.592830256999946, -33.405978611999956 ], [ -70.593396859999928, -33.406188623999924 ], [ -70.593617009999946, -33.406270221999932 ], [ -70.593647111999928, -33.40628137899995 ], [ -70.593991571999936, -33.406398571999944 ], [ -70.594140788999937, -33.406449338999948 ], [ -70.595047946999898, -33.40675796599993 ], [ -70.595242963999908, -33.406824311999912 ], [ -70.59525614699993, -33.406828796999946 ], [ -70.595490759999905, -33.406908613999917 ], [ -70.595731207999904, -33.406999685999949 ], [ -70.595756635999919, -33.407009316999904 ], [ -70.595852811999919, -33.407045744999948 ], [ -70.596094476999951, -33.407137277999936 ], [ -70.596665267999924, -33.407353465999904 ], [ -70.596910533999903, -33.407435064999902 ], [ -70.596940405999931, -33.407445002999907 ], [ -70.596982001999947, -33.407458841999926 ], [ -70.597198313999911, -33.407530806999944 ], [ -70.597363490999953, -33.407585759999904 ], [ -70.597428144999924, -33.407605368999953 ], [ -70.597492627999941, -33.407625530999951 ], [ -70.597556935999933, -33.407646245999956 ], [ -70.597621063999952, -33.407667511999932 ], [ -70.597685005999949, -33.407689326999957 ], [ -70.597748759999945, -33.407711690999918 ], [ -70.5978123189999, -33.407734599999912 ], [ -70.597882879999929, -33.40776109299992 ], [ -70.597888359999899, -33.407763149999937 ], [ -70.597945435999918, -33.407784578999951 ], [ -70.597989329999905, -33.407801058999951 ], [ -70.598241910999946, -33.407895889999907 ], [ -70.598249581999937, -33.407898871999919 ], [ -70.598257258999922, -33.40790183799993 ], [ -70.598264941999901, -33.407904787999939 ], [ -70.598272631999919, -33.407907721999948 ], [ -70.59828032799993, -33.407910639999955 ], [ -70.598288028999946, -33.407913541999903 ], [ -70.598295736999944, -33.407916427999908 ], [ -70.598333584999921, -33.407930334999946 ], [ -70.598371573999941, -33.407943854999928 ], [ -70.598409697999898, -33.407956985999931 ], [ -70.598447954999926, -33.407969726999909 ], [ -70.598486339999909, -33.407982076999929 ], [ -70.598524848999944, -33.407994032999909 ], [ -70.598563477999903, -33.408005595999953 ], [ -70.598567346999914, -33.408006730999944 ], [ -70.598574867999901, -33.40800893699992 ], [ -70.598578123999914, -33.408009884999956 ], [ -70.598581380999917, -33.40801082999991 ], [ -70.59858463899991, -33.408011771999952 ], [ -70.598587897999948, -33.408012711999902 ], [ -70.59859115699993, -33.40801364899994 ], [ -70.598594416999902, -33.408014583999943 ], [ -70.598597677999919, -33.408015515999921 ], [ -70.598608622999905, -33.408018624999954 ], [ -70.598609095999905, -33.408018758999958 ], [ -70.598615286999916, -33.408020501999943 ], [ -70.598621479999906, -33.40802223399993 ], [ -70.598627676999911, -33.408023954999919 ], [ -70.598633875999951, -33.408025666999947 ], [ -70.598640078999949, -33.408027367999921 ], [ -70.598646283999926, -33.408029057999954 ], [ -70.598652491999928, -33.408030737999923 ], [ -70.598655690999919, -33.408031598999912 ], [ -70.5986588909999, -33.408032457999923 ], [ -70.598662091999927, -33.408033313999908 ], [ -70.598665293999943, -33.408034166999926 ], [ -70.598668495999902, -33.408035016999918 ], [ -70.598671698999908, -33.408035863999942 ], [ -70.598674902999903, -33.408036707999941 ], [ -70.598686126999951, -33.408039643999928 ], [ -70.598686310999938, -33.408039691999932 ], [ -70.598689494999917, -33.408040516999904 ], [ -70.598692678999953, -33.408041338999908 ], [ -70.598695863999922, -33.408042158999933 ], [ -70.598699049999937, -33.408042976999923 ], [ -70.598702235999951, -33.408043791999944 ], [ -70.598705422999899, -33.40804460499993 ], [ -70.59870861099995, -33.408045414999947 ], [ -70.598708899999906, -33.408045487999914 ], [ -70.598719870999901, -33.408048254999926 ], [ -70.598720077999928, -33.408048303999919 ], [ -70.598720208999907, -33.408048335999922 ], [ -70.598725022999929, -33.408049538999933 ], [ -70.59872983899993, -33.40805073599995 ], [ -70.598734656999909, -33.408051925999928 ], [ -70.598739476999924, -33.408053108999923 ], [ -70.598744297999929, -33.408054284999935 ], [ -70.598749120999912, -33.408055453999907 ], [ -70.598753944999942, -33.408056616999943 ], [ -70.59875877099995, -33.408057773999928 ], [ -70.598763598999938, -33.40805892599991 ], [ -70.598768426999925, -33.408060071999955 ], [ -70.598773257999937, -33.408061212999939 ], [ -70.59877808899995, -33.40806234799993 ], [ -70.598782921999941, -33.408063476999928 ], [ -70.598787755999922, -33.408064599999932 ], [ -70.598794236999936, -33.408066092999945 ], [ -70.598800719999929, -33.408067574999905 ], [ -70.5988072049999, -33.408069045999923 ], [ -70.598813692999897, -33.408070506999934 ], [ -70.59882018299993, -33.408071955999958 ], [ -70.598826675999931, -33.408073395999907 ], [ -70.59883317099991, -33.408074823999925 ], [ -70.598841292999907, -33.408076591999929 ], [ -70.598849419999908, -33.408078342999943 ], [ -70.598857548999945, -33.408080075999919 ], [ -70.598865682999929, -33.408081791999905 ], [ -70.598873819999937, -33.40808348999991 ], [ -70.598881960999904, -33.408085169999936 ], [ -70.598890105999942, -33.408086832999913 ], [ -70.598894869999924, -33.408087792999936 ], [ -70.598902223999914, -33.408089273999906 ], [ -70.59891297899992, -33.408091408999951 ], [ -70.59891952299995, -33.408092692999958 ], [ -70.598926069999948, -33.40809396599991 ], [ -70.598932618999925, -33.408095226999933 ], [ -70.598939169999937, -33.408096476999958 ], [ -70.598945722999929, -33.408097715999929 ], [ -70.598952277999899, -33.408098942999914 ], [ -70.598958835999952, -33.408100157999911 ], [ -70.598962116999928, -33.408100763999926 ], [ -70.598965398999951, -33.408101366999915 ], [ -70.598968681999906, -33.408101965999947 ], [ -70.598971964999919, -33.408102561999954 ], [ -70.59897524899992, -33.408103153999946 ], [ -70.598978533999912, -33.408103742999913 ], [ -70.598981818999903, -33.408104328999912 ], [ -70.598993324999924, -33.408106363999934 ], [ -70.598993911999912, -33.408106467999914 ], [ -70.599004836999939, -33.40810836199995 ], [ -70.599014218999912, -33.408109963999948 ], [ -70.599019464999913, -33.408110851999936 ], [ -70.599024712999949, -33.408111732999942 ], [ -70.599029961999918, -33.408112605999918 ], [ -70.599035211999933, -33.408113471999911 ], [ -70.599040462999938, -33.408114330999922 ], [ -70.599045714999932, -33.40811518299995 ], [ -70.599050968999904, -33.408116027999938 ], [ -70.599061076999931, -33.408117629999936 ], [ -70.59906252199994, -33.408117858999958 ], [ -70.599069131999897, -33.408118890999958 ], [ -70.599075743999947, -33.408119911999904 ], [ -70.599082356999929, -33.40812092199991 ], [ -70.599088971999947, -33.408121920999918 ], [ -70.599095588999944, -33.408122908999928 ], [ -70.59910220699993, -33.408123884999952 ], [ -70.599108826999952, -33.408124850999911 ], [ -70.599119771999938, -33.408126420999906 ], [ -70.599120415999948, -33.408126512999957 ], [ -70.599125390999916, -33.408127216999958 ], [ -70.59913036599994, -33.40812791399992 ], [ -70.599135342999944, -33.408128603999955 ], [ -70.599140319999947, -33.408129287999941 ], [ -70.599145297999939, -33.408129963999954 ], [ -70.599150277999911, -33.408130632999928 ], [ -70.599155257999939, -33.408131295999908 ], [ -70.599166819999937, -33.408132813999941 ], [ -70.599170183999945, -33.40813324699991 ], [ -70.599173547999953, -33.408133677999956 ], [ -70.599176911999905, -33.40813410599992 ], [ -70.599180276999903, -33.408134530999916 ], [ -70.5991836419999, -33.408134953999934 ], [ -70.599187006999898, -33.408135373999926 ], [ -70.599190372999942, -33.40813579099995 ], [ -70.599196050999922, -33.408136486999922 ], [ -70.599201729999947, -33.408137174999922 ], [ -70.599207409999906, -33.408137853999904 ], [ -70.599213089999921, -33.408138524999913 ], [ -70.599218771999915, -33.408139186999904 ], [ -70.599224454999899, -33.408139840999922 ], [ -70.599230138999928, -33.408140485999922 ], [ -70.599233473999902, -33.408140861999925 ], [ -70.599236807999944, -33.408141234999903 ], [ -70.599240143999907, -33.408141603999923 ], [ -70.599243478999938, -33.408141969999917 ], [ -70.599246814999901, -33.408142332999944 ], [ -70.599250150999922, -33.408142692999945 ], [ -70.599253487999931, -33.408143049999921 ], [ -70.599306920999936, -33.408148405999953 ], [ -70.599360421999904, -33.408153026999912 ], [ -70.59941398199993, -33.408156912999914 ], [ -70.599467589999904, -33.408160062999912 ], [ -70.59952123599993, -33.408162475999916 ], [ -70.599574910999934, -33.408164151999927 ], [ -70.599628602999928, -33.408165090999944 ], [ -70.599631958999908, -33.408165127999951 ], [ -70.599635315999933, -33.408165161999932 ], [ -70.599638672999902, -33.408165192999945 ], [ -70.599642028999938, -33.408165219999944 ], [ -70.599645385999906, -33.408165243999917 ], [ -70.599648741999943, -33.408165264999923 ], [ -70.599652098999911, -33.408165281999914 ], [ -70.599663968999948, -33.408165324999914 ], [ -70.599678403999917, -33.408165432999908 ], [ -70.599752363999926, -33.408165983999936 ], [ -70.599895744999912, -33.408167051999953 ], [ -70.600091738999936, -33.408168511999918 ], [ -70.600156515999913, -33.408168993999936 ], [ -70.600281542999937, -33.40816469899994 ], [ -70.600313079999921, -33.408163615999911 ], [ -70.600492757999916, -33.408157444999915 ], [ -70.600537795999912, -33.408155896999915 ], [ -70.600574191999954, -33.408154646999947 ], [ -70.60060547899991, -33.408153571999947 ], [ -70.600605683999902, -33.408153564999907 ], [ -70.600631131999933, -33.408152690999941 ], [ -70.600668601999928, -33.408151403999909 ], [ -70.600763776999941, -33.408148134999919 ], [ -70.600764221999952, -33.408148119999908 ], [ -70.600777032999929, -33.408147679999956 ], [ -70.6007924029999, -33.408147151999913 ], [ -70.600864251999951, -33.408144683999922 ], [ -70.600868761999948, -33.408144528999912 ], [ -70.60102050699993, -33.408139315999904 ], [ -70.601174019999917, -33.408134042999905 ], [ -70.601367099999948, -33.408127409999906 ], [ -70.601457154999935, -33.408120071999917 ], [ -70.601591439999936, -33.408109129999957 ], [ -70.601813511999922, -33.408091035999917 ], [ -70.601849657999935, -33.408087769999952 ], [ -70.601885867999954, -33.408085310999923 ], [ -70.601922122999952, -33.408083660999921 ], [ -70.601958406999927, -33.408082818999958 ], [ -70.601994699999921, -33.408082786999955 ], [ -70.602030984999942, -33.408083564999913 ], [ -70.602067242999908, -33.408085151999956 ], [ -70.602072684999939, -33.408085460999928 ], [ -70.602074791999939, -33.408085580999909 ], [ -70.60208218899993, -33.408086030999925 ], [ -70.602092745999926, -33.408086733999937 ], [ -70.602103296999928, -33.408087506999948 ], [ -70.602113843999916, -33.408088349999957 ], [ -70.602124383999922, -33.408089263999955 ], [ -70.602134918999923, -33.408090247999951 ], [ -70.602145445999952, -33.408091302999935 ], [ -70.602155965999941, -33.408092427999918 ], [ -70.602158076999899, -33.408092661999945 ], [ -70.602160186999924, -33.408092899999929 ], [ -70.60216229699995, -33.408093139999949 ], [ -70.602164405999929, -33.408093382999937 ], [ -70.602166514999908, -33.408093627999904 ], [ -70.602168623999944, -33.408093876999942 ], [ -70.602170732999923, -33.408094127999902 ], [ -70.602187090999905, -33.408096168999919 ], [ -70.602203427999939, -33.408098379999956 ], [ -70.602219740999942, -33.408100759999911 ], [ -70.602236027999936, -33.408103308999955 ], [ -70.602252286999942, -33.408106025999928 ], [ -70.602268517999903, -33.408108912999921 ], [ -70.602284717999908, -33.408111966999911 ], [ -70.602292137999939, -33.408113423999907 ], [ -70.60229955099993, -33.408114916999921 ], [ -70.602306956999939, -33.408116444999905 ], [ -70.602310655999929, -33.408117225999945 ], [ -70.602314355999908, -33.408118007999917 ], [ -70.602318050999941, -33.408118806999937 ], [ -70.602321746999905, -33.408119606999946 ], [ -70.602325058999952, -33.408120335999911 ], [ -70.602328369999952, -33.408121071999915 ], [ -70.602331678999917, -33.408121814999902 ], [ -70.602334986999949, -33.408122564999928 ], [ -70.602338292999946, -33.408123321999938 ], [ -70.602341596999906, -33.40812408599993 ], [ -70.602344899999935, -33.408124856999905 ], [ -70.60234685699993, -33.408125316999929 ], [ -70.602348811999946, -33.408125779999921 ], [ -70.602350767999951, -33.408126244999949 ], [ -70.602352721999921, -33.408126712999945 ], [ -70.602354676999937, -33.40812718299992 ], [ -70.602356629999917, -33.40812765599992 ], [ -70.602358582999898, -33.408128130999955 ], [ -70.602359315999934, -33.408128307999903 ], [ -70.602361920999954, -33.408128950999924 ], [ -70.602365924999901, -33.408129939999924 ], [ -70.6023665109999, -33.408130083999936 ], [ -70.602368564999949, -33.408130597999957 ], [ -70.602370618999942, -33.408131113999957 ], [ -70.602372671999944, -33.408131632999925 ], [ -70.602374723999901, -33.408132153999929 ], [ -70.602376775999915, -33.408132678999948 ], [ -70.602378826999939, -33.408133204999956 ], [ -70.602380876999916, -33.408133734999922 ], [ -70.602382925999905, -33.408134266999923 ], [ -70.60238497499995, -33.408134802999939 ], [ -70.602387022999949, -33.408135340999934 ], [ -70.602389069999901, -33.408135880999907 ], [ -70.602391115999922, -33.408136423999906 ], [ -70.602393161999942, -33.40813696999993 ], [ -70.602395206999915, -33.408137518999922 ], [ -70.602407710999898, -33.408140940999942 ], [ -70.602420185999904, -33.408144463999918 ], [ -70.602432631999932, -33.408148088999951 ], [ -70.602445047999936, -33.40815181399995 ], [ -70.602457433999916, -33.408155640999951 ], [ -70.602469787999951, -33.408159567999917 ], [ -70.602482109999926, -33.408163594999905 ], [ -70.602487323999924, -33.408165252999936 ], [ -70.602492532999918, -33.408166927999957 ], [ -70.602497735999918, -33.408168619999913 ], [ -70.602502932999926, -33.408170328999915 ], [ -70.602508124999929, -33.408172054999909 ], [ -70.602513310999939, -33.40817379799995 ], [ -70.602518491999945, -33.408175557999925 ], [ -70.602529730999947, -33.408179434999909 ], [ -70.602540941999905, -33.40818338999992 ], [ -70.602552125999921, -33.408187424999937 ], [ -70.602563279999913, -33.408191537999926 ], [ -70.602574404999928, -33.408195728999942 ], [ -70.602585500999908, -33.408199998999919 ], [ -70.602596565999931, -33.408204346999923 ], [ -70.602598634999936, -33.408205168999928 ], [ -70.60260070299995, -33.408205993999957 ], [ -70.602602769999919, -33.408206820999908 ], [ -70.602604835999898, -33.408207650999941 ], [ -70.602606900999945, -33.408208483999942 ], [ -70.602608963999899, -33.408209319999912 ], [ -70.602611026999909, -33.408210157999918 ], [ -70.602617190999922, -33.408212681999942 ], [ -70.602623344999927, -33.408215229999939 ], [ -70.602629488999924, -33.408217802999957 ], [ -70.602635621999923, -33.408220398999958 ], [ -70.602641745999904, -33.408223019999923 ], [ -70.602647858999944, -33.408225663999929 ], [ -70.60265396199992, -33.408228332999954 ], [ -70.602661062999914, -33.408231473999933 ], [ -70.602667480999912, -33.408234351999909 ], [ -70.602669156999923, -33.408235108999918 ], [ -70.602670832999934, -33.408235866999917 ], [ -70.602672507999898, -33.408236626999951 ], [ -70.60267418199993, -33.408237388999908 ], [ -70.602675854999916, -33.408238152999957 ], [ -70.602677526999912, -33.408238918999928 ], [ -70.602679198999908, -33.408239685999945 ], [ -70.602680282999927, -33.408240184999954 ], [ -70.602684781999926, -33.40824226299992 ], [ -70.602689273999943, -33.40824435299993 ], [ -70.602693759999909, -33.408246456999905 ], [ -70.602698240999928, -33.408248573999913 ], [ -70.602702714999907, -33.408250703999954 ], [ -70.602707181999904, -33.408252845999925 ], [ -70.602711643999953, -33.408255001999919 ], [ -70.602717878999954, -33.408258041999943 ], [ -70.602719657999899, -33.408258914999919 ], [ -70.6027214369999, -33.408259790999921 ], [ -70.602723213999923, -33.408260667999912 ], [ -70.602724989999899, -33.408261546999938 ], [ -70.602726765999932, -33.408262428999933 ], [ -70.60272853999993, -33.408263311999917 ], [ -70.602730312999938, -33.408264197999927 ], [ -70.602732268999944, -33.408265179999944 ], [ -70.602734223999903, -33.40826616399994 ], [ -70.60273617699994, -33.408267150999905 ], [ -70.602738129999921, -33.408268138999915 ], [ -70.602740080999922, -33.40826913099994 ], [ -70.602742030999934, -33.408270123999955 ], [ -70.6027439799999, -33.408271119999938 ], [ -70.603103251999926, -33.408451645999946 ], [ -70.603265920999945, -33.408502843999941 ], [ -70.603356324999936, -33.408531297999957 ], [ -70.603476585999942, -33.408569147999913 ], [ -70.603531481999937, -33.408585836999919 ], [ -70.603622248999898, -33.408613430999935 ], [ -70.603648774999954, -33.408621488999927 ], [ -70.603691199999901, -33.408634376999942 ], [ -70.60371966699995, -33.408643024999947 ], [ -70.603932433999944, -33.408707659999948 ], [ -70.603955360999919, -33.408714624999902 ], [ -70.604033723999919, -33.408738430999904 ], [ -70.604075854999905, -33.408752599999957 ], [ -70.604201603999911, -33.408794890999957 ], [ -70.604607312999917, -33.40893133599991 ], [ -70.604702194999902, -33.408963245999928 ], [ -70.604770295999913, -33.408986148999929 ], [ -70.604801266999914, -33.408997156999931 ], [ -70.604861200999949, -33.409016982999958 ], [ -70.604874424999934, -33.409021357999904 ], [ -70.604970394999953, -33.409053104999941 ], [ -70.605024709999952, -33.409071071999904 ], [ -70.605047465999917, -33.40907859899994 ], [ -70.605048861999933, -33.409079060999943 ], [ -70.605067470999927, -33.409085215999937 ], [ -70.605077293999898, -33.409088464999911 ], [ -70.605237420999913, -33.409141434999924 ], [ -70.605325794999942, -33.409170668999934 ], [ -70.605352758999913, -33.409179587999915 ], [ -70.60536841399994, -33.409220969999922 ], [ -70.605382321999912, -33.409257734999926 ], [ -70.605383844999949, -33.409261855999944 ], [ -70.605390645999933, -33.409280247999902 ], [ -70.605398953999952, -33.409302738999941 ], [ -70.605405472999905, -33.409320387999912 ], [ -70.605405738999934, -33.409321106999926 ], [ -70.605408853999904, -33.409329541999909 ], [ -70.605417951999925, -33.409345446999907 ], [ -70.605424491999941, -33.409356878999915 ], [ -70.605429341999923, -33.40936535499992 ], [ -70.605434491999915, -33.409374358999912 ], [ -70.605440130999909, -33.409384214999932 ], [ -70.605442600999936, -33.409388532999913 ], [ -70.605446733999941, -33.409395756999913 ], [ -70.60545430399992, -33.409408988999928 ], [ -70.60546142599992, -33.409421437999924 ], [ -70.605504554999925, -33.40949682899992 ], [ -70.605511278999927, -33.409508582999933 ], [ -70.605525671999942, -33.40953813099992 ], [ -70.605572393999921, -33.409634049999909 ], [ -70.605590356999926, -33.409678908999922 ], [ -70.605591520999951, -33.409683208999922 ], [ -70.605615579999949, -33.409772050999948 ], [ -70.605629294999915, -33.409822698999903 ], [ -70.605651990999945, -33.409881747999918 ], [ -70.60566485499993, -33.409915216999934 ], [ -70.605679205999934, -33.409952552999926 ], [ -70.605705176999948, -33.410020120999945 ], [ -70.605729826999948, -33.410090694999951 ], [ -70.605861966999953, -33.410469009999929 ], [ -70.605903492999914, -33.410560732999954 ], [ -70.605916093999951, -33.410588565999944 ], [ -70.605967276999934, -33.410701617999905 ], [ -70.605999977999943, -33.410773847999906 ], [ -70.606027726999912, -33.410891376999928 ], [ -70.606032376999906, -33.41091107099993 ], [ -70.606040635999932, -33.410946055999943 ], [ -70.606043360999934, -33.410957598999914 ], [ -70.606046086999925, -33.41096914499991 ], [ -70.60605013299994, -33.410986282999943 ], [ -70.606060848999903, -33.411031666999918 ], [ -70.606103234999921, -33.411211188999914 ], [ -70.606174652999925, -33.411368304999939 ], [ -70.606245541999954, -33.411496691999957 ], [ -70.606319472999928, -33.411790263999933 ], [ -70.606417109999938, -33.411975774999917 ], [ -70.606504995999899, -33.412096758999951 ], [ -70.606550591999905, -33.412247024999942 ], [ -70.606596716999945, -33.412426018999952 ], [ -70.606632349999927, -33.412518674999944 ], [ -70.606695679999916, -33.412683347999916 ], [ -70.606794642999944, -33.412940676999938 ], [ -70.606875288999902, -33.413133590999905 ], [ -70.606929316999924, -33.413276562999954 ], [ -70.606957124999951, -33.413391142999956 ], [ -70.606959241999903, -33.413506052999935 ], [ -70.606965061999915, -33.413822058999926 ], [ -70.606976802999952, -33.413994313999922 ], [ -70.607013613999925, -33.414156901999945 ], [ -70.607051399999932, -33.414323794999916 ], [ -70.607364010999902, -33.415483494999933 ], [ -70.607426737999901, -33.415633538999941 ], [ -70.607446318999905, -33.415690979999908 ], [ -70.607476532999954, -33.415779610999948 ], [ -70.607481226999937, -33.415793381999947 ], [ -70.607588864999911, -33.415918620999946 ], [ -70.60759526399994, -33.41592606599994 ], [ -70.607645071999912, -33.415984017999904 ], [ -70.607654656999898, -33.415995169999917 ], [ -70.607663191999904, -33.41600509999995 ], [ -70.607695065999906, -33.416042186999903 ], [ -70.607712601999935, -33.41606258999991 ], [ -70.607723823999947, -33.416075646999957 ], [ -70.607727742999941, -33.416080205999947 ], [ -70.60781169899991, -33.416177891999951 ], [ -70.607538335999948, -33.416203614999915 ], [ -70.607510888999911, -33.416206196999951 ], [ -70.607489034999901, -33.416208251999933 ], [ -70.607337169999937, -33.416222541999957 ], [ -70.60721966199992, -33.416233598999952 ], [ -70.60717995199991, -33.416237333999902 ], [ -70.60715568899991, -33.41624182299995 ], [ -70.60709849999995, -33.41625240399992 ], [ -70.607089236999911, -33.416254117999927 ], [ -70.606884909999906, -33.416291918999946 ], [ -70.606798556999934, -33.416307894999932 ], [ -70.606752730999915, -33.416296170999942 ], [ -70.606714222999926, -33.416286319999926 ], [ -70.606643770999938, -33.416258047999918 ], [ -70.606554441999947, -33.416302486999939 ], [ -70.606529006999949, -33.416315140999927 ], [ -70.606513464999921, -33.416322872999956 ], [ -70.606507538999949, -33.416325515999915 ], [ -70.606474369999944, -33.416340314999957 ], [ -70.606425677999937, -33.416362037999932 ], [ -70.606402698999943, -33.416372289999913 ], [ -70.606384269999921, -33.416380511999932 ], [ -70.606329693999953, -33.416404859999943 ], [ -70.606261771999925, -33.416436874999931 ], [ -70.605982955999934, -33.41659644799995 ], [ -70.605893351999953, -33.416647729999909 ], [ -70.605836994999947, -33.416675376999933 ], [ -70.605820893999919, -33.416683275999958 ], [ -70.605806558999916, -33.416690307999943 ], [ -70.605732206999903, -33.416726783999934 ], [ -70.605623752999918, -33.416770637999946 ], [ -70.605568311999946, -33.416790851999906 ], [ -70.60551806299992, -33.416812678999918 ], [ -70.605510677999916, -33.416814647999956 ], [ -70.605430694999939, -33.416851141999928 ], [ -70.605346615999906, -33.416896051999913 ], [ -70.6053301419999, -33.416904849999923 ], [ -70.605326544999912, -33.416906771999948 ], [ -70.605306918999929, -33.416915912999912 ], [ -70.605277353999952, -33.416934145999903 ], [ -70.605269070999952, -33.416939254999932 ], [ -70.605260324999904, -33.416944121999904 ], [ -70.605251321999901, -33.416949136999904 ], [ -70.605242433999933, -33.416954078999936 ], [ -70.605240052999932, -33.416955403999907 ], [ -70.605239995999909, -33.41695543599991 ], [ -70.605224568999915, -33.416964020999956 ], [ -70.605217761999938, -33.416967808999914 ], [ -70.60521250499994, -33.416974343999925 ], [ -70.605205120999926, -33.416979567999931 ], [ -70.605186598999921, -33.416992698999934 ], [ -70.605171103999908, -33.417003676999911 ], [ -70.605164779999939, -33.417010616999903 ], [ -70.605138154999906, -33.417031138999903 ], [ -70.605030825999904, -33.417094715999951 ], [ -70.605017, -33.417102905999911 ], [ -70.605006828999933, -33.417108930999916 ], [ -70.605006211999921, -33.417109296999911 ], [ -70.605005976999905, -33.417109435999919 ], [ -70.604983911999909, -33.417122504999952 ], [ -70.604939428999899, -33.417146403999936 ], [ -70.604930075999903, -33.417151428999944 ], [ -70.604893860999937, -33.417170885999951 ], [ -70.604870362999918, -33.417179546999932 ], [ -70.604867330999923, -33.417180663999943 ], [ -70.604859836999935, -33.417183425999951 ], [ -70.604849494999939, -33.41718723799994 ], [ -70.604684680999924, -33.417218942999909 ], [ -70.604631047999931, -33.417232536999904 ], [ -70.604602472999943, -33.417239778999942 ], [ -70.604538034999905, -33.417244474999904 ], [ -70.604517778999934, -33.417247772999929 ], [ -70.604492788999949, -33.417251840999938 ], [ -70.604443376999939, -33.417254956999955 ], [ -70.604391430999954, -33.417262631999904 ], [ -70.604342562999932, -33.417269852999937 ], [ -70.604288845999918, -33.417272752999907 ], [ -70.604238541999905, -33.417279981999911 ], [ -70.60419460199995, -33.417282353999951 ], [ -70.604146338999954, -33.41728945199992 ], [ -70.604096899999945, -33.417291060999958 ], [ -70.604080505999946, -33.417293088999941 ], [ -70.604060238999921, -33.417295596999907 ], [ -70.603997972999935, -33.417303300999947 ], [ -70.603954014999943, -33.417304731999934 ], [ -70.603899391999903, -33.417311019999943 ], [ -70.603857368999911, -33.417312392999918 ], [ -70.603810111999906, -33.417321543999947 ], [ -70.603757511999902, -33.417326702999958 ], [ -70.603714655999909, -33.417335421999951 ], [ -70.603657233999911, -33.417341053999905 ], [ -70.60344843799993, -33.41734602799994 ], [ -70.603416148999941, -33.417348563999951 ], [ -70.603373277999935, -33.417356445999928 ], [ -70.603344684999911, -33.417358690999947 ], [ -70.603324953999902, -33.417360240999926 ], [ -70.603295338999942, -33.417365338999957 ], [ -70.6032767129999, -33.417368544999931 ], [ -70.603217816999916, -33.417382198999917 ], [ -70.603196511999897, -33.417382197999927 ], [ -70.603192544999899, -33.417382197999927 ], [ -70.60316797999991, -33.417387623999957 ], [ -70.603151140999898, -33.417391342999906 ], [ -70.603099897999925, -33.417402661999915 ], [ -70.603091463999931, -33.417405311999914 ], [ -70.6030785129999, -33.417409379999924 ], [ -70.603062845999943, -33.417412483999954 ], [ -70.603047460999903, -33.41741553199995 ], [ -70.603010164999944, -33.417422921999957 ], [ -70.602961719999939, -33.41743252099991 ], [ -70.60293688999991, -33.417439073999958 ], [ -70.60291445799993, -33.417447315999937 ], [ -70.602885724999908, -33.417452081999954 ], [ -70.602839573999916, -33.417468780999911 ], [ -70.602790444999926, -33.417481450999958 ], [ -70.602739044999907, -33.417499237999948 ], [ -70.602693251999938, -33.417512024999951 ], [ -70.602653544999953, -33.417528235999953 ], [ -70.602549048999947, -33.417565184999944 ], [ -70.602542617999916, -33.417566345999944 ], [ -70.602507553999942, -33.417579744999955 ], [ -70.602452912999922, -33.41760062499992 ], [ -70.602437889999919, -33.417608268999913 ], [ -70.60235771899994, -33.417634628999906 ], [ -70.602352131999908, -33.417636887999947 ], [ -70.602322295999898, -33.417648950999933 ], [ -70.602309681999941, -33.417654050999943 ], [ -70.602273177999905, -33.417667217999906 ], [ -70.602268322999919, -33.417668968999919 ], [ -70.602262915999916, -33.417670919999921 ], [ -70.602259576999927, -33.417672123999921 ], [ -70.602090442999952, -33.417743205999955 ], [ -70.602045954999937, -33.417765902999918 ], [ -70.602016983999931, -33.417780683999922 ], [ -70.602012737999928, -33.417782849999924 ], [ -70.6019255839999, -33.417834007999943 ], [ -70.601925004999941, -33.417834347999928 ], [ -70.601835339999923, -33.417886980999924 ], [ -70.601829361999933, -33.417890489999934 ], [ -70.601676566999913, -33.417980177999937 ], [ -70.601656213999945, -33.417992125999945 ], [ -70.601610559999926, -33.418018801999949 ], [ -70.601596687999916, -33.418026906999955 ], [ -70.601569678999908, -33.418046096999944 ], [ -70.601371870999913, -33.418186637999952 ], [ -70.601320222999902, -33.418223333999947 ], [ -70.601258832999918, -33.418267782999919 ], [ -70.601257600999929, -33.418268674999922 ], [ -70.601218793999919, -33.418296772999952 ], [ -70.601139677999925, -33.418354056999931 ], [ -70.601060684999936, -33.418411251999942 ], [ -70.601060539999935, -33.418411356999911 ], [ -70.601044061999914, -33.418423287999929 ], [ -70.601025931999914, -33.418437795999921 ], [ -70.60100259099994, -33.418456473999925 ], [ -70.6009335359999, -33.418511734999925 ], [ -70.600805820999938, -33.418613936999918 ], [ -70.600803716999906, -33.418615620999958 ], [ -70.600752315999898, -33.418656753999926 ], [ -70.600657170999909, -33.418730474999904 ], [ -70.600630681999917, -33.418752102999917 ], [ -70.600627397999915, -33.418754784999919 ], [ -70.60060739499994, -33.418766508999909 ], [ -70.600569072999917, -33.418793800999936 ], [ -70.600543308999931, -33.41881535899995 ], [ -70.600530836999951, -33.418825793999929 ], [ -70.600504292999915, -33.418844418999925 ], [ -70.600484076999919, -33.418856229999903 ], [ -70.60043761299994, -33.418891096999914 ], [ -70.600362335999932, -33.418942357999924 ], [ -70.600342185999921, -33.41895607999993 ], [ -70.600338725999904, -33.418958435999912 ], [ -70.600232632999905, -33.419037442999922 ], [ -70.600181833999898, -33.419071497999937 ], [ -70.600174202999938, -33.419076613999948 ], [ -70.600155030999929, -33.419092586999909 ], [ -70.600121114999922, -33.419113863999939 ], [ -70.600099912999951, -33.419130566999911 ], [ -70.60008962899991, -33.419137488999922 ], [ -70.600087942999949, -33.419138622999924 ], [ -70.60005646399992, -33.419159810999929 ], [ -70.600010641999916, -33.419194472999948 ], [ -70.600003379999919, -33.419197284999939 ], [ -70.599958647999927, -33.41923277199993 ], [ -70.599952240999926, -33.419235252999954 ], [ -70.59991746399993, -33.419262343999947 ], [ -70.599899179999909, -33.419273965999935 ], [ -70.599897330999909, -33.419275379999931 ], [ -70.599877172999925, -33.41929080299991 ], [ -70.599863120999942, -33.419301552999912 ], [ -70.599817598999948, -33.419340888999955 ], [ -70.59977202999994, -33.419377695999913 ], [ -70.599749776999943, -33.419393535999916 ], [ -70.599702072999946, -33.419427492999944 ], [ -70.599679800999922, -33.419444761999955 ], [ -70.599666974999934, -33.419454707999932 ], [ -70.599660567999933, -33.419457188999957 ], [ -70.59962984799995, -33.419482707999919 ], [ -70.599530262999906, -33.419553060999931 ], [ -70.599398993999898, -33.419643146999931 ], [ -70.599372665999908, -33.419661214999905 ], [ -70.599367765999943, -33.419664577999924 ], [ -70.599357486999907, -33.419671842999946 ], [ -70.599352002999922, -33.41967571899994 ], [ -70.599343204999911, -33.41968193799994 ], [ -70.599160817999916, -33.419810842999937 ], [ -70.599107667999931, -33.41984840799995 ], [ -70.599090299999943, -33.419860682999911 ], [ -70.599079082999936, -33.419868609999924 ], [ -70.599041617999944, -33.419895088999908 ], [ -70.598931399999913, -33.419971274999909 ], [ -70.59889723099991, -33.419994893999956 ], [ -70.598746492999908, -33.420099088999905 ], [ -70.598528032999923, -33.420261299999936 ], [ -70.598399685999937, -33.420358527999952 ], [ -70.598312455999917, -33.42042244299995 ], [ -70.59822984099992, -33.42048002599995 ], [ -70.597973994999904, -33.420673864999912 ], [ -70.59794007499994, -33.420698651999942 ], [ -70.597849086999929, -33.420765138999911 ], [ -70.597693921999905, -33.420872065999902 ], [ -70.597305916999915, -33.421149327999956 ], [ -70.597204642999941, -33.42121844299993 ], [ -70.597123545999921, -33.42127378899994 ], [ -70.596901628999944, -33.421429616999944 ], [ -70.59688419999992, -33.421439911999926 ], [ -70.596880349999935, -33.421442185999922 ], [ -70.596874154999909, -33.421447846999911 ], [ -70.596869044999949, -33.421452515999931 ], [ -70.5968634809999, -33.42145759999994 ], [ -70.596863425999913, -33.421457650999912 ], [ -70.596830347999912, -33.421483685999931 ], [ -70.5968275379999, -33.421485896999911 ], [ -70.596819109999899, -33.421492529999909 ], [ -70.59679802699992, -33.421507721999944 ], [ -70.596777967999913, -33.421522175999939 ], [ -70.59674033999994, -33.421549289999916 ], [ -70.596728205999909, -33.42155803299994 ], [ -70.596713607999902, -33.42156855199994 ], [ -70.596706945999927, -33.421573352999928 ], [ -70.596704098999908, -33.421575403999952 ], [ -70.596650814999919, -33.421613799999932 ], [ -70.596612887999925, -33.421641128999909 ], [ -70.596497378999914, -33.421730014999923 ], [ -70.596461407999925, -33.421762555999919 ], [ -70.596453917999952, -33.421768400999952 ], [ -70.596413693999921, -33.421799791999945 ], [ -70.596408616999952, -33.421803496999928 ], [ -70.596331125999939, -33.421860040999945 ], [ -70.596252589999949, -33.421923217999904 ], [ -70.5961963929999, -33.421972926999956 ], [ -70.596152149999909, -33.422007059999942 ], [ -70.595930208999903, -33.422178283999926 ], [ -70.595727841999917, -33.42233895499993 ], [ -70.595709960999898, -33.422355010999922 ], [ -70.595583628999918, -33.422445156999913 ], [ -70.595458315999906, -33.422543985999937 ], [ -70.595273993999911, -33.422697615999937 ], [ -70.595204702999922, -33.422748090999903 ], [ -70.595202454999935, -33.422749727999928 ], [ -70.595194316999937, -33.422755655999936 ], [ -70.595078129999933, -33.422840290999943 ], [ -70.595070703999909, -33.422846241999935 ], [ -70.595064080999919, -33.422851549999905 ], [ -70.595061993999934, -33.422853222999947 ], [ -70.59503948999992, -33.42287125699994 ], [ -70.594900093999911, -33.422999851999919 ], [ -70.594834181999943, -33.423053547999928 ], [ -70.594814191999944, -33.423066110999912 ], [ -70.5947710989999, -33.423098732999904 ], [ -70.594769682999924, -33.423099804999936 ], [ -70.594764450999946, -33.42310376599994 ], [ -70.594737602999942, -33.42312409099992 ], [ -70.594733407999911, -33.423127103999946 ], [ -70.594728386999918, -33.423130711999931 ], [ -70.594678409999915, -33.423166622999929 ], [ -70.59467384699991, -33.423169901999927 ], [ -70.594671319999918, -33.423171717999935 ], [ -70.594651724999949, -33.423185797999906 ], [ -70.59456793399994, -33.423255750999942 ], [ -70.594505353999921, -33.423303567999938 ], [ -70.594412725999916, -33.423382150999942 ], [ -70.594403684999918, -33.423389820999944 ], [ -70.594372506999946, -33.423414175999937 ], [ -70.594164153999941, -33.423576934999915 ], [ -70.59403457499991, -33.423674079999955 ], [ -70.594033550999939, -33.423674847999905 ], [ -70.593931798999904, -33.423756621999928 ], [ -70.593897109999943, -33.423788731999934 ], [ -70.593846225999926, -33.423829624999939 ], [ -70.593839874999901, -33.423834728999907 ], [ -70.593830871999899, -33.423841963999905 ], [ -70.593829274999905, -33.423843247999912 ], [ -70.593746444999908, -33.423912873999939 ], [ -70.593745694999939, -33.423913382999956 ], [ -70.59373155499992, -33.423922979999929 ], [ -70.593724704999943, -33.423927628999934 ], [ -70.59366379699992, -33.423968970999908 ], [ -70.593564018999928, -33.424041102999922 ], [ -70.59350771599992, -33.424091114999953 ], [ -70.593403550999938, -33.42417452299992 ], [ -70.593349669999952, -33.424217666999937 ], [ -70.593286664999937, -33.42426811699994 ], [ -70.593225691999919, -33.424311087999911 ], [ -70.59317468699993, -33.424347034999926 ], [ -70.593092984999942, -33.42441032399995 ], [ -70.593088787999932, -33.424413574999903 ], [ -70.593053084999951, -33.42444222499995 ], [ -70.593033596999931, -33.424457863999919 ], [ -70.592986183999926, -33.424495910999951 ], [ -70.592931678999946, -33.424535732999914 ], [ -70.592927568999926, -33.424538735999931 ], [ -70.5929227069999, -33.424542287999941 ], [ -70.592899472999932, -33.424559262999935 ], [ -70.592872765999914, -33.424580877999915 ], [ -70.592827478999936, -33.424617529999921 ], [ -70.592825067999911, -33.424619480999922 ], [ -70.592820108999945, -33.424623494999935 ], [ -70.592720043999918, -33.424704480999935 ], [ -70.592661639999903, -33.424745495999957 ], [ -70.59253739199994, -33.424844057999906 ], [ -70.592411137999932, -33.424938863999955 ], [ -70.592318119999902, -33.425016109999945 ], [ -70.592245783999942, -33.425071620999915 ], [ -70.592204300999924, -33.425096912999948 ], [ -70.592150249999918, -33.425140737999925 ], [ -70.592068730999927, -33.425199836999923 ], [ -70.591999646999909, -33.425244995999947 ], [ -70.5919784539999, -33.42526235899993 ], [ -70.591970304999904, -33.425271668999926 ], [ -70.591966056999922, -33.425276522999923 ], [ -70.591964793999921, -33.425277965999953 ], [ -70.591960332999918, -33.425283061999949 ], [ -70.591947045999916, -33.425292515999956 ], [ -70.591942158999927, -33.425295992999907 ], [ -70.591939324999942, -33.425298008999903 ], [ -70.591917864999914, -33.425313278999909 ], [ -70.59179497699995, -33.425415786999906 ], [ -70.591732382999908, -33.42546294999994 ], [ -70.591692345999945, -33.425496756999905 ], [ -70.591569292999907, -33.425590247999935 ], [ -70.591506771999946, -33.425641417999941 ], [ -70.591383698999948, -33.425733856999955 ], [ -70.591381147999925, -33.425735369999927 ], [ -70.591276022999921, -33.425797713999941 ], [ -70.591270283999904, -33.425802746999921 ], [ -70.591248499999949, -33.425821852999945 ], [ -70.591183947999923, -33.425873764999949 ], [ -70.591121155999929, -33.425915996999947 ], [ -70.591094624999926, -33.425935529999947 ], [ -70.590966307999906, -33.426043118999928 ], [ -70.590951617999906, -33.426055435999956 ], [ -70.590948901999923, -33.426057601999958 ], [ -70.590941610999948, -33.426063416999909 ], [ -70.590829736999922, -33.426152637999905 ], [ -70.590828620999901, -33.426153527999929 ], [ -70.590827730999933, -33.426154238999914 ], [ -70.59082527299995, -33.426156199999923 ], [ -70.590787699999908, -33.426186163999944 ], [ -70.590768702999924, -33.426201313999911 ], [ -70.59076816399994, -33.426201743999911 ], [ -70.590763378999952, -33.426205559999914 ], [ -70.590729633999899, -33.426232471999924 ], [ -70.590716952999912, -33.426243007999915 ], [ -70.590664476999905, -33.42628660999992 ], [ -70.590632497999934, -33.426316769999914 ], [ -70.59062313599992, -33.426325598999938 ], [ -70.590500364999912, -33.426428767999937 ], [ -70.59039837499995, -33.426491992999956 ], [ -70.590355992999946, -33.426526994999904 ], [ -70.590274299999919, -33.426600318999931 ], [ -70.590171652999913, -33.426686507999932 ], [ -70.590109943999948, -33.426729187999911 ], [ -70.590069671999913, -33.426758439999958 ], [ -70.590013349999936, -33.426799349999953 ], [ -70.589860883999904, -33.426924851999956 ], [ -70.589678743999912, -33.427081983999926 ], [ -70.589370315999929, -33.427325737999922 ], [ -70.589289821999898, -33.427394116999949 ], [ -70.589186753999911, -33.427474971999914 ], [ -70.589138981999952, -33.427514235999922 ], [ -70.589137775999916, -33.427515226999958 ], [ -70.589133650999941, -33.427518616999919 ], [ -70.589103039999941, -33.427543775999936 ], [ -70.589071860999923, -33.427566310999907 ], [ -70.589066207999906, -33.427570396999954 ], [ -70.589064713999903, -33.427571476999958 ], [ -70.588980961999937, -33.427632007999932 ], [ -70.58889949099995, -33.427699940999958 ], [ -70.588837851999926, -33.427746559999946 ], [ -70.588775532999932, -33.427797246999944 ], [ -70.588682061999918, -33.42786316999991 ], [ -70.588675077999937, -33.427868095999941 ], [ -70.5886522159999, -33.427888376999931 ], [ -70.588549438999905, -33.427967536999915 ], [ -70.588530282999898, -33.427984624999908 ], [ -70.5884466629999, -33.428046814999902 ], [ -70.588385056999925, -33.428095265999957 ], [ -70.588269421999939, -33.428189000999907 ], [ -70.588209377999931, -33.428241347999915 ], [ -70.588024888999939, -33.428423371999941 ], [ -70.588023681999914, -33.428424561999918 ], [ -70.588017559999912, -33.428430601999935 ], [ -70.587978323999948, -33.428469313999926 ], [ -70.587960663999922, -33.428483030999928 ], [ -70.58795731999993, -33.428485628999908 ], [ -70.58795596199991, -33.428486683999949 ], [ -70.587780636999923, -33.428622863999919 ], [ -70.587571849999904, -33.428802042999905 ], [ -70.587533686999905, -33.428831017999926 ], [ -70.587486081999941, -33.428876718999902 ], [ -70.587443330999918, -33.428913339999951 ], [ -70.587362398999915, -33.428986522999935 ], [ -70.58730608399992, -33.429032335999921 ], [ -70.587268870999935, -33.429068885999925 ], [ -70.587089093999907, -33.429227502999936 ], [ -70.587041804999899, -33.429269225999917 ], [ -70.587019944999952, -33.429288512999904 ], [ -70.586975081999924, -33.429334178999909 ], [ -70.586940679999941, -33.429361674999939 ], [ -70.586877040999923, -33.429429419999906 ], [ -70.586715651999953, -33.429557969999905 ], [ -70.586696499999903, -33.429575276999913 ], [ -70.586650748999944, -33.429608543999905 ], [ -70.586430618999941, -33.429793889999928 ], [ -70.586329149999926, -33.429891960999953 ], [ -70.586289775999944, -33.429926989999956 ], [ -70.586252071999922, -33.429956942999922 ], [ -70.586171240999931, -33.430021156999942 ], [ -70.586127715999908, -33.430052682999928 ], [ -70.586104097999907, -33.430066937999925 ], [ -70.586026951999941, -33.430130457999951 ], [ -70.585935746999951, -33.430213384999945 ], [ -70.585747782999931, -33.43036685699991 ], [ -70.585623660999943, -33.430487422999931 ], [ -70.58561799499995, -33.430492389999927 ], [ -70.585614276999934, -33.430495648999909 ], [ -70.585614221999947, -33.430495696999913 ], [ -70.585568289999912, -33.43053595899994 ], [ -70.58556023999995, -33.430543014999955 ], [ -70.585557557999948, -33.430545366999922 ], [ -70.585549686999912, -33.43055226599995 ], [ -70.58554122399994, -33.430559684999935 ], [ -70.58551293599993, -33.430584481999915 ], [ -70.585510178999925, -33.430586897999945 ], [ -70.585508601999948, -33.430588280999928 ], [ -70.585504134999951, -33.430592195999907 ], [ -70.58547707699995, -33.430615914999919 ], [ -70.58541155599994, -33.430680258999928 ], [ -70.585402222999903, -33.430689423999922 ], [ -70.585382410999898, -33.430708879999941 ], [ -70.585300022999945, -33.430777855999906 ], [ -70.58525077999991, -33.430819081999914 ], [ -70.585203108999906, -33.430853895999917 ], [ -70.585164483999904, -33.430892143999927 ], [ -70.585157548999916, -33.430899011999941 ], [ -70.585135550999951, -33.430920794999906 ], [ -70.585129299999949, -33.430926985999918 ], [ -70.585025058999918, -33.431021664999946 ], [ -70.58501967199993, -33.431026557999928 ], [ -70.585001317999911, -33.431045860999916 ], [ -70.58495473499994, -33.43110056699993 ], [ -70.58494819799995, -33.431109405999905 ], [ -70.584939891999909, -33.431120635999946 ], [ -70.584927800999935, -33.43113698499991 ], [ -70.584920741999952, -33.431147739999915 ], [ -70.584886016999917, -33.431200647999958 ], [ -70.584797286999901, -33.431328038999936 ], [ -70.584739225999954, -33.431400927999903 ], [ -70.584648625999932, -33.431519324999954 ], [ -70.584572297999898, -33.431610483999918 ], [ -70.58455387999993, -33.431636127999923 ], [ -70.58454385899995, -33.43165007999994 ], [ -70.58454381599995, -33.431650126999955 ], [ -70.584541367999918, -33.431653547999929 ], [ -70.584540428999901, -33.431654855999909 ], [ -70.584519748999924, -33.431683648999922 ], [ -70.58451221699994, -33.431694135999919 ], [ -70.584509673999946, -33.431697469999904 ], [ -70.584487878999937, -33.431691592999925 ], [ -70.58448782499994, -33.431691575999935 ], [ -70.584267738999927, -33.431632107999917 ], [ -70.584226577999914, -33.431620987999906 ], [ -70.583906888999934, -33.431601959999909 ], [ -70.583767967999904, -33.431593690999932 ], [ -70.583620144999941, -33.431588553999916 ], [ -70.583475134999901, -33.431593723999924 ], [ -70.583283724999944, -33.431586213999935 ], [ -70.583157564999908, -33.431581675999951 ], [ -70.582434905999946, -33.431535364999945 ], [ -70.582417382999949, -33.431534472999942 ], [ -70.582376519999912, -33.431532392999941 ], [ -70.58232030399995, -33.43152953099991 ], [ -70.582299425999906, -33.431528467999954 ], [ -70.582285825999918, -33.43152777499995 ], [ -70.58227960399995, -33.431527353999911 ], [ -70.581903551999915, -33.431501919999903 ], [ -70.581650403999902, -33.431484797999929 ], [ -70.581647634999911, -33.431484607999948 ], [ -70.581647080999915, -33.431484569999952 ], [ -70.58164486599992, -33.431484417999911 ], [ -70.581003853999903, -33.431440459999919 ], [ -70.581003084999907, -33.431440401999907 ], [ -70.58100231599991, -33.431440343999952 ], [ -70.581000776999929, -33.431440228999918 ], [ -70.58035911199994, -33.431391984999948 ], [ -70.580144707999921, -33.431384264999906 ], [ -70.580117408999911, -33.431383281999956 ], [ -70.580080231999943, -33.431381009999939 ], [ -70.579631134999943, -33.431353560999924 ], [ -70.579523770999913, -33.431336148999947 ], [ -70.578824591999933, -33.431292189999908 ], [ -70.578722693999907, -33.431289420999917 ], [ -70.578624913999931, -33.431290618999924 ], [ -70.578436469999929, -33.431284930999936 ], [ -70.576862164999909, -33.431235049999941 ], [ -70.576637622999954, -33.431228452999903 ], [ -70.576299983999945, -33.431218533999925 ], [ -70.575830106999945, -33.431198691999953 ], [ -70.575607604999902, -33.431183613999906 ], [ -70.574923904999935, -33.431171672999938 ], [ -70.574829459999933, -33.43117686599993 ], [ -70.574729880999939, -33.431180496999957 ], [ -70.574471820999918, -33.431171689999928 ], [ -70.574402081999949, -33.431169718999911 ], [ -70.574157464999928, -33.431162459999939 ], [ -70.573897461999934, -33.43115150999995 ], [ -70.57369336499994, -33.431143920999943 ], [ -70.573394599999915, -33.431131920999917 ], [ -70.573277834999942, -33.431127646999926 ], [ -70.57275192499992, -33.431109652999908 ], [ -70.572455868999953, -33.431101295999952 ], [ -70.5713493209999, -33.431070055999953 ], [ -70.570585525999945, -33.43104477299994 ], [ -70.570214008999926, -33.431040578999955 ], [ -70.570211263999909, -33.431040547999942 ], [ -70.570104680999918, -33.431040533999919 ], [ -70.570003775999908, -33.431036003999907 ], [ -70.568472007999901, -33.430990846999919 ], [ -70.568121228999928, -33.430984526999907 ], [ -70.56735208799995, -33.430955326999936 ], [ -70.567124384999943, -33.430946682999945 ], [ -70.566796236999949, -33.430937431999951 ], [ -70.566437744999917, -33.43092433299995 ], [ -70.56608684899993, -33.430920196999921 ], [ -70.565712014999917, -33.430911193999918 ], [ -70.565456500999915, -33.430903086999933 ], [ -70.565226913999936, -33.430895802999942 ], [ -70.565114576999918, -33.43088763499992 ], [ -70.565021515999945, -33.430877953999925 ], [ -70.563826979999931, -33.430826636999939 ], [ -70.563706339999953, -33.430823863999933 ], [ -70.563667181999904, -33.430822494999916 ], [ -70.562370126999951, -33.430769464999912 ], [ -70.561323688999948, -33.430717625999932 ], [ -70.560642255999937, -33.430683813999906 ], [ -70.56007240799994, -33.430644354999913 ], [ -70.559731371999931, -33.430629794999902 ], [ -70.559694088999947, -33.430632718999902 ], [ -70.559671110999943, -33.430634521999934 ], [ -70.559567995999942, -33.430629996999926 ], [ -70.558742952999921, -33.430593791999911 ], [ -70.557700784999952, -33.430556107999905 ], [ -70.557419058999926, -33.430549724999935 ], [ -70.557341418999954, -33.430547918999935 ], [ -70.557304330999898, -33.430547055999909 ], [ -70.556571951999899, -33.430510803999937 ], [ -70.555480246999934, -33.430456578999951 ], [ -70.554688179999914, -33.430418335999946 ], [ -70.554672681999932, -33.430439899999953 ], [ -70.554646568999942, -33.430476232999922 ], [ -70.554642691999902, -33.430481625999903 ], [ -70.554614881999953, -33.430551058999924 ], [ -70.554578617999937, -33.430594208999935 ], [ -70.5545368679999, -33.430626571999937 ], [ -70.554475315999923, -33.430640068999935 ], [ -70.554407049999952, -33.430641833999914 ], [ -70.554139968999948, -33.430619729999933 ], [ -70.554124546999901, -33.430618374999938 ], [ -70.553759937999928, -33.430586329999926 ], [ -70.55352085699991, -33.430565316999946 ], [ -70.553023282999902, -33.430521585999941 ], [ -70.551564907999932, -33.430362184999922 ], [ -70.551506194999945, -33.430360206999922 ], [ -70.549133491999953, -33.430108177999955 ], [ -70.547574679999911, -33.429942599999947 ], [ -70.547522991999926, -33.42994217599994 ], [ -70.547486936999917, -33.429941879999944 ], [ -70.54728943799995, -33.429919390999942 ], [ -70.547252803999925, -33.429906903999949 ], [ -70.544243598999913, -33.42955870499992 ], [ -70.543555294999919, -33.429479049999941 ], [ -70.543210546999944, -33.429439151999929 ], [ -70.541332458999932, -33.42922178099991 ], [ -70.53967149999994, -33.429029001999936 ], [ -70.539346039999941, -33.428996640999912 ], [ -70.539226123999924, -33.428984888999935 ], [ -70.539160186999936, -33.428978426999947 ], [ -70.539137938999943, -33.428976246999923 ], [ -70.539072014999931, -33.428949814999953 ], [ -70.539046572999951, -33.428939613999944 ], [ -70.53899808999995, -33.428920173999927 ], [ -70.538996603999919, -33.428920065999932 ], [ -70.538995019999902, -33.428919950999955 ], [ -70.538892568999927, -33.428912505999904 ], [ -70.538875642999926, -33.428911275999951 ], [ -70.538888017999909, -33.428942454999913 ], [ -70.538916964999942, -33.429015389999904 ], [ -70.53894312299991, -33.429073802999937 ], [ -70.538955854999926, -33.429118736999953 ], [ -70.538966491999929, -33.429154678999907 ], [ -70.538968904999933, -33.429181704999905 ], [ -70.53897147999993, -33.429208727999935 ], [ -70.538970210999935, -33.429231288999915 ], [ -70.53896894199994, -33.429253851999931 ], [ -70.538962696999931, -33.429290002999949 ], [ -70.538956209999924, -33.429321647999927 ], [ -70.538950931999921, -33.429357786999958 ], [ -70.5389455749999, -33.429389417999914 ], [ -70.538938928999926, -33.429412046999914 ], [ -70.538930857999901, -33.429439202999902 ], [ -70.538925475999918, -33.42945730699995 ], [ -70.538920417999918, -33.429475405999938 ], [ -70.538911187999929, -33.429516102999912 ], [ -70.538903195999922, -33.429547766999917 ], [ -70.538896973999954, -33.429597445999946 ], [ -70.538890242999912, -33.429642621999903 ], [ -70.538880523999921, -33.429701361999946 ], [ -70.538879350999935, -33.429707549999932 ], [ -70.538870240999927, -33.429755600999954 ], [ -70.538856325999916, -33.429823411999905 ], [ -70.538842034999902, -33.429891227999917 ], [ -70.53883705599992, -33.429913835999912 ], [ -70.538832424999953, -33.429940952999914 ], [ -70.538832126999921, -33.42995448399995 ], [ -70.538829240999917, -33.429995098999939 ], [ -70.538827188999903, -33.430031198999927 ], [ -70.538816368999903, -33.430085443999928 ], [ -70.538805064999906, -33.430139694999923 ], [ -70.538793837999947, -33.430207472999939 ], [ -70.53878261199992, -33.430275249999909 ], [ -70.538778653999941, -33.430297844999927 ], [ -70.538774937999904, -33.430324946999917 ], [ -70.538775414999918, -33.430351995999956 ], [ -70.538775812999916, -33.43037453799991 ], [ -70.538781448999941, -33.430419559999905 ], [ -70.538787082999931, -33.430464582999946 ], [ -70.538793288999898, -33.430495122999957 ], [ -70.538799621999942, -33.430525508999949 ], [ -70.538803012999949, -33.430542196999909 ], [ -70.538806522999948, -33.43055903599992 ], [ -70.538809263999951, -33.430572525999935 ], [ -70.538812080999946, -33.430586029999915 ], [ -70.538812108999934, -33.430586167999934 ], [ -70.538812141999927, -33.430586336999909 ], [ -70.538821983999924, -33.430619897999918 ], [ -70.538831208999909, -33.430648912999914 ], [ -70.538838408999936, -33.430666860999906 ], [ -70.538845366999908, -33.430689320999932 ], [ -70.538845630999901, -33.430707354999925 ], [ -70.538845437999953, -33.430725393999921 ], [ -70.538840971999946, -33.430743485999926 ], [ -70.538836989999936, -33.43075706299993 ], [ -70.538822921999952, -33.430788801999938 ], [ -70.53880885399991, -33.430820541999935 ], [ -70.538797824999904, -33.430847734999929 ], [ -70.538786472999902, -33.430874930999948 ], [ -70.538768022999932, -33.430911232999904 ], [ -70.538750432999905, -33.430947524999908 ], [ -70.538731686999938, -33.430979322999917 ], [ -70.538712940999915, -33.431011119999937 ], [ -70.538693655999907, -33.431051941999954 ], [ -70.538673911999922, -33.431097278999914 ], [ -70.538665222999953, -33.431119932999934 ], [ -70.538656050999919, -33.431142593999937 ], [ -70.538651071999936, -33.431165201999931 ], [ -70.538646092999898, -33.431187808999937 ], [ -70.538636134999933, -33.431233024999926 ], [ -70.538629016999948, -33.431265344999929 ], [ -70.538626176999912, -33.431278240999916 ], [ -70.538620711999954, -33.431309872999918 ], [ -70.538615487999948, -33.431346011999949 ], [ -70.538611775999925, -33.431355075999932 ], [ -70.53860878799992, -33.431368640999949 ], [ -70.538595033999911, -33.431436450999911 ], [ -70.538580634999903, -33.431504267999912 ], [ -70.538571160999936, -33.431549476999919 ], [ -70.538561768999898, -33.431590176999919 ], [ -70.538552593999952, -33.431621854999946 ], [ -70.538543981999908, -33.431658035999931 ], [ -70.53853773599991, -33.431694187999938 ], [ -70.538531410999951, -33.431725830999937 ], [ -70.538521697999897, -33.431757515999948 ], [ -70.538512117999915, -33.43179370799993 ], [ -70.538503022999919, -33.431829894999908 ], [ -70.538493793999919, -33.431861573999925 ], [ -70.538491019999924, -33.431884154999921 ], [ -70.538488728999937, -33.431906729999923 ], [ -70.538483511999914, -33.431915812999932 ], [ -70.538479394999911, -33.431929390999926 ], [ -70.538465971999926, -33.431961122999951 ], [ -70.538452065999934, -33.431992859999923 ], [ -70.538433232999921, -33.432047203999957 ], [ -70.5384143469999, -33.432101548999924 ], [ -70.538403046999917, -33.432137763999947 ], [ -70.538391667999917, -33.432169468999916 ], [ -70.538381709999953, -33.432214684999906 ], [ -70.538371751999932, -33.432259900999952 ], [ -70.538354910999942, -33.432305201999952 ], [ -70.538337425999941, -33.432350510999925 ], [ -70.538326769999912, -33.432386716999929 ], [ -70.538316016999943, -33.432421176999924 ], [ -70.538302046999945, -33.432454661999941 ], [ -70.538289628999905, -33.432485237999913 ], [ -70.538289161999899, -33.432486386999926 ], [ -70.538280097999916, -33.432504536999943 ], [ -70.538271355999939, -33.432522681999956 ], [ -70.538271326999904, -33.432522724999956 ], [ -70.538268000999949, -33.432527614999913 ], [ -70.538256945999933, -33.432544416999917 ], [ -70.538234011999918, -33.432578138999929 ], [ -70.538218144999917, -33.432602253999903 ], [ -70.538173235999921, -33.432652411999925 ], [ -70.538128555999947, -33.432704822999938 ], [ -70.5381022279999, -33.43273671399993 ], [ -70.53807582099995, -33.432764096999904 ], [ -70.538050596999938, -33.432791464999923 ], [ -70.538025774999937, -33.432823336999945 ], [ -70.538001115999919, -33.432846188999918 ], [ -70.53797759999992, -33.432866772999944 ], [ -70.537959340999919, -33.432885035999902 ], [ -70.537939212999902, -33.432905577999918 ], [ -70.537930831999915, -33.432917119999956 ], [ -70.537923837999926, -33.432925593999926 ], [ -70.537908269999946, -33.432944454999927 ], [ -70.537893521999933, -33.432964764999952 ], [ -70.53787467099994, -33.432987543999957 ], [ -70.537854473999914, -33.43301484999995 ], [ -70.537849793999953, -33.433023925999919 ], [ -70.537844009999901, -33.433037525999907 ], [ -70.537842266999917, -33.433052551999936 ], [ -70.537841172999947, -33.433065215999932 ], [ -70.53784103299995, -33.433066828999927 ], [ -70.537840866999943, -33.433068236999929 ], [ -70.537840592999942, -33.43307023299991 ], [ -70.537837474999947, -33.43309662799993 ], [ -70.537834006999901, -33.433122504999915 ], [ -70.537833862999946, -33.433123717999933 ], [ -70.537826326999948, -33.433151980999924 ], [ -70.537818594999919, -33.433182135999914 ], [ -70.537815200999944, -33.433209233999946 ], [ -70.537812101999918, -33.433240836999914 ], [ -70.537812260999942, -33.433249853999939 ], [ -70.537808842999937, -33.433263423999904 ], [ -70.537802923999948, -33.433281533999946 ], [ -70.537778623999941, -33.433315002999905 ], [ -70.53775851499995, -33.433342920999905 ], [ -70.537756627999897, -33.433345519999932 ], [ -70.537755478999941, -33.433347102999903 ], [ -70.537752697999906, -33.433350932999929 ], [ -70.537744151999902, -33.433362599999953 ], [ -70.537744001999954, -33.433362804999945 ], [ -70.537743181999929, -33.433363923999934 ], [ -70.537728343999902, -33.433384178999916 ], [ -70.537709901999904, -33.433405315999948 ], [ -70.537699728999939, -33.433404044999918 ], [ -70.537699694999901, -33.433404040999903 ], [ -70.537699661999909, -33.433404036999946 ], [ -70.537694037999927, -33.433403334999923 ], [ -70.537505600999907, -33.433379806999938 ], [ -70.537298944999918, -33.433354004999956 ], [ -70.536963214999901, -33.433312253999929 ], [ -70.5365166979999, -33.433256725999911 ], [ -70.536196906999919, -33.433216956999956 ], [ -70.535974917999908, -33.433189350999953 ], [ -70.535567632999914, -33.433138827999926 ], [ -70.535156363999931, -33.43308781099995 ], [ -70.534843936999948, -33.433049054999913 ], [ -70.533697812999947, -33.432906880999951 ], [ -70.533297286999925, -33.432857196999919 ], [ -70.532515645999922, -33.432760235999922 ], [ -70.532146252999951, -33.432713569999919 ], [ -70.532108213999948, -33.432708763999926 ], [ -70.531671710999944, -33.43265361999994 ], [ -70.531519829999922, -33.432634431999929 ], [ -70.531050208999943, -33.432575103999909 ], [ -70.530984446999923, -33.432566795999946 ], [ -70.530582084999935, -33.432515963999947 ], [ -70.530324011999937, -33.432483361999914 ], [ -70.530283041999951, -33.432478185999912 ], [ -70.530068357999937, -33.432451061999927 ], [ -70.529280179999944, -33.432351484999913 ], [ -70.528827555999953, -33.432294527999943 ], [ -70.528652578999925, -33.432272508999915 ], [ -70.528313508999929, -33.432229841999913 ], [ -70.528297929999951, -33.432227947999934 ], [ -70.52824589699992, -33.432221623999908 ], [ -70.527968570999917, -33.43218791399994 ], [ -70.527553087999934, -33.432137406999914 ], [ -70.527466302999926, -33.432126856999957 ], [ -70.527419234999911, -33.432121134999932 ], [ -70.527373018999924, -33.432115517999932 ], [ -70.526972679999915, -33.432066851999934 ], [ -70.526517060999936, -33.432011467999928 ], [ -70.526393740999936, -33.431996476999927 ], [ -70.526371758999915, -33.431993804999934 ], [ -70.526345688999925, -33.43199063599991 ], [ -70.526183703999948, -33.431970942999953 ], [ -70.526077374999943, -33.431958015999953 ], [ -70.526036240999929, -33.43195301499992 ], [ -70.525010872999928, -33.431828356999915 ], [ -70.524503052999933, -33.431769166999914 ], [ -70.524299085999928, -33.431745392999915 ], [ -70.524269297999922, -33.431741920999912 ], [ -70.524182167999925, -33.431731764999938 ], [ -70.524024918999942, -33.431729983999958 ], [ -70.52380136599993, -33.431704747999902 ], [ -70.523705179999922, -33.431693889999906 ], [ -70.523664008999901, -33.431689241999948 ], [ -70.523647671999925, -33.431687108999938 ], [ -70.523573828999929, -33.431677467999918 ], [ -70.523153394999952, -33.431622575999938 ], [ -70.523125304999951, -33.431620123999949 ], [ -70.523124278999944, -33.431620033999934 ], [ -70.523107921999951, -33.431618605999915 ], [ -70.523075312999936, -33.431615758999953 ], [ -70.52306283899992, -33.431614669999931 ], [ -70.523057243999915, -33.43161473899994 ], [ -70.523056545999907, -33.431614746999912 ], [ -70.523054445999946, -33.431614772999922 ], [ -70.523000332999914, -33.431615437999938 ], [ -70.522958641999935, -33.431633986999941 ], [ -70.522917285999938, -33.43165253199993 ], [ -70.522590589999936, -33.431822881999949 ], [ -70.522327495999946, -33.431961860999934 ], [ -70.522236782999926, -33.43200977999993 ], [ -70.522006715999908, -33.432134306999956 ], [ -70.521762475999935, -33.432278478999933 ], [ -70.521552639999925, -33.432397888999958 ], [ -70.521391378999908, -33.432472888999939 ], [ -70.521128660999921, -33.432556435999913 ], [ -70.520822576999933, -33.432650249999938 ], [ -70.520586021999918, -33.432735908999916 ], [ -70.520062638999946, -33.432949594999911 ], [ -70.519654116999902, -33.433116385999938 ], [ -70.519516488999898, -33.433172575999947 ], [ -70.519454653999901, -33.433209105999936 ], [ -70.519431144999942, -33.433222994999937 ], [ -70.519384842999898, -33.433266304999904 ], [ -70.519371981999939, -33.433278333999908 ], [ -70.519329614999947, -33.433339068999942 ], [ -70.519302472999925, -33.433410820999939 ], [ -70.519298680999952, -33.433490012999926 ], [ -70.519297873999903, -33.433506866999949 ], [ -70.519297574999939, -33.433513107999943 ], [ -70.519305569999915, -33.433637846999943 ], [ -70.519305662999898, -33.433639303999939 ], [ -70.519305739999936, -33.433640500999957 ], [ -70.519305761999931, -33.43364084399991 ], [ -70.519305881999912, -33.433642725999903 ], [ -70.519305968999902, -33.433644079999908 ], [ -70.51930597799992, -33.433644218999916 ], [ -70.519305998999926, -33.433644580999953 ], [ -70.51930600299994, -33.433644640999944 ], [ -70.519306004999919, -33.433644679999929 ], [ -70.519306004999919, -33.433644718999915 ], [ -70.519306005999908, -33.433645003999914 ], [ -70.519306007999944, -33.433645551999916 ], [ -70.519306006999898, -33.433645638999906 ], [ -70.519305076999899, -33.433644991999927 ], [ -70.519281125999953, -33.433628356999918 ], [ -70.519266538999943, -33.433618224999918 ], [ -70.519254122999939, -33.433609600999944 ], [ -70.51923953599993, -33.433599468999944 ], [ -70.519230357999902, -33.433593094999935 ], [ -70.519227333999936, -33.433590993999928 ], [ -70.519212746999926, -33.433580861999928 ], [ -70.519166030999941, -33.433548414999905 ], [ -70.519043239999917, -33.433448625999915 ], [ -70.51892879299993, -33.433393830999933 ], [ -70.518861332999904, -33.433372223999925 ], [ -70.518855378999945, -33.433370316999913 ], [ -70.518831960999933, -33.433368592999955 ], [ -70.518822363999902, -33.433367886999918 ], [ -70.518663480999919, -33.433450856999912 ], [ -70.518569055999933, -33.433495424999933 ], [ -70.518276672999946, -33.433585827999934 ], [ -70.518265522999911, -33.433607096999935 ], [ -70.51822541699994, -33.433683594999934 ], [ -70.518169283999953, -33.433757836999916 ], [ -70.518105602999924, -33.433808005999936 ], [ -70.517983339999944, -33.433878369999945 ], [ -70.517875103999927, -33.433928831999935 ], [ -70.517619192999916, -33.434048143999917 ], [ -70.517605899999921, -33.434054340999921 ], [ -70.51738624099994, -33.434170871999925 ], [ -70.517040363999911, -33.434354362999954 ], [ -70.516412876999937, -33.434745323999948 ], [ -70.51602235799993, -33.434954390999906 ], [ -70.515973268999915, -33.434980670999948 ], [ -70.515134667999916, -33.435081105999927 ], [ -70.514517344999945, -33.435129230999905 ], [ -70.514288455999917, -33.435141935999923 ], [ -70.514196238999943, -33.435147054999902 ], [ -70.514054496999904, -33.435154922999914 ], [ -70.513915029999907, -33.435162660999936 ], [ -70.513549248999936, -33.435182958999917 ], [ -70.51155640099995, -33.435293547999947 ], [ -70.511080266999898, -33.43531996999991 ], [ -70.510573528999942, -33.435348689999955 ], [ -70.510067607999929, -33.435487507999937 ], [ -70.509042957999952, -33.435768649999943 ], [ -70.508553079999899, -33.43587832399993 ], [ -70.507970144999945, -33.436088330999951 ], [ -70.507762894999928, -33.436388462999957 ], [ -70.507554568999922, -33.436548818999938 ], [ -70.507274468999924, -33.436601825999958 ], [ -70.507003850999922, -33.436600606999946 ], [ -70.506804353999939, -33.436630086999912 ], [ -70.506714654999939, -33.43666339899994 ], [ -70.506653719999917, -33.43668602799994 ], [ -70.506521869999915, -33.436799188999942 ], [ -70.506506894999916, -33.436812040999939 ], [ -70.506501689999936, -33.436816509999915 ], [ -70.506488720999926, -33.436827639999933 ], [ -70.506475056999932, -33.436839366999948 ], [ -70.506449846999942, -33.436861003999923 ], [ -70.506420994999928, -33.436885766999922 ], [ -70.506380761999935, -33.436920296999915 ], [ -70.5062966509999, -33.436992485999951 ], [ -70.50601215699993, -33.437433339999927 ], [ -70.505768769999918, -33.437582778999911 ], [ -70.50571246599992, -33.437617349999925 ], [ -70.505700160999936, -33.437620890999938 ], [ -70.505319777999944, -33.437730339999916 ], [ -70.505012059999899, -33.437761130999945 ], [ -70.504741438999929, -33.43775990599994 ], [ -70.504573423999943, -33.437743907999902 ], [ -70.504454684999928, -33.437758876999908 ], [ -70.504254242999934, -33.437920465999923 ], [ -70.504162986999916, -33.437994033999928 ], [ -70.504102591999924, -33.438042721999921 ], [ -70.503980425999941, -33.438137150999921 ], [ -70.503835883999898, -33.438248873999953 ], [ -70.503419958999928, -33.438574074999906 ], [ -70.503243493999946, -33.438652871999921 ], [ -70.50324198699991, -33.438653590999934 ], [ -70.503165948999936, -33.438689851999925 ], [ -70.503146470999923, -33.438699139999926 ], [ -70.503050791999954, -33.43874539299992 ], [ -70.502980902999923, -33.43878395999991 ], [ -70.502825945999916, -33.439383469999939 ], [ -70.502731781999898, -33.439561837999918 ], [ -70.502698194999937, -33.439625459999945 ], [ -70.50248511399991, -33.440029079999931 ], [ -70.502179454999919, -33.440457636999952 ], [ -70.502034371999912, -33.440661051999939 ], [ -70.501999300999898, -33.440696977999949 ], [ -70.501029833999951, -33.441690075999929 ], [ -70.500570419999917, -33.442082167999956 ], [ -70.500370325999938, -33.442252940999936 ], [ -70.50011756899994, -33.442468658999928 ], [ -70.500004779999927, -33.442564919999938 ], [ -70.499995416999923, -33.442572910999957 ], [ -70.498901260999901, -33.443506731999946 ], [ -70.498857774999919, -33.443543844999908 ], [ -70.498856176999936, -33.443545207999932 ], [ -70.498842755999931, -33.443556661999935 ], [ -70.498695292999912, -33.44368251599991 ], [ -70.498600109999927, -33.443763751999938 ], [ -70.49808367299994, -33.444204511999942 ], [ -70.498055733999934, -33.44422835599994 ], [ -70.497416895999947, -33.444658641999922 ], [ -70.4970772879999, -33.444887382999923 ], [ -70.49630090799991, -33.445410308999953 ], [ -70.496017054999925, -33.445760887999938 ], [ -70.49595165799991, -33.445841657999949 ], [ -70.495327457999906, -33.446612577999929 ], [ -70.495225915999924, -33.446904084999915 ], [ -70.495166235999932, -33.447075411999947 ], [ -70.495129920999943, -33.447179662999929 ], [ -70.494921414999908, -33.44777823599992 ], [ -70.49495999699991, -33.448470002999954 ], [ -70.495283529999938, -33.449769739999908 ], [ -70.49531264399991, -33.449886696999954 ], [ -70.495189551999943, -33.450989415999913 ], [ -70.495162131999905, -33.451009343999942 ], [ -70.494023944999924, -33.451836539999931 ], [ -70.493856958999913, -33.451957899999911 ], [ -70.493216207999922, -33.452553267999917 ], [ -70.492566914999941, -33.453156559999911 ], [ -70.492039587999898, -33.45364651999995 ], [ -70.491896900999905, -33.453732631999912 ], [ -70.490905897999937, -33.454330701999936 ], [ -70.490100475999952, -33.45481676199995 ], [ -70.489947336999933, -33.454909177999923 ], [ -70.48944925099994, -33.455411050999942 ], [ -70.4891634089999, -33.455910371999948 ], [ -70.488995433999946, -33.456137794999904 ], [ -70.486769484999911, -33.459151409999947 ], [ -70.486691250999911, -33.459340103999921 ], [ -70.486405111999943, -33.460030246999906 ], [ -70.486404701999902, -33.460031235999907 ], [ -70.486320140999908, -33.460235188999945 ], [ -70.48629130899991, -33.461064104999934 ], [ -70.486288959999911, -33.46113164399992 ], [ -70.48628799599993, -33.461159352999914 ], [ -70.486285835999922, -33.461221458999944 ], [ -70.486283274999948, -33.461295053999947 ], [ -70.486280910999938, -33.461363066999922 ], [ -70.486562430999925, -33.462438079999913 ], [ -70.486510633999899, -33.462574811999957 ], [ -70.486272374999942, -33.463203761999921 ], [ -70.486254645999907, -33.463250562999917 ], [ -70.48471651199992, -33.46377551899991 ], [ -70.484394015999953, -33.463885581999932 ], [ -70.482357677999914, -33.465237677999937 ], [ -70.481762749999916, -33.465632685999935 ], [ -70.480755958999907, -33.466528951999919 ], [ -70.480069790999949, -33.467139793999934 ], [ -70.479113794999932, -33.468066195999938 ], [ -70.477671896999937, -33.469259820999923 ], [ -70.477499265999938, -33.46946627199992 ], [ -70.476181455999949, -33.471042220999948 ], [ -70.475918244999946, -33.471359648999908 ], [ -70.474781582999924, -33.472730412999908 ], [ -70.474662548999902, -33.472873959999902 ], [ -70.473680896999952, -33.473658437999916 ], [ -70.473479514999951, -33.473819367999909 ], [ -70.47278418399992, -33.474530731999948 ], [ -70.472709848999898, -33.474583282999902 ], [ -70.4720833639999, -33.475026171999957 ], [ -70.472059068999954, -33.475044301999958 ], [ -70.471707909999907, -33.475306355999919 ], [ -70.471499992999952, -33.475389995999933 ], [ -70.47131019099993, -33.475350904999914 ], [ -70.470979586999931, -33.47525679499995 ], [ -70.470759097999917, -33.475188948999914 ], [ -70.470708018999915, -33.475192075999928 ], [ -70.470448684999951, -33.475207949999913 ], [ -70.46951067099991, -33.475210648999905 ], [ -70.46845929999995, -33.475192384999957 ], [ -70.467171290999943, -33.475274214999956 ], [ -70.466466170999922, -33.475282560999915 ], [ -70.465595006999934, -33.475292865999904 ], [ -70.465409327999907, -33.475312910999946 ], [ -70.463996865999945, -33.475465389999954 ], [ -70.463636487999906, -33.475521983999954 ], [ -70.463009511999928, -33.475620440999933 ], [ -70.462772733999941, -33.475668270999904 ], [ -70.461986357999933, -33.475827117999927 ], [ -70.461886156999924, -33.47586995599994 ], [ -70.461634921999917, -33.475977362999913 ], [ -70.461173333999909, -33.476174699999945 ], [ -70.460810030999937, -33.476350866999951 ], [ -70.459961012999941, -33.476762552999958 ], [ -70.459272570999929, -33.477252045999933 ], [ -70.458647792999898, -33.477894418999938 ], [ -70.458367586999941, -33.478084309999929 ], [ -70.458140228999923, -33.47823838599993 ], [ -70.457666574999905, -33.478418075999912 ], [ -70.456720805999907, -33.478869612999915 ], [ -70.456550277999952, -33.47901956599992 ], [ -70.456219995999902, -33.479309996999916 ], [ -70.455298561999939, -33.480064178999953 ], [ -70.45529259999995, -33.480067436999946 ], [ -70.453285435999931, -33.481164343999922 ], [ -70.452373989999899, -33.481949786999905 ], [ -70.451840991999916, -33.482409091999955 ], [ -70.448762188999922, -33.483853506999935 ], [ -70.448729852999918, -33.483869823999953 ], [ -70.447380632999909, -33.484550632999913 ], [ -70.447223651999934, -33.484629842999936 ], [ -70.445116538999912, -33.484907221999947 ], [ -70.444695751999916, -33.484948350999957 ], [ -70.443462696999916, -33.485068865999949 ], [ -70.443438497999921, -33.485071230999949 ], [ -70.44227431999991, -33.485264853999922 ], [ -70.441574272999901, -33.48538127899991 ], [ -70.440759999999898, -33.485516694999944 ], [ -70.440199012999926, -33.48560998499994 ], [ -70.440006792999952, -33.485671096999909 ], [ -70.439364570999942, -33.485875275999945 ], [ -70.439137946999949, -33.485947323999937 ], [ -70.43904546999994, -33.485954869999944 ], [ -70.438961635999931, -33.485961710999902 ], [ -70.438906826999926, -33.485966182999903 ], [ -70.438892126999917, -33.485967382999945 ], [ -70.43888205099995, -33.485968204999949 ], [ -70.438880576999907, -33.485968324999931 ], [ -70.438878504999934, -33.485968493999906 ], [ -70.438875409999923, -33.485968746999902 ], [ -70.438874666999936, -33.485968807999939 ], [ -70.438873470999908, -33.485968905999925 ], [ -70.438872308999919, -33.485969000999944 ], [ -70.438869820999912, -33.485969203999957 ], [ -70.438868397999897, -33.485969319999924 ], [ -70.438867246999905, -33.485969413999953 ], [ -70.438863115999936, -33.485969751999903 ], [ -70.438860479999903, -33.485969966999903 ], [ -70.438860253999906, -33.48596998499994 ], [ -70.438860155999919, -33.485969992999912 ], [ -70.438860100999932, -33.485969996999927 ], [ -70.43886000099991, -33.485970004999956 ], [ -70.438857883999901, -33.485967266999921 ], [ -70.438856436999913, -33.485965373999932 ], [ -70.438854840999909, -33.485963282999933 ], [ -70.43885201799992, -33.485959581999907 ], [ -70.438850846999912, -33.485958047999929 ], [ -70.438850425999931, -33.485957494999923 ], [ -70.438849583999911, -33.485956390999945 ], [ -70.438848998999902, -33.485955625999907 ], [ -70.438846289999901, -33.485952074999943 ], [ -70.438817869999923, -33.485914818999902 ], [ -70.438805352999907, -33.485898411999926 ], [ -70.43863792499991, -33.485678936999932 ], [ -70.438583550999908, -33.485618142999954 ], [ -70.438582998999948, -33.485617524999952 ], [ -70.438542286999905, -33.485572002999902 ], [ -70.438524417999929, -33.485552022999912 ], [ -70.438399292999918, -33.485412121999957 ], [ -70.438384641999903, -33.485395741999923 ], [ -70.438178791999917, -33.485190710999916 ], [ -70.438141150999911, -33.485153219999916 ], [ -70.437862748999919, -33.484870975999911 ], [ -70.437626580999904, -33.484583005999923 ], [ -70.437398464999944, -33.48429533299992 ], [ -70.437147076999906, -33.484015808999914 ], [ -70.436937970999907, -33.483672842999908 ], [ -70.436715115999903, -33.483301995999909 ], [ -70.43668830799993, -33.483261862999939 ], [ -70.436506496999925, -33.482989694999958 ], [ -70.436295833999907, -33.482654181999919 ], [ -70.435940428999913, -33.482288245999939 ], [ -70.435691202999919, -33.482052652999926 ], [ -70.435455535999949, -33.481930437999949 ], [ -70.435439699999904, -33.481922224999948 ], [ -70.435390295999923, -33.481896603999928 ], [ -70.435362023999915, -33.481881819999955 ], [ -70.435361979999925, -33.481881796999915 ], [ -70.435353950999911, -33.481877597999926 ], [ -70.43535096699992, -33.481876037999939 ], [ -70.435183963999918, -33.481788707999954 ], [ -70.435134902999948, -33.481763052999952 ], [ -70.434867218999898, -33.481672376999938 ], [ -70.434658069999898, -33.481601529999921 ], [ -70.434645903999922, -33.481594911999935 ], [ -70.434477711999932, -33.48150342799994 ], [ -70.434371986999906, -33.481445920999931 ], [ -70.434276709999949, -33.481393103999949 ], [ -70.434035599999902, -33.48125944599991 ], [ -70.433780021999951, -33.481140030999939 ], [ -70.433774146999951, -33.481074006999904 ], [ -70.433735269999943, -33.480635150999944 ], [ -70.43372211399992, -33.480526383999916 ], [ -70.433503730999917, -33.478720904999932 ], [ -70.433462109999937, -33.47846 ], [ -70.433308582999928, -33.477497586999903 ], [ -70.4330395369999, -33.476720310999951 ], [ -70.432762508999929, -33.476064336999912 ], [ -70.432753389999903, -33.476042743999926 ], [ -70.432308490999901, -33.474832786999912 ], [ -70.432303274999924, -33.474304125999936 ], [ -70.432299139999941, -33.473884906999956 ], [ -70.432569212999908, -33.473193842999933 ], [ -70.432730927999899, -33.472780039999918 ], [ -70.433400608999932, -33.471321506999914 ], [ -70.433824875999903, -33.470520497999928 ], [ -70.434500008999919, -33.46978989899992 ], [ -70.434721061999937, -33.469535950999955 ], [ -70.434726105999914, -33.469434606999926 ], [ -70.434739840999953, -33.46915863299995 ], [ -70.434705872999928, -33.468614325999908 ], [ -70.434424348999926, -33.467837195999948 ], [ -70.434007225999949, -33.46679452099994 ], [ -70.433416504999911, -33.465455313999939 ], [ -70.432862471999954, -33.46444564299992 ], [ -70.432030186999953, -33.463994360999948 ], [ -70.431625221999923, -33.463960078999946 ], [ -70.430941357999927, -33.463902185999927 ], [ -70.429985021999926, -33.463887034999914 ], [ -70.429670571999907, -33.463764961999914 ], [ -70.42959788099995, -33.463714831999937 ], [ -70.42950623999991, -33.463651632999927 ], [ -70.429194487999951, -33.462932449999926 ], [ -70.428672678999931, -33.461597661999917 ], [ -70.428546909999909, -33.461188847999949 ], [ -70.428375645999949, -33.460632143999931 ], [ -70.427899992999926, -33.459900018999917 ], [ -70.427375626999947, -33.459093357999905 ], [ -70.427317408999897, -33.458591225999953 ], [ -70.427340616999913, -33.458528153999907 ], [ -70.427580618999912, -33.457875892999937 ], [ -70.427663416999906, -33.45742520999994 ], [ -70.42779156499995, -33.456727680999904 ], [ -70.427945835999935, -33.455873739999902 ], [ -70.42799995699994, -33.455589990999954 ], [ -70.428078977999917, -33.455014164999909 ], [ -70.428115471999945, -33.454856268999947 ], [ -70.428315632999897, -33.453990252999915 ], [ -70.428409979999913, -33.453582044999905 ], [ -70.428339395999899, -33.452325852999934 ], [ -70.428200720999939, -33.451489445999925 ], [ -70.428225838999936, -33.450734952999937 ], [ -70.428253165999934, -33.450220583999908 ], [ -70.42826881499991, -33.449918085999911 ], [ -70.428180309999902, -33.449547684999914 ], [ -70.428187324999953, -33.449373971999933 ], [ -70.4281949679999, -33.449184734999903 ], [ -70.428434144999926, -33.448689631999912 ], [ -70.428786496999919, -33.448184586999957 ], [ -70.429310027999918, -33.447750987999939 ], [ -70.429868246999945, -33.447045446999937 ], [ -70.430050001999916, -33.446839992999912 ], [ -70.430249807999928, -33.44662588999995 ], [ -70.430503678999912, -33.446445749999953 ], [ -70.431155511999918, -33.445983218999913 ], [ -70.431573839999942, -33.445686378999937 ], [ -70.431949857999939, -33.445055804999924 ], [ -70.431964667999921, -33.444851555999946 ], [ -70.43203385299995, -33.443897387999925 ], [ -70.431894344999932, -33.443321021999907 ], [ -70.431879482999932, -33.443259618999946 ], [ -70.43138222999994, -33.442785735999905 ], [ -70.430917721999947, -33.442370093999955 ], [ -70.43083343099994, -33.442201704999945 ], [ -70.43064434799993, -33.441823966999948 ], [ -70.430639623999923, -33.441814528999942 ], [ -70.430395374999932, -33.440115724999941 ], [ -70.43024780099995, -33.439560244999939 ], [ -70.430120846999898, -33.439082369999937 ], [ -70.430153688999951, -33.438572367999939 ], [ -70.430247616999907, -33.43842021599994 ], [ -70.430414292999899, -33.438150217999919 ], [ -70.430589321999946, -33.437866688999918 ], [ -70.430650459999924, -33.437767651999934 ], [ -70.431125178999935, -33.436561536999932 ], [ -70.431179744999952, -33.436429711999949 ], [ -70.4313600669999, -33.436029306999956 ], [ -70.431671704999928, -33.435337314999913 ], [ -70.431835729999932, -33.434892902999934 ], [ -70.432260423999935, -33.434268035999935 ], [ -70.432850992999931, -33.433299172999909 ], [ -70.432964376999905, -33.433045995999919 ], [ -70.43307088499995, -33.432808173999945 ], [ -70.433135593999907, -33.432663685999955 ], [ -70.433136267999942, -33.432580977999919 ], [ -70.433136942999909, -33.43249814099994 ], [ -70.433137582999905, -33.432419560999904 ], [ -70.433143652999945, -33.431674797999904 ], [ -70.433144040999935, -33.431627178999918 ], [ -70.433146367999939, -33.431341679999946 ], [ -70.433146459999932, -33.431330446999937 ], [ -70.433245669999906, -33.430447225999956 ], [ -70.433318039999904, -33.429802941999924 ], [ -70.433545107999919, -33.428994142999954 ], [ -70.433627718999901, -33.428699887999926 ], [ -70.434210778999898, -33.427277570999934 ], [ -70.434506214999942, -33.426894642999912 ], [ -70.434660127999905, -33.426695148999954 ], [ -70.434896446999915, -33.426524262999919 ], [ -70.434929998999905, -33.4265 ], [ -70.435113767999951, -33.426373800999954 ], [ -70.43535961799995, -33.426301908999903 ], [ -70.435468906999915, -33.426269949999948 ], [ -70.435749925999914, -33.426187772999924 ], [ -70.436762303999899, -33.425956153999948 ], [ -70.438904245999936, -33.425642707999941 ], [ -70.439686231999929, -33.425565217999917 ], [ -70.44047512599991, -33.425487037999915 ], [ -70.440889323999897, -33.425322919999928 ], [ -70.441739466999934, -33.424986061999903 ], [ -70.44176151399995, -33.424977325999919 ], [ -70.443063585999937, -33.424371996999923 ], [ -70.444217490999904, -33.423835531999941 ], [ -70.444941168999947, -33.423435742999914 ], [ -70.446565283999917, -33.422538484999905 ], [ -70.44677381899993, -33.422423278999929 ], [ -70.448101301999941, -33.421623391999958 ], [ -70.449032523999904, -33.421062257999949 ], [ -70.449247365999952, -33.420849696999937 ], [ -70.450083507999921, -33.420022420999942 ], [ -70.450807121999901, -33.419306463999931 ], [ -70.451444217999949, -33.418594764999909 ], [ -70.451692540999943, -33.418317359999946 ], [ -70.45199944299992, -33.417669962999923 ], [ -70.452307558999905, -33.417019995999908 ], [ -70.452259658999935, -33.416586389999907 ], [ -70.45213577599992, -33.415464913999926 ], [ -70.452167076999899, -33.41506873499992 ], [ -70.452256271999943, -33.413939774999903 ], [ -70.452357746999951, -33.413481062999949 ], [ -70.45242894699993, -33.413159204999943 ], [ -70.452843511999902, -33.41222 ], [ -70.452927360999922, -33.41203003499993 ], [ -70.453181247999908, -33.411348612999916 ], [ -70.453256006999936, -33.411003880999942 ], [ -70.453201735999926, -33.410685517999923 ], [ -70.453089992999935, -33.41003 ], [ -70.453070429999912, -33.409616802999949 ], [ -70.453069076999952, -33.409535562999906 ], [ -70.453063024999949, -33.40917216999992 ], [ -70.453151526999932, -33.408621085999926 ], [ -70.453111151999906, -33.407872557999951 ], [ -70.453042681999932, -33.407112655999924 ], [ -70.452849043999947, -33.406377625999937 ], [ -70.452530238999941, -33.405667467999933 ], [ -70.452258548999907, -33.405272741999909 ], [ -70.452090488999943, -33.404934136999941 ], [ -70.451998671999945, -33.404749142999947 ], [ -70.451816272999906, -33.403850134999914 ], [ -70.451616893999926, -33.402873791999923 ], [ -70.451616434999949, -33.402776371999948 ], [ -70.451615516999937, -33.402581229999953 ], [ -70.451659971999902, -33.402379971999949 ], [ -70.451878336999926, -33.401768963999928 ], [ -70.451880365999898, -33.401763286999937 ], [ -70.45264302399994, -33.400620286999924 ], [ -70.453212909999934, -33.399320059999923 ], [ -70.453444851999905, -33.39875500799991 ], [ -70.453761064999924, -33.39798464699993 ], [ -70.454130536999912, -33.397372338999958 ], [ -70.454170591999912, -33.397305958999937 ], [ -70.454213341999946, -33.397235110999929 ], [ -70.454968390999909, -33.396907300999942 ], [ -70.454980879999937, -33.396906224999952 ], [ -70.455846743999928, -33.396831620999933 ], [ -70.456634892999944, -33.396763706999934 ], [ -70.457457433999934, -33.396683166999935 ], [ -70.45776695099994, -33.396576950999929 ], [ -70.458045569999911, -33.396481338999934 ], [ -70.459998268999925, -33.395767299999932 ], [ -70.460863354999901, -33.395495258999915 ], [ -70.461637388999918, -33.395251843999915 ], [ -70.463428193999903, -33.39496493799993 ], [ -70.465834455999925, -33.394847932999937 ], [ -70.466668066999944, -33.394748908999929 ], [ -70.466994003999901, -33.394710189999955 ], [ -70.469159875999935, -33.394117525999945 ], [ -70.469400470999915, -33.39400085199992 ], [ -70.46979493099991, -33.393809561999944 ], [ -70.470184436999944, -33.393620673999919 ], [ -70.470198330999949, -33.393613935999952 ], [ -70.470215860999929, -33.393605434999927 ], [ -70.470249973999898, -33.393590010999958 ], [ -70.47025, -33.393590010999958 ], [ -70.470292091999909, -33.393611636999935 ], [ -70.470340436999948, -33.393638553999949 ], [ -70.470341469999937, -33.393639128999951 ], [ -70.470988709999915, -33.393999495999935 ], [ -70.47126826899995, -33.394155140999942 ], [ -70.471536869999909, -33.394304689999956 ], [ -70.471930316999931, -33.394380661999946 ], [ -70.472349274999942, -33.394461557999932 ], [ -70.47343, -33.394728892999922 ], [ -70.473444067999935, -33.394732372999954 ], [ -70.474194199999943, -33.394628857999919 ], [ -70.475130660999923, -33.394428520999952 ], [ -70.475504391999948, -33.394297938999955 ], [ -70.475539997999931, -33.394249997999907 ], [ -70.475835205999942, -33.39385251899995 ], [ -70.476200404999929, -33.393217483999933 ], [ -70.476609968999924, -33.391872390999936 ], [ -70.47668189299992, -33.39171187799991 ], [ -70.477334465999945, -33.390255503999924 ], [ -70.4781393909999, -33.389065229999915 ], [ -70.478181908999943, -33.389002354999946 ], [ -70.478581367999936, -33.388411644999906 ], [ -70.478889235999929, -33.387379232999933 ], [ -70.479043790999924, -33.386860937999927 ], [ -70.479043752999928, -33.386858681999911 ], [ -70.47903176199992, -33.386150717999953 ], [ -70.479029906999926, -33.386041204999913 ], [ -70.47894114199994, -33.385447938999903 ], [ -70.478902741999946, -33.385191285999952 ], [ -70.478930478999928, -33.384945913999957 ], [ -70.478989998999907, -33.38442 ], [ -70.478989977999902, -33.384419880999928 ], [ -70.478989956999953, -33.384419762999926 ], [ -70.478911404999906, -33.383957187999954 ], [ -70.47900954399995, -33.383663223999918 ], [ -70.479086707999897, -33.383535868999957 ], [ -70.479385473999912, -33.383379255999955 ], [ -70.479692956999941, -33.38326911899992 ], [ -70.480084664999936, -33.383123502999922 ], [ -70.480941282999936, -33.382656031999943 ], [ -70.481532285999947, -33.382041935999951 ], [ -70.481712835999929, -33.381606178999903 ], [ -70.481754232999947, -33.381450471999926 ], [ -70.481872816999953, -33.381200013999944 ], [ -70.482043957999906, -33.380877379999902 ], [ -70.482058638999945, -33.38084970299991 ], [ -70.482260037999936, -33.380470026999944 ], [ -70.482402429999922, -33.380150657999934 ], [ -70.482424456999922, -33.380069911999954 ], [ -70.482504490999929, -33.379776534999905 ], [ -70.482580232999908, -33.379568389999918 ], [ -70.482604065999908, -33.379270490999943 ], [ -70.482578341999954, -33.378882996999948 ], [ -70.482575574999942, -33.37872 ], [ -70.482573673999923, -33.378607984999917 ], [ -70.482618410999919, -33.378413549999948 ], [ -70.482636430999946, -33.378400124999928 ], [ -70.482969045999937, -33.378152328999931 ], [ -70.483032389999948, -33.377926106999951 ], [ -70.483096039999907, -33.377717917999917 ], [ -70.483202203999952, -33.377184549999924 ], [ -70.483274214999938, -33.376895092999916 ], [ -70.483291061999921, -33.376759611999944 ], [ -70.483259616999931, -33.376512164999951 ], [ -70.483253032999926, -33.376460357999918 ], [ -70.483080298999937, -33.376010716999929 ], [ -70.48272559499992, -33.375454331999947 ], [ -70.482564368999931, -33.375268429999949 ], [ -70.48254322899993, -33.37524405399995 ], [ -70.481918682999947, -33.374523918999955 ], [ -70.48169413599993, -33.374285035999947 ], [ -70.481546926999954, -33.374101911999958 ], [ -70.481477566999899, -33.373986662999926 ], [ -70.481428370999936, -33.373904916999948 ], [ -70.481391146999954, -33.373575089999918 ], [ -70.481441814999926, -33.373419623999951 ], [ -70.481549068999925, -33.373158960999945 ], [ -70.481564970999898, -33.373016526999947 ], [ -70.4815032059999, -33.372892712999942 ], [ -70.481265024999914, -33.37271955999995 ], [ -70.481023516999926, -33.372610640999937 ], [ -70.480956711999909, -33.372556278999923 ], [ -70.480937250999943, -33.372421703999919 ], [ -70.480910704999928, -33.372238136999954 ], [ -70.48102681599994, -33.371736216999921 ], [ -70.481167065999898, -33.371509077999917 ], [ -70.481336852999902, -33.371340206999946 ], [ -70.481430529999898, -33.371199299999944 ], [ -70.481424000999937, -33.371181763999914 ], [ -70.481410470999947, -33.371145426999931 ], [ -70.481149989999949, -33.371076386999903 ], [ -70.480890914999918, -33.371070459999942 ], [ -70.48067410099992, -33.370989994999945 ], [ -70.480661219999945, -33.370985213999916 ], [ -70.480648120999945, -33.370980352999936 ], [ -70.480620160999933, -33.370969975999913 ], [ -70.480579595999927, -33.370962737999946 ], [ -70.48055880499993, -33.370959027999902 ], [ -70.480537676999916, -33.370955257999924 ], [ -70.480533992999938, -33.370954599999948 ], [ -70.480530309999949, -33.370953942999904 ], [ -70.480502201999911, -33.370948926999915 ], [ -70.480467888999954, -33.370942803999924 ], [ -70.480411426999922, -33.370932728999946 ], [ -70.480382834999943, -33.370927626999958 ], [ -70.480358740999918, -33.370923327999947 ], [ -70.480312222999942, -33.37091502699991 ], [ -70.480091764999941, -33.370899826999903 ], [ -70.480033440999932, -33.370895805999908 ], [ -70.47986175199992, -33.370918064999955 ], [ -70.479765314999952, -33.370930567999949 ], [ -70.479715410999916, -33.370931162999909 ], [ -70.47951579599993, -33.370933541999932 ], [ -70.479433350999898, -33.370931942999903 ], [ -70.479363317999912, -33.37084264799995 ], [ -70.479117688999906, -33.370648958999936 ], [ -70.478958663999947, -33.370428635999929 ], [ -70.478676361999931, -33.370257442999957 ], [ -70.478433198999937, -33.370153225999957 ], [ -70.478198975999931, -33.370013581999956 ], [ -70.4780830979999, -33.369919968999909 ], [ -70.477945987999931, -33.369869878999907 ], [ -70.477901882999902, -33.369853765999949 ], [ -70.477756398999929, -33.369711940999935 ], [ -70.477692318999914, -33.369649472999924 ], [ -70.477530766999905, -33.369589417999919 ], [ -70.477530957999932, -33.369585742999902 ], [ -70.477566390999925, -33.368902229999946 ], [ -70.477590092999947, -33.368445022999936 ], [ -70.477607673999898, -33.368105882999942 ], [ -70.477620778999949, -33.367853097999955 ], [ -70.477640120999922, -33.367480004999948 ], [ -70.477694153999948, -33.366437713999915 ], [ -70.4777392069999, -33.365568642999904 ], [ -70.477758445999939, -33.365197523999939 ], [ -70.477799792999917, -33.364399962999926 ], [ -70.477801917999898, -33.36435894899995 ], [ -70.478161910999916, -33.36434615099995 ], [ -70.478236333999916, -33.36434289999994 ], [ -70.478752082999904, -33.364320368999927 ], [ -70.478885250999951, -33.36431678699995 ], [ -70.478930779999928, -33.364315561999945 ], [ -70.4790649279999, -33.364319320999925 ], [ -70.479202402999931, -33.364331076999918 ], [ -70.479231860999903, -33.364332904999912 ], [ -70.479311060999919, -33.364337818999957 ], [ -70.479400477999945, -33.364339431999952 ], [ -70.479508490999933, -33.364331978999928 ] ] ] ] } },
{ "type": "Feature", "properties": { "OBJECTID": 271, "CUT": 13115, "COD_REGION": 13, "REGION": "METROPOLITANA DE SANTIAGO", "COD_PROVINCIA": 131, "PROVINCIA": "SANTIAGO", "COMUNA": "LO BARNECHEA", "SHAPE_Length": 1.4782715529662789, "SHAPE_Area": 0.09909252949303525 }, "geometry": { "type": "MultiPolygon", "coordinates": [ [ [ [ -70.3203404489999, -33.105245486999934 ], [ -70.320506372999944, -33.104822854999952 ], [ -70.320511787999919, -33.104809059999923 ], [ -70.320736678999936, -33.104236224999909 ], [ -70.320995041999936, -33.103857422999909 ], [ -70.321409214999903, -33.103250170999956 ], [ -70.321926018999932, -33.102862616999914 ], [ -70.322186013999954, -33.10266859099994 ], [ -70.322472943999912, -33.102608653999937 ], [ -70.323390222999933, -33.102417037999942 ], [ -70.323659310999915, -33.102360824999948 ], [ -70.323835428999928, -33.102324033999935 ], [ -70.323931966999908, -33.102303866999932 ], [ -70.325315843999931, -33.102263499999935 ], [ -70.326693333999913, -33.102220320999947 ], [ -70.326821313999915, -33.102216308999914 ], [ -70.32739078499992, -33.102183593999939 ], [ -70.327629067999908, -33.102169903999936 ], [ -70.328153497999949, -33.102139772999919 ], [ -70.328376043999924, -33.102057072999912 ], [ -70.328988335999952, -33.101829537999947 ], [ -70.329145042999926, -33.101745966999943 ], [ -70.329552146999902, -33.101528859999917 ], [ -70.329627450999908, -33.101488700999937 ], [ -70.329768975999912, -33.10141322599992 ], [ -70.330158359999928, -33.10120556499993 ], [ -70.330519239999944, -33.101013104999936 ], [ -70.330579667999928, -33.100967969999942 ], [ -70.330826559999934, -33.100783556999943 ], [ -70.33142967099991, -33.100333066999951 ], [ -70.333337552999922, -33.098674289999906 ], [ -70.334915011999954, -33.097961719999944 ], [ -70.335016960999951, -33.097915666999938 ], [ -70.335084104999908, -33.097885335999933 ], [ -70.335861332999912, -33.097631865999915 ], [ -70.336137574999952, -33.097541777999936 ], [ -70.336265754999943, -33.097521979999954 ], [ -70.338438926999913, -33.097186294999915 ], [ -70.338554281999905, -33.097168475999922 ], [ -70.339006495999911, -33.097138948999941 ], [ -70.339047857999901, -33.097136246999924 ], [ -70.340312208999933, -33.09705368199991 ], [ -70.341045938999912, -33.097005762999913 ], [ -70.341127315999927, -33.097004632999926 ], [ -70.342095108999899, -33.096991193999941 ], [ -70.342103812999937, -33.096991072999913 ], [ -70.342143408999902, -33.096998242999916 ], [ -70.342201202999945, -33.097008709999955 ], [ -70.342300609999938, -33.097026711999945 ], [ -70.342374420999931, -33.097039930999927 ], [ -70.342395067999917, -33.097043628999927 ], [ -70.342578370999945, -33.097076040999923 ], [ -70.342820765999932, -33.097167344999946 ], [ -70.342979996999929, -33.097220000999926 ], [ -70.343084529999942, -33.097540771999945 ], [ -70.343082988999925, -33.097597404999931 ], [ -70.343070915999931, -33.098041134999903 ], [ -70.342958801999941, -33.099042775999919 ], [ -70.342916023999919, -33.099364204999915 ], [ -70.342825464999919, -33.100044644999912 ], [ -70.342799319999926, -33.101116818999913 ], [ -70.342767469999899, -33.101813891999939 ], [ -70.34304033199993, -33.102171086999931 ], [ -70.34309232499993, -33.102239148999956 ], [ -70.343756741999925, -33.102660742999944 ], [ -70.343890815999941, -33.102723685999933 ], [ -70.345475850999946, -33.103467793999926 ], [ -70.345616700999926, -33.103533916999936 ], [ -70.346578528999942, -33.103970148999906 ], [ -70.346965269999941, -33.104070551999939 ], [ -70.347239157999923, -33.104141656999957 ], [ -70.347787388999905, -33.104250730999922 ], [ -70.34818970799995, -33.104330774999937 ], [ -70.348467557999925, -33.104398673999924 ], [ -70.348890609999899, -33.104502056999934 ], [ -70.350117753999939, -33.104890952999938 ], [ -70.351479125999901, -33.105322365999939 ], [ -70.351960806999898, -33.105475007999928 ], [ -70.351972003999947, -33.105478555999923 ], [ -70.35203723199993, -33.10548684999992 ], [ -70.352425206999953, -33.105536179999945 ], [ -70.352428207999935, -33.105536560999951 ], [ -70.352428742999905, -33.105536628999914 ], [ -70.355712401999938, -33.10595408599994 ], [ -70.355855807999944, -33.105959779999921 ], [ -70.356119616999933, -33.10597025699991 ], [ -70.357530384999905, -33.10617544899992 ], [ -70.360029030999954, -33.10647804599995 ], [ -70.36209929499995, -33.106725303999951 ], [ -70.362499139999898, -33.106716053999946 ], [ -70.363737620999927, -33.106687395999927 ], [ -70.364825892999932, -33.106747383999902 ], [ -70.365106731999902, -33.106803759999934 ], [ -70.365168712999946, -33.106815728999948 ], [ -70.36540649199992, -33.106861643999935 ], [ -70.365902652999921, -33.106887010999912 ], [ -70.366881901999932, -33.107008764999932 ], [ -70.366951591999907, -33.107017430999917 ], [ -70.367823926999904, -33.106954727999948 ], [ -70.368316718999949, -33.106843054999956 ], [ -70.36907986999995, -33.106524737999905 ], [ -70.36999820199992, -33.106036461999906 ], [ -70.370857117999947, -33.105787923999912 ], [ -70.37156222099992, -33.10579787599994 ], [ -70.372530043999916, -33.105787220999957 ], [ -70.372540883999932, -33.105785467999908 ], [ -70.372555650999914, -33.105783079999924 ], [ -70.373496040999953, -33.106014502999926 ], [ -70.374282317999928, -33.106521327999928 ], [ -70.374902912999914, -33.107040715999915 ], [ -70.376093088999937, -33.108080045999941 ], [ -70.37718476799995, -33.108529782999938 ], [ -70.377468724999915, -33.108605968999939 ], [ -70.377915191999932, -33.108725757999935 ], [ -70.378519312999913, -33.108841991999952 ], [ -70.378951469999947, -33.108821578999937 ], [ -70.379268650999904, -33.108806596999955 ], [ -70.379355310999927, -33.108802502999936 ], [ -70.380150322999953, -33.108764945999951 ], [ -70.380683451999914, -33.108811025999955 ], [ -70.381689261999952, -33.108897955999907 ], [ -70.381965234999939, -33.108921806999945 ], [ -70.382034966999925, -33.108959822999907 ], [ -70.382885652999903, -33.109423596999932 ], [ -70.382934821999925, -33.109450401999936 ], [ -70.383599200999925, -33.110311046999925 ], [ -70.383600491999914, -33.110318157999927 ], [ -70.383631169999944, -33.110487102999912 ], [ -70.383785522999915, -33.111337117999938 ], [ -70.383806143999948, -33.111772303999942 ], [ -70.383841909999944, -33.112527121999904 ], [ -70.383845389999919, -33.112600558999929 ], [ -70.383905557999924, -33.112865405999912 ], [ -70.38390764199994, -33.112874580999915 ], [ -70.384450495999943, -33.113449490999926 ], [ -70.384860247999939, -33.113970228999904 ], [ -70.385391166999909, -33.114423497999951 ], [ -70.38546626099992, -33.114523847999919 ], [ -70.385608261999948, -33.114713602999927 ], [ -70.385895039999923, -33.115097032999927 ], [ -70.386153096999919, -33.115276732999916 ], [ -70.386404283999923, -33.115360478999946 ], [ -70.386491568999929, -33.115389579999942 ], [ -70.387546896999936, -33.115772585999935 ], [ -70.388428663999946, -33.116092592999905 ], [ -70.388938641999914, -33.116308915999923 ], [ -70.390215820999913, -33.117102890999945 ], [ -70.390632931999903, -33.117338680999922 ], [ -70.3916393639999, -33.118003332999933 ], [ -70.39170661199995, -33.118010700999946 ], [ -70.392610581999918, -33.11810973799993 ], [ -70.393442857999901, -33.118283002999931 ], [ -70.393490588999953, -33.118311624999933 ], [ -70.393931172999942, -33.118575819999933 ], [ -70.394454045999908, -33.11924253299992 ], [ -70.394874590999905, -33.119515114999956 ], [ -70.395823618999941, -33.120130227999937 ], [ -70.396791245999907, -33.120757377999951 ], [ -70.397121314999936, -33.120909199999915 ], [ -70.398265372999902, -33.121461045999922 ], [ -70.39854921999995, -33.121597958999928 ], [ -70.399805887999946, -33.121679927999935 ], [ -70.399854173999927, -33.121684653999921 ], [ -70.400071852999929, -33.121705958999939 ], [ -70.400425330999951, -33.121740554999917 ], [ -70.400965529999951, -33.121860774999902 ], [ -70.401324866999914, -33.121985606999942 ], [ -70.40132617699993, -33.121986027999924 ], [ -70.401555748999954, -33.122058184999958 ], [ -70.40196732499993, -33.122257602999923 ], [ -70.402710928999909, -33.12247323999992 ], [ -70.402895322999939, -33.122503554999923 ], [ -70.40309508799993, -33.122505313999909 ], [ -70.403476129999945, -33.122433923999949 ], [ -70.405032320999908, -33.122090158999924 ], [ -70.40503709099994, -33.122090302999936 ], [ -70.406652012999928, -33.12213915399991 ], [ -70.406964802999937, -33.122148613999912 ], [ -70.407072458999949, -33.122151868999936 ], [ -70.407895777999897, -33.122175859999913 ], [ -70.409576222999931, -33.122224808999931 ], [ -70.409691851999924, -33.122228175999908 ], [ -70.4113674379999, -33.122365660999947 ], [ -70.412868045999915, -33.122488768999915 ], [ -70.412944394999897, -33.122505124999918 ], [ -70.413417177999918, -33.122579009999924 ], [ -70.41463613399992, -33.122769496999922 ], [ -70.415212937999911, -33.122924036999905 ], [ -70.415878204999899, -33.12302387099993 ], [ -70.416365516999917, -33.123168682999903 ], [ -70.416751026999918, -33.12332992499995 ], [ -70.418125446999909, -33.123904767999932 ], [ -70.419380497999953, -33.124792516999946 ], [ -70.420494944999916, -33.126213015999951 ], [ -70.420574644999931, -33.126295633999916 ], [ -70.420816719999948, -33.126546569999903 ], [ -70.421304520999911, -33.127165775999913 ], [ -70.421315591999928, -33.127179828999942 ], [ -70.421569981999937, -33.127449607999949 ], [ -70.421609181999941, -33.127516236999952 ], [ -70.421738207999908, -33.127689346999944 ], [ -70.421875224999951, -33.127796107999927 ], [ -70.422025943999927, -33.127869345999954 ], [ -70.422055610999905, -33.127883761999954 ], [ -70.422445443999948, -33.128073189999952 ], [ -70.42265111699993, -33.128091960999939 ], [ -70.422788229999924, -33.12810447499993 ], [ -70.423465549999946, -33.128166289999911 ], [ -70.423530395999933, -33.12817220699992 ], [ -70.423607299999901, -33.128181404999907 ], [ -70.424167176999902, -33.128248363999944 ], [ -70.424207942999942, -33.128253238999946 ], [ -70.424732084999903, -33.128315924999924 ], [ -70.424799083999915, -33.128323937999937 ], [ -70.425134345999936, -33.128364033999958 ], [ -70.425230940999938, -33.128375584999958 ], [ -70.42524607699994, -33.128380804999949 ], [ -70.425376613999902, -33.128425819999904 ], [ -70.425565334999931, -33.128490899999917 ], [ -70.425777339999911, -33.128564007999955 ], [ -70.425990175999914, -33.128637402999914 ], [ -70.4260162409999, -33.128646391999951 ], [ -70.426507389999927, -33.128871186999902 ], [ -70.4269287219999, -33.129154673999949 ], [ -70.427003847999913, -33.12920522099995 ], [ -70.427075607999939, -33.129302946999928 ], [ -70.427112933999922, -33.129353777999938 ], [ -70.427294693999897, -33.129548220999936 ], [ -70.427379359999918, -33.129685973999926 ], [ -70.427518598999939, -33.129799980999906 ], [ -70.427796705999924, -33.130004878999955 ], [ -70.427876767999919, -33.130075333999912 ], [ -70.428061573999912, -33.130237962999956 ], [ -70.428158401999951, -33.13032317099993 ], [ -70.428309826999907, -33.130494841999905 ], [ -70.428372571999944, -33.130565974999911 ], [ -70.428850436999937, -33.131107726999915 ], [ -70.429110532999914, -33.131466800999931 ], [ -70.429310710999914, -33.131743152999945 ], [ -70.429442149999943, -33.13193631799993 ], [ -70.430031704999919, -33.132802722999941 ], [ -70.430158735999953, -33.133015707999903 ], [ -70.430201110999917, -33.133086755999955 ], [ -70.430226144999949, -33.133128727999917 ], [ -70.430411244999902, -33.133439071999931 ], [ -70.430479911999953, -33.134334199999955 ], [ -70.430478261999951, -33.134545350999929 ], [ -70.430469331999916, -33.134738243999948 ], [ -70.430471500999943, -33.134756499999924 ], [ -70.430504249999899, -33.135032100999922 ], [ -70.43061655899993, -33.13526418899994 ], [ -70.430745637999905, -33.135414908999905 ], [ -70.430880334999927, -33.135540196999955 ], [ -70.431107032999932, -33.135760822999941 ], [ -70.431803918999947, -33.135970970999949 ], [ -70.432365194999932, -33.13618521199993 ], [ -70.432631713999911, -33.136334897999916 ], [ -70.432657311999947, -33.13634927499993 ], [ -70.432882366999934, -33.136468448999949 ], [ -70.433143394999945, -33.136713738999958 ], [ -70.433213052999918, -33.136779195999907 ], [ -70.433483530999922, -33.137095708999937 ], [ -70.433587415999909, -33.137736299999915 ], [ -70.43373540999994, -33.138307892999933 ], [ -70.433886794999921, -33.138717096999926 ], [ -70.434001838999905, -33.138860669999929 ], [ -70.434460592999926, -33.139433178999923 ], [ -70.434536057999935, -33.139559845999941 ], [ -70.435524114999907, -33.141314853999916 ], [ -70.435932184999899, -33.142039654999905 ], [ -70.436098594999919, -33.142397962999951 ], [ -70.436224687999925, -33.142909832999919 ], [ -70.436518306999915, -33.143843296999933 ], [ -70.436702022999953, -33.14436110999992 ], [ -70.436731416999919, -33.144443959999933 ], [ -70.43684793999995, -33.144567282999958 ], [ -70.43710178099991, -33.144835936999925 ], [ -70.437838554999928, -33.145376778999946 ], [ -70.438242637999906, -33.145563404999905 ], [ -70.438492488999941, -33.145678797999949 ], [ -70.438733972999898, -33.145716533999916 ], [ -70.439340285999947, -33.145806338999932 ], [ -70.439349932999903, -33.145810513999947 ], [ -70.439414206999913, -33.145838327999911 ], [ -70.439593650999939, -33.145915981999906 ], [ -70.439935949999949, -33.146111872999938 ], [ -70.440140758999917, -33.146213055999908 ], [ -70.440851282999915, -33.146658951999939 ], [ -70.441132267999933, -33.146939094999937 ], [ -70.441203934999919, -33.147010546999923 ], [ -70.441313674999947, -33.147119956999916 ], [ -70.441321700999936, -33.14714087099992 ], [ -70.441441986999905, -33.147454320999941 ], [ -70.441441717999908, -33.147882701999947 ], [ -70.441441703999942, -33.147906428999931 ], [ -70.441380715999912, -33.148026784999956 ], [ -70.441240885999946, -33.148302729999955 ], [ -70.441237507999915, -33.148365028999933 ], [ -70.44120870699993, -33.14889620699995 ], [ -70.441205493999917, -33.148955462999936 ], [ -70.441211138999904, -33.149004696999953 ], [ -70.441258585999947, -33.149418580999907 ], [ -70.441286093999906, -33.149658521999925 ], [ -70.44178020499993, -33.150763687999927 ], [ -70.442285421999941, -33.151610975999915 ], [ -70.442558479999946, -33.152072588999943 ], [ -70.442714157999944, -33.152335764999918 ], [ -70.442737892999901, -33.152390384999933 ], [ -70.443006630999946, -33.15300880399991 ], [ -70.443098262999911, -33.153219664999938 ], [ -70.443123939999907, -33.153278750999903 ], [ -70.443557192999947, -33.154278326999929 ], [ -70.444065591999902, -33.154907857999945 ], [ -70.444247221999944, -33.155132762999926 ], [ -70.444252367999923, -33.155142916999921 ], [ -70.444497180999917, -33.155794469999933 ], [ -70.444527179999909, -33.156162095999946 ], [ -70.444528790999925, -33.156625825999924 ], [ -70.444558185999938, -33.156793940999933 ], [ -70.444695363999926, -33.157578493999949 ], [ -70.444621110999947, -33.157969486999946 ], [ -70.444528717999901, -33.158299628999941 ], [ -70.444454455999903, -33.158564979999937 ], [ -70.444449659999918, -33.158582117999913 ], [ -70.444488662999902, -33.159115976999942 ], [ -70.444553767999935, -33.159425298999906 ], [ -70.44457895499994, -33.159526171999914 ], [ -70.444635547999951, -33.159628879999957 ], [ -70.444713090999926, -33.159733543999948 ], [ -70.444773609999913, -33.159793194999907 ], [ -70.444816739999908, -33.15983570599991 ], [ -70.444857032999948, -33.159904584999936 ], [ -70.444867852999948, -33.159923081999921 ], [ -70.444958395999947, -33.16002319699993 ], [ -70.445132088999912, -33.16009155699993 ], [ -70.445429191999949, -33.160191472999941 ], [ -70.445451272999946, -33.160207874999912 ], [ -70.446025448999933, -33.16063436099995 ], [ -70.446078584999952, -33.160665360999928 ], [ -70.44613467399995, -33.160698083999932 ], [ -70.446784686999933, -33.161077305999925 ], [ -70.446981702999949, -33.161245796999935 ], [ -70.447253512999907, -33.161478249999902 ], [ -70.447360035999907, -33.161569348999933 ], [ -70.44779852399995, -33.161944340999923 ], [ -70.448426365999921, -33.16245110199992 ], [ -70.448882773999912, -33.162709728999914 ], [ -70.448988754999903, -33.162769782999931 ], [ -70.449318618999939, -33.162976129999947 ], [ -70.449795784999935, -33.163270462999947 ], [ -70.450388568999927, -33.16355565899994 ], [ -70.450701139999921, -33.163774369999942 ], [ -70.450967662999915, -33.163960858999928 ], [ -70.451163256999905, -33.164227883999956 ], [ -70.451459808999914, -33.164632733999952 ], [ -70.45255340999995, -33.166174875999957 ], [ -70.453229897999904, -33.166784183999937 ], [ -70.453893151999921, -33.167381560999956 ], [ -70.454698713999903, -33.16827053399993 ], [ -70.454800725999917, -33.168386872999918 ], [ -70.455195871999933, -33.168837513999904 ], [ -70.455253544999948, -33.168903284999942 ], [ -70.45543654599993, -33.169410804999927 ], [ -70.455382780999912, -33.169886540999926 ], [ -70.455143736999901, -33.170338526999956 ], [ -70.454887925999913, -33.170699888999934 ], [ -70.454494122999904, -33.170968548999952 ], [ -70.453846924999937, -33.171429619999913 ], [ -70.453692023999906, -33.171690577999925 ], [ -70.453735084999948, -33.171821584999918 ], [ -70.453737986999897, -33.171830413999942 ], [ -70.453834892999907, -33.171987900999909 ], [ -70.453840896999907, -33.171997658999942 ], [ -70.45419017699993, -33.172197575999917 ], [ -70.455050476999929, -33.172798018999913 ], [ -70.455224116999943, -33.172900892999905 ], [ -70.456118735999951, -33.173430907999943 ], [ -70.456787360999954, -33.173789036999949 ], [ -70.457799054999953, -33.174374512999918 ], [ -70.45931487699994, -33.175530059999915 ], [ -70.459622764999949, -33.175739777999922 ], [ -70.460866481999915, -33.17654650299994 ], [ -70.461326897999925, -33.176775395999925 ], [ -70.461621061999949, -33.176921635999918 ], [ -70.462266998999951, -33.177532364999934 ], [ -70.462645958999929, -33.178061545999924 ], [ -70.462573262999911, -33.178287409999939 ], [ -70.462561383999912, -33.178324317999909 ], [ -70.462411292999946, -33.178790636999906 ], [ -70.46173405199994, -33.179406339999957 ], [ -70.461496869999905, -33.179608128999917 ], [ -70.460682786999939, -33.180300723999949 ], [ -70.46065636499992, -33.180323201999954 ], [ -70.460484283999904, -33.180514154999912 ], [ -70.459981312999901, -33.18107227899992 ], [ -70.459616106999931, -33.181883196999934 ], [ -70.45947125899994, -33.182204818999935 ], [ -70.459496058999946, -33.182562606999909 ], [ -70.459546280999916, -33.183287166999946 ], [ -70.459633467999936, -33.184544971999912 ], [ -70.45984160699993, -33.185924755999906 ], [ -70.459826601999907, -33.186439717999917 ], [ -70.45982532499994, -33.186483541999905 ], [ -70.459819775999904, -33.186499239999932 ], [ -70.459818533999908, -33.186510064999936 ], [ -70.459808883999926, -33.186530048999941 ], [ -70.459805365999898, -33.18654 ], [ -70.459703297999909, -33.186828724999941 ], [ -70.459430897999937, -33.187510887999906 ], [ -70.459384376999935, -33.187627387999953 ], [ -70.459382718999905, -33.187829892999957 ], [ -70.459382371999936, -33.187872248999952 ], [ -70.459375930999897, -33.188658738999948 ], [ -70.459396777999928, -33.18868774799995 ], [ -70.459738615999925, -33.189163418999954 ], [ -70.459970342999952, -33.189485870999931 ], [ -70.460003664999931, -33.189532239999949 ], [ -70.460745200999952, -33.190191363999929 ], [ -70.461264505999907, -33.190652945999943 ], [ -70.461491677999902, -33.190854864999949 ], [ -70.46187475499994, -33.191146451999941 ], [ -70.462242188999937, -33.191426128999922 ], [ -70.463404330999936, -33.192164422999952 ], [ -70.464447412999903, -33.192657035999957 ], [ -70.464622813999938, -33.192729884999949 ], [ -70.464921070999935, -33.192853758999945 ], [ -70.465512428999943, -33.192866094999943 ], [ -70.46612796799991, -33.193024691999938 ], [ -70.466178911999918, -33.193081540999913 ], [ -70.466558667999948, -33.193505312999946 ], [ -70.467211966999912, -33.194238002999953 ], [ -70.467270346999953, -33.194373637999945 ], [ -70.467689734999908, -33.195347980999941 ], [ -70.46772815199995, -33.195437230999914 ], [ -70.46797136999993, -33.196522602999949 ], [ -70.468027021999944, -33.196770946999948 ], [ -70.467869808999922, -33.198400747999926 ], [ -70.4679003359999, -33.198655935999909 ], [ -70.468057335999902, -33.199968338999952 ], [ -70.468037799999934, -33.200188016999903 ], [ -70.467979698999898, -33.200841367999942 ], [ -70.467844968999941, -33.201056139999935 ], [ -70.467837937999946, -33.201061248999906 ], [ -70.467466803999912, -33.201330893999909 ], [ -70.467275558999916, -33.201469840999948 ], [ -70.466650462999951, -33.201601293999943 ], [ -70.466334135999944, -33.201667814999951 ], [ -70.465971608999951, -33.201744051999924 ], [ -70.465713456999936, -33.201798336999957 ], [ -70.465638411999919, -33.201828401999933 ], [ -70.465610258999902, -33.20183968099991 ], [ -70.464866160999918, -33.202137778999941 ], [ -70.464582627999903, -33.202858944999946 ], [ -70.464521283999943, -33.203317375999916 ], [ -70.464640574999919, -33.203648656999917 ], [ -70.464797318999899, -33.204083944999923 ], [ -70.46483399899995, -33.20418580799992 ], [ -70.466062089999923, -33.205512216999921 ], [ -70.468516239999929, -33.207260203999908 ], [ -70.469762746999947, -33.209445823999943 ], [ -70.470007799999905, -33.210337687999925 ], [ -70.470017116999941, -33.210443012999917 ], [ -70.470076038999935, -33.211109106999913 ], [ -70.470096483999953, -33.211340219999954 ], [ -70.470136135999951, -33.21285116699994 ], [ -70.470131610999942, -33.213115626999922 ], [ -70.470016578999946, -33.213554788999943 ], [ -70.469994152999902, -33.213727997999911 ], [ -70.469958032999898, -33.214006972999925 ], [ -70.46992933699994, -33.214228609999907 ], [ -70.469948254999906, -33.214711484999953 ], [ -70.469950819999951, -33.214776937999943 ], [ -70.469939426999929, -33.215436987999908 ], [ -70.469938310999908, -33.215501627999913 ], [ -70.469948031999934, -33.216082930999903 ], [ -70.469948348999935, -33.216101843999922 ], [ -70.469964294999897, -33.216319018999911 ], [ -70.470005383999933, -33.216566947999922 ], [ -70.47009485399991, -33.216762551999921 ], [ -70.470495404999951, -33.217151140999931 ], [ -70.47103156299994, -33.217548475999934 ], [ -70.471279876999915, -33.217669745999956 ], [ -70.471491082999933, -33.217781104999915 ], [ -70.471850549999942, -33.217921760999957 ], [ -70.47214, -33.21808 ], [ -70.472424520999937, -33.218370394999909 ], [ -70.472625151999921, -33.218585381999958 ], [ -70.472826998999949, -33.218872809999937 ], [ -70.473128034999945, -33.219200463999925 ], [ -70.473230346999912, -33.219426965999958 ], [ -70.473427523999931, -33.219636059999914 ], [ -70.473435879999897, -33.219639905999941 ], [ -70.473778246999927, -33.219797486999937 ], [ -70.474568401999932, -33.219983936999938 ], [ -70.474886382999898, -33.21990033499992 ], [ -70.475441104999902, -33.219754486999932 ], [ -70.475509159999945, -33.219716906999906 ], [ -70.476137450999943, -33.219369962999906 ], [ -70.47689031099992, -33.219086587999925 ], [ -70.476906761999942, -33.21908153399994 ], [ -70.477952117999905, -33.218760406999934 ], [ -70.47876359299994, -33.21853320799994 ], [ -70.479628058999936, -33.218461077999905 ], [ -70.480637207999905, -33.218314319999934 ], [ -70.481486316999906, -33.218213402999936 ], [ -70.48266302299993, -33.218049013999916 ], [ -70.483625305999908, -33.218061356999954 ], [ -70.483661781999899, -33.218062078999935 ], [ -70.484931049999943, -33.218087179999941 ], [ -70.485475564999945, -33.218246287999932 ], [ -70.486516859999938, -33.218450398999948 ], [ -70.487677609999935, -33.218596181999942 ], [ -70.489087190999953, -33.218696941999951 ], [ -70.489815457999953, -33.218876542999908 ], [ -70.490680952999924, -33.218763652999939 ], [ -70.4908072529999, -33.218739012999947 ], [ -70.491614511999899, -33.218581520999919 ], [ -70.4927365879999, -33.218350856999905 ], [ -70.493427432999908, -33.218327667999915 ], [ -70.493696551999903, -33.218318633999957 ], [ -70.494573148999905, -33.21845301299993 ], [ -70.495393294999928, -33.218888229999948 ], [ -70.496251441999902, -33.219385088999957 ], [ -70.496487058999946, -33.219476464999957 ], [ -70.497131577999937, -33.219726417999937 ], [ -70.498194459999922, -33.219951683999909 ], [ -70.498284462999948, -33.219982733999927 ], [ -70.499212988999943, -33.220303059999935 ], [ -70.500184589999947, -33.220545474999938 ], [ -70.500306718999923, -33.220537838999917 ], [ -70.501233621999916, -33.22047988199995 ], [ -70.502175404999946, -33.220104096999933 ], [ -70.503227195999898, -33.219984534999924 ], [ -70.503237400999922, -33.219981193999956 ], [ -70.503933074999907, -33.219753457999957 ], [ -70.505048866999914, -33.219393099999934 ], [ -70.505703644999926, -33.219222584999955 ], [ -70.505762101999949, -33.219207432999951 ], [ -70.506756006999922, -33.21894980299993 ], [ -70.506756441999926, -33.218949689999931 ], [ -70.506760783999937, -33.218949025999905 ], [ -70.50761339099995, -33.218818717999909 ], [ -70.507674822999945, -33.218810643999916 ], [ -70.508362891999923, -33.218720206999933 ], [ -70.508792108999899, -33.218746591999945 ], [ -70.509297025999899, -33.218838099999914 ], [ -70.509373886999924, -33.218857329999935 ], [ -70.509818098999915, -33.218968463999943 ], [ -70.51058837699992, -33.219180413999936 ], [ -70.511265752999918, -33.219393488999913 ], [ -70.512107621999917, -33.219715210999937 ], [ -70.512560479999934, -33.219931007999946 ], [ -70.512974963999909, -33.220166795999944 ], [ -70.513468717999899, -33.22052096199991 ], [ -70.513529228999914, -33.220564364999916 ], [ -70.513807092999912, -33.221141961999933 ], [ -70.513893108999923, -33.22187028299993 ], [ -70.513915077999911, -33.222645838999938 ], [ -70.513851246999934, -33.222864209999955 ], [ -70.513850824999906, -33.222865652999928 ], [ -70.513690974999918, -33.223412504999942 ], [ -70.51340926599994, -33.224127539999927 ], [ -70.513302393999936, -33.224790623999922 ], [ -70.51335366099994, -33.225518993999913 ], [ -70.513539702999935, -33.225978859999941 ], [ -70.513646079999944, -33.22629 ], [ -70.513743587999897, -33.226575194999953 ], [ -70.513922339999908, -33.227061184999911 ], [ -70.51407562199995, -33.227417306999939 ], [ -70.514439001999904, -33.228043056999923 ], [ -70.514724814999909, -33.228467789999911 ], [ -70.514936642999942, -33.229146601999958 ], [ -70.514897092999945, -33.229919934999941 ], [ -70.514968462999946, -33.230184102999942 ], [ -70.5150519419999, -33.230493086999957 ], [ -70.515211956999906, -33.230967327999906 ], [ -70.515618300999904, -33.231445961999952 ], [ -70.516216290999921, -33.231778363999922 ], [ -70.51681186199994, -33.232160224999916 ], [ -70.517407103999915, -33.232546576999937 ], [ -70.518056398999931, -33.233083522999948 ], [ -70.51826273699993, -33.233328972999914 ], [ -70.518462538999927, -33.233566645999929 ], [ -70.518801993999944, -33.234146456999952 ], [ -70.519325496999897, -33.234732910999924 ], [ -70.519766321999953, -33.23505485599992 ], [ -70.521022246999905, -33.235715130999949 ], [ -70.521507714999927, -33.236084027999937 ], [ -70.521973754999919, -33.236689675999912 ], [ -70.522097130999953, -33.237211284999944 ], [ -70.522099347999927, -33.237217422999947 ], [ -70.522237248999943, -33.237599240999941 ], [ -70.522533544999931, -33.237835820999919 ], [ -70.523973562999913, -33.238476117999937 ], [ -70.524367390999942, -33.238551738999945 ], [ -70.52540924099992, -33.238751791999903 ], [ -70.527817839999898, -33.238780879999922 ], [ -70.529830862999916, -33.238890259999948 ], [ -70.529834002999905, -33.238890430999902 ], [ -70.530018616999939, -33.238900461999947 ], [ -70.532334283999944, -33.239168645999939 ], [ -70.532691798999906, -33.239196529999958 ], [ -70.533776208999939, -33.239340933999927 ], [ -70.534537996999916, -33.239505464999922 ], [ -70.535594343999946, -33.239759014999947 ], [ -70.535629205999953, -33.239767381999911 ], [ -70.536561415999927, -33.239813843999912 ], [ -70.53697375999991, -33.239721783999926 ], [ -70.5374364729999, -33.239508551999904 ], [ -70.537555501999918, -33.239453699999956 ], [ -70.538309174999938, -33.239154497999948 ], [ -70.539373744999921, -33.238880431999917 ], [ -70.54042284499991, -33.238708005999911 ], [ -70.540614553999944, -33.238705630999902 ], [ -70.541371272999925, -33.238696254999923 ], [ -70.542387657999939, -33.238625676999902 ], [ -70.543356156999948, -33.238750988999925 ], [ -70.543623833999902, -33.238886682999919 ], [ -70.543815104999908, -33.238983643999916 ], [ -70.544059094999909, -33.239447391999931 ], [ -70.544328375999953, -33.239844442999924 ], [ -70.544753357999923, -33.24027039899994 ], [ -70.545252965999907, -33.240612837999947 ], [ -70.546010935999902, -33.240892302999953 ], [ -70.546246585999938, -33.240979187999926 ], [ -70.547518650999905, -33.241039652999916 ], [ -70.547649832999923, -33.241045887999917 ], [ -70.549063437999905, -33.241221503999952 ], [ -70.550292113999944, -33.241602066999917 ], [ -70.550632164999911, -33.241685669999924 ], [ -70.551071649999926, -33.241793718999929 ], [ -70.552094797999928, -33.241804997999907 ], [ -70.554094990999943, -33.241647771999908 ], [ -70.555221795999898, -33.241453350999905 ], [ -70.555636567999898, -33.241404321999937 ], [ -70.555663502999948, -33.241401137999958 ], [ -70.556107510999936, -33.241219420999926 ], [ -70.556467158999908, -33.24100939899995 ], [ -70.557197705999954, -33.240829963999943 ], [ -70.557647612999915, -33.240829730999906 ], [ -70.55768685399994, -33.240829709999957 ], [ -70.557963741999913, -33.240971199999933 ], [ -70.557966771999929, -33.241114456999924 ], [ -70.558120435999911, -33.241335914999922 ], [ -70.558307443999922, -33.24179642799993 ], [ -70.558435779999911, -33.242237357999954 ], [ -70.558595991999937, -33.242765615999929 ], [ -70.558708683999953, -33.243041711999922 ], [ -70.558770807999906, -33.243317444999946 ], [ -70.558867764999945, -33.243563632999951 ], [ -70.559101281999915, -33.243887302999951 ], [ -70.559262314999899, -33.244034294999949 ], [ -70.559399176999932, -33.24415922299994 ], [ -70.55982731499995, -33.244332195999903 ], [ -70.560179957999935, -33.244763729999931 ], [ -70.560274754999909, -33.244851001999905 ], [ -70.560597396999924, -33.245148030999928 ], [ -70.560838108999917, -33.24559744499993 ], [ -70.56088273499995, -33.245680761999949 ], [ -70.561346648999915, -33.246377535999954 ], [ -70.561401313999909, -33.246491314999957 ], [ -70.561628514999938, -33.246964195999908 ], [ -70.561762419999923, -33.247408272999905 ], [ -70.561789165999926, -33.247496970999919 ], [ -70.561947736999912, -33.24796349099995 ], [ -70.561950518999936, -33.247971673999928 ], [ -70.561951853999915, -33.24797560199994 ], [ -70.561951881999903, -33.247975683999925 ], [ -70.561951909999948, -33.247975765999911 ], [ -70.561928327999908, -33.248375826999904 ], [ -70.561655483999914, -33.248906616999932 ], [ -70.561382092999906, -33.249369818999924 ], [ -70.561201454999946, -33.249554872999909 ], [ -70.560986958999933, -33.249774610999907 ], [ -70.560407776999909, -33.250123268999914 ], [ -70.559934502999909, -33.25084058099992 ], [ -70.559869313999911, -33.25124924499994 ], [ -70.559843182999941, -33.251413059999948 ], [ -70.559843049999927, -33.251413890999913 ], [ -70.560068949999902, -33.251890442999922 ], [ -70.560358564999945, -33.252324227999907 ], [ -70.560838448999903, -33.252706257999932 ], [ -70.561181155999918, -33.252930213999946 ], [ -70.561261390999903, -33.252982646999953 ], [ -70.562128233999942, -33.253121750999924 ], [ -70.562741220999953, -33.25335087499991 ], [ -70.563277950999918, -33.253843038999946 ], [ -70.563575783999909, -33.254114947999938 ], [ -70.564110432999939, -33.254661087999921 ], [ -70.564128136999898, -33.254672409999955 ], [ -70.564714720999916, -33.255047550999905 ], [ -70.565259438999931, -33.255382331999954 ], [ -70.566123811999944, -33.255570871999907 ], [ -70.566606827999919, -33.255839 ], [ -70.567034451999916, -33.256076376999943 ], [ -70.567454927999904, -33.25640220799994 ], [ -70.567810261999909, -33.256784270999958 ], [ -70.568106031999946, -33.257110150999949 ], [ -70.568263591999937, -33.257692359999908 ], [ -70.568304627999908, -33.258112748999906 ], [ -70.56840324399991, -33.258638119999944 ], [ -70.568403371999921, -33.25863880299994 ], [ -70.56825772399992, -33.259123902999931 ], [ -70.56825751699995, -33.259124590999932 ], [ -70.568544813999949, -33.259711431999904 ], [ -70.568755663999923, -33.260134536999942 ], [ -70.568928773999914, -33.260481905999939 ], [ -70.569262361999904, -33.261201029999938 ], [ -70.569550084999946, -33.261792389999925 ], [ -70.570002858999942, -33.262249998999948 ], [ -70.570541616999947, -33.262704264999911 ], [ -70.570610919999922, -33.26276269899995 ], [ -70.571123179999915, -33.263091794999923 ], [ -70.571479714999953, -33.26337028699993 ], [ -70.571505654999953, -33.263407816999916 ], [ -70.571720556999935, -33.263718738999955 ], [ -70.571824471999946, -33.263869080999939 ], [ -70.572016350999945, -33.264085199999954 ], [ -70.572274661999927, -33.264376140999957 ], [ -70.572892591999903, -33.264709 ], [ -70.573301378999929, -33.26498935099994 ], [ -70.573542433999933, -33.265443900999912 ], [ -70.573565889999941, -33.265568757999915 ], [ -70.573625927999899, -33.265888325999924 ], [ -70.573814802999948, -33.266340896999907 ], [ -70.573814827999911, -33.266340956999954 ], [ -70.573814852999931, -33.266341016999945 ], [ -70.573788036999929, -33.266871598999955 ], [ -70.573609269999906, -33.26726612899995 ], [ -70.573529568999902, -33.267794823999907 ], [ -70.573456457999953, -33.268193122999946 ], [ -70.573429638999926, -33.268723704999957 ], [ -70.573407136999947, -33.269168853999929 ], [ -70.573404375999928, -33.269223483999951 ], [ -70.573345547999907, -33.269294682999941 ], [ -70.572613037999929, -33.270181222999952 ], [ -70.572331891999909, -33.271974368999906 ], [ -70.571610321999913, -33.273667813999907 ], [ -70.571440812999924, -33.274117420999914 ], [ -70.57119161199995, -33.274778392999906 ], [ -70.571191598999917, -33.274778428999923 ], [ -70.571205591999899, -33.275559781999902 ], [ -70.57122268899991, -33.27651398799992 ], [ -70.571222706999947, -33.276515006999944 ], [ -70.571158717999936, -33.276834774999941 ], [ -70.571028607999949, -33.277484983999955 ], [ -70.570742616999951, -33.277916221999931 ], [ -70.570727156999908, -33.278221770999949 ], [ -70.570727106999925, -33.278222752999909 ], [ -70.5708373679999, -33.278506046999951 ], [ -70.570997715999908, -33.27891802399995 ], [ -70.571564920999947, -33.279527617999918 ], [ -70.571716803999948, -33.279849259999935 ], [ -70.572073770999907, -33.280605193999918 ], [ -70.572330442999942, -33.281015877999948 ], [ -70.573058871999933, -33.282181364999929 ], [ -70.573365544999945, -33.282725966999919 ], [ -70.573826134999933, -33.283543899999927 ], [ -70.574476079999954, -33.284963613999935 ], [ -70.574502736999932, -33.285021842999925 ], [ -70.574685853999938, -33.285631366999951 ], [ -70.57469109199991, -33.285648802999958 ], [ -70.575116618999914, -33.287065209999923 ], [ -70.575225514999943, -33.287788666999916 ], [ -70.575349828999947, -33.288614561999907 ], [ -70.576738449999937, -33.290459719999944 ], [ -70.577409596999928, -33.291154694999932 ], [ -70.578388331999918, -33.291824941999948 ], [ -70.578887025999904, -33.292067691999932 ], [ -70.579420428999924, -33.292204236999908 ], [ -70.579505031999929, -33.292225893999955 ], [ -70.580504597999948, -33.292222408999919 ], [ -70.581505652999908, -33.292309338999928 ], [ -70.582489593999924, -33.292649186999938 ], [ -70.583379301999912, -33.293139245999953 ], [ -70.583551610999905, -33.293277644999932 ], [ -70.584858980999911, -33.294327730999953 ], [ -70.584890020999921, -33.294349100999909 ], [ -70.586355914999899, -33.295358260999933 ], [ -70.587129757999946, -33.295616689999918 ], [ -70.587461534999932, -33.295727484999929 ], [ -70.587792700999898, -33.295838077999917 ], [ -70.588334536999923, -33.296034109999937 ], [ -70.589155296999934, -33.296466430999942 ], [ -70.58988970799993, -33.296982878999927 ], [ -70.590504653999915, -33.297574654999949 ], [ -70.590962326999943, -33.297974709999949 ], [ -70.591206969999917, -33.298137632999953 ], [ -70.591829227999938, -33.298526350999907 ], [ -70.592618252999898, -33.299023631999944 ], [ -70.592865187999905, -33.299330810999948 ], [ -70.592977932999929, -33.299471060999906 ], [ -70.593062337999925, -33.299945145999914 ], [ -70.593062430999908, -33.299945669999943 ], [ -70.592994603999898, -33.300372433999939 ], [ -70.592984832999946, -33.300433914999928 ], [ -70.592701001999899, -33.300824739999939 ], [ -70.592372577999924, -33.30103379499991 ], [ -70.591670891999911, -33.301319675999935 ], [ -70.591386302999922, -33.301710470999922 ], [ -70.591049781999914, -33.302094913999952 ], [ -70.591034141999899, -33.302405175999922 ], [ -70.590950076999945, -33.303022910999914 ], [ -70.590949953999939, -33.303023816999939 ], [ -70.591144960999941, -33.303346070999908 ], [ -70.591235025999936, -33.303660088999948 ], [ -70.59153671699994, -33.303981628999907 ], [ -70.592000807999909, -33.304218847999948 ], [ -70.592631656999913, -33.304595549999931 ], [ -70.593210032999934, -33.304984821999938 ], [ -70.593393766999952, -33.305082730999914 ], [ -70.593551722999905, -33.305166902999929 ], [ -70.593565042999899, -33.305174000999955 ], [ -70.5937187319999, -33.305324137999946 ], [ -70.593732823999915, -33.305337903999941 ], [ -70.594132611999953, -33.30557263299994 ], [ -70.594247671999938, -33.305658176999941 ], [ -70.594644927999923, -33.305953519999946 ], [ -70.594911210999953, -33.306223317999923 ], [ -70.595193393999921, -33.306509222999921 ], [ -70.595678929999906, -33.306790127999932 ], [ -70.596372232999897, -33.307209953999916 ], [ -70.597055657999931, -33.308007883999949 ], [ -70.597279944999912, -33.308269743999915 ], [ -70.597545673999946, -33.308451869999942 ], [ -70.597901516999912, -33.308695757999942 ], [ -70.598065752999901, -33.308715837999955 ], [ -70.598403370999904, -33.308757114999935 ], [ -70.599573574999908, -33.30826735699992 ], [ -70.599809273999938, -33.307950963999929 ], [ -70.599920426999915, -33.307801756999936 ], [ -70.600317271999927, -33.307496285999946 ], [ -70.600350495999919, -33.30747071199994 ], [ -70.600771599999916, -33.307533099999944 ], [ -70.601473680999902, -33.307944496999937 ], [ -70.602794364999909, -33.309500740999908 ], [ -70.603871259999949, -33.310020196999915 ], [ -70.604081868999913, -33.310121786999957 ], [ -70.604501139999911, -33.310217849999958 ], [ -70.604603447999921, -33.310418947999949 ], [ -70.604603718999954, -33.31041948099994 ], [ -70.604455678999898, -33.310735052999917 ], [ -70.604318128999921, -33.310888351999949 ], [ -70.604304935999949, -33.310903054999926 ], [ -70.604166696999926, -33.311153922999949 ], [ -70.603823481999939, -33.31199 ], [ -70.603751751999937, -33.312164733999907 ], [ -70.603583313999934, -33.312720243999934 ], [ -70.603244532999952, -33.313149686999907 ], [ -70.602647848999936, -33.313439349999953 ], [ -70.602427416999944, -33.313562503999947 ], [ -70.602048899999943, -33.313773975999936 ], [ -70.601918415999933, -33.314260351999906 ], [ -70.601788264999925, -33.314742234999926 ], [ -70.601557223999919, -33.315134951999937 ], [ -70.601163245999942, -33.315607476999958 ], [ -70.600823465999952, -33.316041380999934 ], [ -70.600266315999932, -33.316598205999924 ], [ -70.600184430999946, -33.31717189099993 ], [ -70.600125437999907, -33.317587830999912 ], [ -70.600102498999945, -33.317749569999933 ], [ -70.600102426999911, -33.317750076999914 ], [ -70.600176915999953, -33.318374355999936 ], [ -70.600267129999907, -33.318688374999908 ], [ -70.600302577999912, -33.318965447999915 ], [ -70.600381109999944, -33.319579270999952 ], [ -70.600381181999921, -33.319579830999942 ], [ -70.600294765999934, -33.320243447999928 ], [ -70.600243070999909, -33.320656503999942 ], [ -70.600206084999911, -33.320952029999944 ], [ -70.599954452999953, -33.321740416999944 ], [ -70.599776301999952, -33.322135005999939 ], [ -70.599549113999899, -33.322437762999925 ], [ -70.599293196999952, -33.323196958999915 ], [ -70.599238508999917, -33.323359192999931 ], [ -70.598997955999948, -33.323927245999926 ], [ -70.598656612999946, -33.324406131999922 ], [ -70.598523216999922, -33.324699819999921 ], [ -70.598358602999951, -33.325062235999951 ], [ -70.598070291999932, -33.325538497999958 ], [ -70.597886947999939, -33.326022990999945 ], [ -70.597759013999905, -33.326459899999918 ], [ -70.597651880999933, -33.326677505999953 ], [ -70.597523613999954, -33.326938038999913 ], [ -70.597180210999909, -33.327457388999903 ], [ -70.596847799999921, -33.32775640299991 ], [ -70.596413132999942, -33.327914668999938 ], [ -70.59606105499995, -33.328233480999927 ], [ -70.596028081999918, -33.328263337999942 ], [ -70.59574540299991, -33.32866127199992 ], [ -70.595456827999953, -33.329107792999935 ], [ -70.595251644999905, -33.329488328999958 ], [ -70.595248574999914, -33.329494021999949 ], [ -70.594628587999921, -33.330559457999925 ], [ -70.594059798999922, -33.331193914999915 ], [ -70.593471527999952, -33.331850102999908 ], [ -70.593342292999921, -33.33205991199992 ], [ -70.593181560999938, -33.332320853999931 ], [ -70.593134001999942, -33.332685417999926 ], [ -70.593133928999919, -33.332685977999915 ], [ -70.593322652999916, -33.33410743099995 ], [ -70.594127272999913, -33.335389773999907 ], [ -70.594539398999927, -33.335774130999937 ], [ -70.594682506999902, -33.335907596999903 ], [ -70.595323827999948, -33.336336163999931 ], [ -70.595327127999951, -33.336338368999918 ], [ -70.595889132999901, -33.336559658999931 ], [ -70.595889998999951, -33.33656 ], [ -70.595714924999925, -33.336715168999945 ], [ -70.59571411099995, -33.336716227999943 ], [ -70.595598611999947, -33.336866587999907 ], [ -70.595581637999942, -33.336888684999906 ], [ -70.595484021999937, -33.337147642999923 ], [ -70.595356476999939, -33.337636055999951 ], [ -70.595301047999953, -33.337808867999911 ], [ -70.595291920999898, -33.337837321999928 ], [ -70.595124786999918, -33.338025587999937 ], [ -70.595124117999944, -33.338025964999929 ], [ -70.594955956999911, -33.338120816999947 ], [ -70.594829470999912, -33.338168921999909 ], [ -70.594644790999951, -33.338205387999949 ], [ -70.59423380599992, -33.338226820999921 ], [ -70.593717344999902, -33.338185941999939 ], [ -70.593141193999941, -33.338224021999906 ], [ -70.59263007699991, -33.338340988999903 ], [ -70.592072157999951, -33.338564400999928 ], [ -70.591419212999938, -33.338779924999926 ], [ -70.590831096999921, -33.339069825999957 ], [ -70.59053132799994, -33.33932042899994 ], [ -70.590530653999906, -33.33932147999991 ], [ -70.590496625999947, -33.339374568999915 ], [ -70.590234921999922, -33.33978286699994 ], [ -70.590099861999931, -33.340291584999932 ], [ -70.590021351999951, -33.340770781999936 ], [ -70.58996719299995, -33.341165258999922 ], [ -70.58994578699992, -33.341300228999955 ], [ -70.5899032559999, -33.341568395999957 ], [ -70.589744301999929, -33.342112300999929 ], [ -70.589491490999933, -33.342801515999952 ], [ -70.589198284999952, -33.343412714999943 ], [ -70.588952210999935, -33.343953516999932 ], [ -70.588797627999952, -33.344425501999922 ], [ -70.588720720999902, -33.344624251999903 ], [ -70.588673457999903, -33.344746393999912 ], [ -70.588586143999919, -33.344972037999923 ], [ -70.588344937999921, -33.345418416999905 ], [ -70.588068532999898, -33.345881558999906 ], [ -70.58776396199994, -33.346280495999906 ], [ -70.587723682999922, -33.346333254999934 ], [ -70.58748761499993, -33.346579961999907 ], [ -70.587323521999906, -33.346751449999942 ], [ -70.587323066999943, -33.346751790999917 ], [ -70.586905119999926, -33.347065388999908 ], [ -70.5867541799999, -33.347174054999925 ], [ -70.5863446809999, -33.347468862999904 ], [ -70.585774589999914, -33.347835954999937 ], [ -70.585276494999903, -33.348133535999921 ], [ -70.584861328999921, -33.348398030999931 ], [ -70.584672154999907, -33.348536060999947 ], [ -70.584455176999938, -33.348694377999948 ], [ -70.584452659999954, -33.348697017999939 ], [ -70.584127113999898, -33.349038550999921 ], [ -70.583889094999904, -33.349278426999945 ], [ -70.583820228999912, -33.349347829999942 ], [ -70.583764473999906, -33.349404011999923 ], [ -70.583764364999922, -33.349404116999949 ], [ -70.583764336999934, -33.349404142999958 ], [ -70.583764251999924, -33.34940421999994 ], [ -70.583415054999932, -33.349720397999931 ], [ -70.582924432999903, -33.350094811999952 ], [ -70.582851760999915, -33.350143591999938 ], [ -70.582774806999907, -33.350195245999942 ], [ -70.582771994999916, -33.350198110999941 ], [ -70.582484253999951, -33.350491304999935 ], [ -70.58232999899991, -33.35069 ], [ -70.582236695999939, -33.350695230999918 ], [ -70.581976482999949, -33.350709819999906 ], [ -70.581902835999927, -33.350713948999953 ], [ -70.581456100999901, -33.350800806999928 ], [ -70.580906565999953, -33.351087181999958 ], [ -70.580852958999913, -33.351115117999939 ], [ -70.58055369099992, -33.351254858999937 ], [ -70.580376434999948, -33.351337627999953 ], [ -70.579890704999912, -33.351540609999915 ], [ -70.579292771999917, -33.351790475999906 ], [ -70.578929590999905, -33.351942240999904 ], [ -70.578081581999925, -33.352309701999957 ], [ -70.5780076019999, -33.352341758999955 ], [ -70.577121722999948, -33.352808325999945 ], [ -70.576928463999934, -33.352910108999936 ], [ -70.57656795999992, -33.353007577999904 ], [ -70.576401418999922, -33.353052605999949 ], [ -70.576210957999933, -33.353104099999939 ], [ -70.575802430999943, -33.353237809999939 ], [ -70.575780959999918, -33.35324483699992 ], [ -70.575609861999908, -33.353299875999937 ], [ -70.575434451999911, -33.353356301999952 ], [ -70.575430714999925, -33.353357503999916 ], [ -70.5753786759999, -33.353390584999943 ], [ -70.575374988999954, -33.353392928999938 ], [ -70.575352925999937, -33.353406953999922 ], [ -70.575318208999931, -33.353429022999933 ], [ -70.575313163999908, -33.353432229999953 ], [ -70.575286594999909, -33.353449118999947 ], [ -70.575285954999913, -33.353449525999906 ], [ -70.575280508999924, -33.353453069999944 ], [ -70.575272693999921, -33.353458154999942 ], [ -70.575243762999946, -33.353476980999915 ], [ -70.575103432999924, -33.353568295999935 ], [ -70.575096677999909, -33.353572691999943 ], [ -70.57489808899993, -33.35370191599992 ], [ -70.574886668999909, -33.353709346999949 ], [ -70.574824347999936, -33.353749900999958 ], [ -70.574797300999933, -33.353767500999936 ], [ -70.574694635999947, -33.353834303999918 ], [ -70.574682928999948, -33.353841921999958 ], [ -70.574592968999923, -33.353900457999941 ], [ -70.574588731999938, -33.353903214999946 ], [ -70.57447693499995, -33.353975959999957 ], [ -70.57447338399993, -33.353978270999903 ], [ -70.574440117999927, -33.353999916999953 ], [ -70.574359075999951, -33.35405265199995 ], [ -70.574352298999941, -33.354057061999924 ], [ -70.574288637999928, -33.354098485999941 ], [ -70.574233711999909, -33.354134226999918 ], [ -70.57422902199994, -33.354137278999929 ], [ -70.5741103229999, -33.354214516999946 ], [ -70.57410596099993, -33.354217354999946 ], [ -70.574004760999912, -33.354283206999924 ], [ -70.574002818999929, -33.354284470999914 ], [ -70.573954919999949, -33.354315639999925 ], [ -70.573953893999942, -33.354316307999909 ], [ -70.573951517999944, -33.35431785399993 ], [ -70.573905468999953, -33.354347817999951 ], [ -70.573904216999949, -33.354348631999926 ], [ -70.573853799999938, -33.354381437999905 ], [ -70.573852965999947, -33.354381979999914 ], [ -70.573806377999915, -33.354412294999918 ], [ -70.573804294999945, -33.354413650999902 ], [ -70.57378732199993, -33.35442469599991 ], [ -70.573784514999943, -33.354426521999926 ], [ -70.5737687539999, -33.354436777999922 ], [ -70.57376764299994, -33.35443750099995 ], [ -70.5737472429999, -33.354450774999918 ], [ -70.573746750999931, -33.354451094999945 ], [ -70.573739701999898, -33.354455681999923 ], [ -70.573739639999928, -33.354455721999955 ], [ -70.573739578999948, -33.35445576199993 ], [ -70.573732215999939, -33.35446055299991 ], [ -70.573731585999951, -33.354460962999951 ], [ -70.573721524999939, -33.354467509999949 ], [ -70.573721035999938, -33.35446782799994 ], [ -70.57371199499994, -33.354473716999905 ], [ -70.573711919999937, -33.354473765999956 ], [ -70.573711846999913, -33.354473817999917 ], [ -70.573688691999905, -33.354488874999902 ], [ -70.573519914999906, -33.354634795999914 ], [ -70.573510818999921, -33.354642660999957 ], [ -70.572900016999938, -33.35517074899991 ], [ -70.572288959999923, -33.355443917999935 ], [ -70.572017603999939, -33.355533255999944 ], [ -70.571728676999953, -33.355594181999948 ], [ -70.571514090999926, -33.355629737999948 ], [ -70.571354467999925, -33.355656186999909 ], [ -70.570997056999943, -33.35570366099995 ], [ -70.570724156999916, -33.355707114999916 ], [ -70.570602951999945, -33.355694802999949 ], [ -70.570558050999921, -33.355690241999923 ], [ -70.570348146999947, -33.355668920999904 ], [ -70.569851200999949, -33.355546353999955 ], [ -70.569456849999938, -33.355436804999954 ], [ -70.56890693999992, -33.355214684999908 ], [ -70.568450410999901, -33.35509787299992 ], [ -70.568427054999916, -33.355091896999909 ], [ -70.568015395999907, -33.354968244999952 ], [ -70.567591291999918, -33.354872323999928 ], [ -70.567535768999903, -33.354859765999947 ], [ -70.56711, -33.35481 ], [ -70.566719851999949, -33.354971127999931 ], [ -70.566379616999939, -33.355265372999952 ], [ -70.566248745999928, -33.35546032499991 ], [ -70.566243387999918, -33.355470197999921 ], [ -70.566081511999926, -33.35576849499995 ], [ -70.565883049999911, -33.356012131999933 ], [ -70.56585612799995, -33.356045180999956 ], [ -70.565704014999937, -33.356164781999951 ], [ -70.565677150999932, -33.356185903999915 ], [ -70.565647913999953, -33.356208891999927 ], [ -70.565382703999944, -33.356405536999944 ], [ -70.564947081999946, -33.356733197999915 ], [ -70.564917507999951, -33.356752400999937 ], [ -70.564709918999938, -33.356887190999942 ], [ -70.564643486999898, -33.35693032599994 ], [ -70.564386746999901, -33.35707690299995 ], [ -70.56419061899993, -33.357120571999928 ], [ -70.563712560999932, -33.357264505999922 ], [ -70.563659166999912, -33.35728058199993 ], [ -70.563020133999942, -33.357396851999908 ], [ -70.562715652999941, -33.357441268999935 ], [ -70.562581966999915, -33.357480542999951 ], [ -70.562427004999904, -33.357526068999903 ], [ -70.561924637999937, -33.357622575999926 ], [ -70.56155968999991, -33.357703823999941 ], [ -70.561347755999918, -33.357796675999907 ], [ -70.561028470999929, -33.357877347999931 ], [ -70.560679689999915, -33.35799897499993 ], [ -70.560449246999951, -33.358057198999916 ], [ -70.560360403999937, -33.358079645999908 ], [ -70.560033346999944, -33.358201447999932 ], [ -70.559993877999943, -33.358208757999932 ], [ -70.559539721999897, -33.35829287599995 ], [ -70.559298466999905, -33.358328879999931 ], [ -70.559143812999935, -33.358351959999936 ], [ -70.558762931999922, -33.358406344999935 ], [ -70.55833574299993, -33.358425236999949 ], [ -70.557825447999903, -33.358492072999923 ], [ -70.557802663999951, -33.358495056999914 ], [ -70.557420831999934, -33.358477301999926 ], [ -70.557052569999939, -33.35839173599993 ], [ -70.556971843999918, -33.358348130999957 ], [ -70.5567751829999, -33.358241899999939 ], [ -70.556467644999941, -33.358114987999954 ], [ -70.556241419999935, -33.358104473999958 ], [ -70.556009179999933, -33.358093679999911 ], [ -70.5557209239999, -33.358201005999945 ], [ -70.555697287999919, -33.35822371699993 ], [ -70.555435635999913, -33.358475136999914 ], [ -70.55535141799993, -33.358572856999956 ], [ -70.55530768999995, -33.358623595999916 ], [ -70.555294311999944, -33.358639117999928 ], [ -70.555279250999945, -33.35865659399991 ], [ -70.555248512999924, -33.358675537999943 ], [ -70.554821223999909, -33.358938876999957 ], [ -70.554317360999903, -33.35901614699992 ], [ -70.553705902999923, -33.358975138999938 ], [ -70.553190996999945, -33.35882317699992 ], [ -70.553079238999942, -33.358765259999927 ], [ -70.552637517999926, -33.358536344999948 ], [ -70.552461879999953, -33.358415625999953 ], [ -70.552002045999927, -33.358074943999952 ], [ -70.551708773999906, -33.358064416999923 ], [ -70.551674987999945, -33.358063203999905 ], [ -70.551661812999953, -33.358062730999904 ], [ -70.551304113999947, -33.358393134999915 ], [ -70.551074742999901, -33.35888069899994 ], [ -70.55073486799995, -33.359307087999923 ], [ -70.550382982999906, -33.35952328299993 ], [ -70.550129464999941, -33.35961851299993 ], [ -70.549965961999931, -33.359679929999913 ], [ -70.549406047999923, -33.359964926999908 ], [ -70.549297038999953, -33.360036423999929 ], [ -70.548612745999947, -33.360485240999935 ], [ -70.548606679999921, -33.36048921899993 ], [ -70.548606653999911, -33.360489288999929 ], [ -70.548606627999902, -33.360489358999928 ], [ -70.548474815999953, -33.360846795999919 ], [ -70.548469621999914, -33.360899332999907 ], [ -70.548454360999926, -33.361053712999933 ], [ -70.548451815999954, -33.361079462999953 ], [ -70.548427855999932, -33.361321837999924 ], [ -70.54842470199992, -33.361355485999923 ], [ -70.548413363999941, -33.361476460999938 ], [ -70.548385329999917, -33.361775573999921 ], [ -70.548383913999942, -33.361790679999956 ], [ -70.548377980999931, -33.361853982999946 ], [ -70.548205821999943, -33.362282242999925 ], [ -70.548198922999916, -33.362299406999909 ], [ -70.548190685999941, -33.362319894999928 ], [ -70.548143725999921, -33.36243671099993 ], [ -70.548073105999947, -33.362610375999907 ], [ -70.54801638899994, -33.362749848999954 ], [ -70.548013798999932, -33.362756218999948 ], [ -70.547966783999925, -33.362833395999928 ], [ -70.547947835999935, -33.362864499999944 ], [ -70.547914018999904, -33.362920011999904 ], [ -70.547906420999936, -33.362932483999941 ], [ -70.54789939099993, -33.362944023999944 ], [ -70.547887783999897, -33.362963076999904 ], [ -70.547883640999942, -33.362969877999944 ], [ -70.547871760999953, -33.362989378999941 ], [ -70.547865070999933, -33.363000361999923 ], [ -70.54785783199992, -33.363012244999936 ], [ -70.547857273999909, -33.363013159999923 ], [ -70.5478474169999, -33.363029340999958 ], [ -70.547846786999912, -33.363030374999937 ], [ -70.547846016999927, -33.363031638999928 ], [ -70.547823569999935, -33.363068486999907 ], [ -70.547823443999903, -33.363068692999946 ], [ -70.547823318999917, -33.363068898999927 ], [ -70.54782303199994, -33.363069369999948 ], [ -70.547816327999954, -33.363080371999956 ], [ -70.547797671999945, -33.363110986999914 ], [ -70.547816566999927, -33.363118834999909 ], [ -70.547958900999902, -33.363177959999916 ], [ -70.548095437999905, -33.363234675999934 ], [ -70.548162222999906, -33.36326241799992 ], [ -70.548189134999916, -33.363273596999932 ], [ -70.548273930999926, -33.363308819999929 ], [ -70.548306587999946, -33.363322384999947 ], [ -70.548307762999912, -33.363322872999902 ], [ -70.548332147999929, -33.363333001999933 ], [ -70.548342739999953, -33.363337401999956 ], [ -70.548343221999914, -33.363337601999945 ], [ -70.548413143999937, -33.363314496999919 ], [ -70.548426744999915, -33.363310002999924 ], [ -70.548436512999899, -33.363306774999955 ], [ -70.548449638999898, -33.363302437999948 ], [ -70.548470639999948, -33.363295497999957 ], [ -70.54849751699993, -33.363286616999915 ], [ -70.548502947999907, -33.363284821999912 ], [ -70.548522410999908, -33.363278389999948 ], [ -70.548522823999917, -33.363283706999937 ], [ -70.548522840999908, -33.363283921999937 ], [ -70.548522937999905, -33.363285176999909 ], [ -70.548522950999939, -33.363285340999937 ], [ -70.548523202999945, -33.363288583999918 ], [ -70.54852322399995, -33.36328885599994 ], [ -70.5485233469999, -33.363290436999932 ], [ -70.548523425999917, -33.363291450999952 ], [ -70.548523579999937, -33.36329343299991 ], [ -70.548523602999921, -33.36329373399991 ], [ -70.548523762999935, -33.363295801999925 ], [ -70.548523788999944, -33.363296142999957 ], [ -70.548523984999918, -33.363298667999914 ], [ -70.548524037999925, -33.363299354999924 ], [ -70.54852414699991, -33.363300766999942 ], [ -70.548524161999921, -33.363300960999936 ], [ -70.548524422999947, -33.363304331999927 ], [ -70.548524476999944, -33.363305032999904 ], [ -70.548524582999903, -33.363306393999949 ], [ -70.548524615999952, -33.363306821999913 ], [ -70.548524860999919, -33.363309981999919 ], [ -70.548524864999933, -33.363310038999941 ], [ -70.548524994999923, -33.363311712999916 ], [ -70.548525029999951, -33.363312158999918 ], [ -70.548525162999908, -33.363313874999903 ], [ -70.548525490999907, -33.363318098999912 ], [ -70.548525601999927, -33.363319528999909 ], [ -70.548526206999952, -33.363327331999926 ], [ -70.548527020999927, -33.363337836999904 ], [ -70.548527219999926, -33.363340400999903 ], [ -70.548527412999931, -33.363343844999918 ], [ -70.54852773999994, -33.363349663999941 ], [ -70.548528168999951, -33.363357307999934 ], [ -70.548528454999939, -33.363362395999957 ], [ -70.548528614999952, -33.363365243999908 ], [ -70.548529201999941, -33.363375701999928 ], [ -70.54852980599992, -33.363386447999915 ], [ -70.548529834999954, -33.363386956999932 ], [ -70.5485305119999, -33.363399015999903 ], [ -70.548530835999941, -33.363404792999916 ], [ -70.548531885999921, -33.36342348699992 ], [ -70.548531994999905, -33.363425430999939 ], [ -70.548532543999897, -33.36343521099991 ], [ -70.548532677999901, -33.363437603999955 ], [ -70.548533444999919, -33.363451260999909 ], [ -70.548534450999909, -33.363469173999931 ], [ -70.548534601999904, -33.363471856999922 ], [ -70.548534702999916, -33.363473656999929 ], [ -70.54853518199991, -33.36348219599995 ], [ -70.548536399999932, -33.363503891999926 ], [ -70.548536479999939, -33.363505322999913 ], [ -70.548536764999938, -33.363510395999924 ], [ -70.548537222999926, -33.363518549999924 ], [ -70.548538365999946, -33.363538896999955 ], [ -70.54853849999995, -33.363541280999925 ], [ -70.548538675999907, -33.363544422999951 ], [ -70.548538897999947, -33.363548378999951 ], [ -70.548539643999902, -33.363561657999924 ], [ -70.548359397999945, -33.363837924999928 ], [ -70.54830600799994, -33.363862273999928 ], [ -70.548188298999946, -33.363915955999914 ], [ -70.548148971999922, -33.363933890999931 ], [ -70.548062733999927, -33.363984350999942 ], [ -70.548006673999907, -33.364017152999907 ], [ -70.547974352999915, -33.364036063999947 ], [ -70.547968936999951, -33.364039232999914 ], [ -70.547949304999918, -33.364050719999909 ], [ -70.547857088999933, -33.364104677999933 ], [ -70.547768848999908, -33.36418933199991 ], [ -70.54767139899991, -33.36428282199995 ], [ -70.547654494999904, -33.364301238999929 ], [ -70.547552282999902, -33.364412600999913 ], [ -70.547534348999932, -33.364432139999906 ], [ -70.547423200999901, -33.364583305999929 ], [ -70.547332685999947, -33.364730958999928 ], [ -70.547257160999948, -33.364873415999909 ], [ -70.547237520999943, -33.364910460999909 ], [ -70.547174439999935, -33.365007675999948 ], [ -70.547169566999912, -33.365015186999926 ], [ -70.547003225999902, -33.365263637999931 ], [ -70.546815675999937, -33.36548304799993 ], [ -70.546424994999938, -33.365918804999922 ], [ -70.546353996999926, -33.366000006999911 ], [ -70.546235507999938, -33.366175140999928 ], [ -70.546208477999926, -33.366255794999915 ], [ -70.546199017999925, -33.366275955999924 ], [ -70.546141486999943, -33.366398569999944 ], [ -70.546096293999938, -33.366494886999931 ], [ -70.546007957999905, -33.366619718999914 ], [ -70.545938965999937, -33.366663623999955 ], [ -70.545920978999902, -33.366675069999928 ], [ -70.545841337999946, -33.366706452999949 ], [ -70.545544295999946, -33.366749289999916 ], [ -70.545522133999953, -33.366752485999939 ], [ -70.545508603999906, -33.36675443699994 ], [ -70.545503349999933, -33.366755194999939 ], [ -70.545456368999908, -33.366761970999903 ], [ -70.545446582999944, -33.366763381999931 ], [ -70.545413469999914, -33.36676815699991 ], [ -70.545412988999942, -33.36676822599992 ], [ -70.545113924999953, -33.366763371999923 ], [ -70.545110223999927, -33.366763311999932 ], [ -70.545087094999928, -33.366764624999917 ], [ -70.54508530499993, -33.366764726999918 ], [ -70.545084198999916, -33.366764789999934 ], [ -70.545083829999953, -33.366764810999939 ], [ -70.545042821999914, -33.366767138999933 ], [ -70.545042726999952, -33.366767145999916 ], [ -70.54498101799993, -33.366771430999904 ], [ -70.544980922999912, -33.366771433999929 ], [ -70.544792285999904, -33.366778121999914 ], [ -70.544792191999932, -33.366778112999953 ], [ -70.544728352999925, -33.366770623999912 ], [ -70.544728128999907, -33.366770597999903 ], [ -70.544728034999935, -33.366770586999905 ], [ -70.544576089999907, -33.366752765999934 ], [ -70.544493134999925, -33.366821054999946 ], [ -70.544115918999921, -33.367131577999942 ], [ -70.543037768999909, -33.368019107999942 ], [ -70.542248312999902, -33.368668985999932 ], [ -70.541295000999924, -33.369453749999934 ], [ -70.541293189999919, -33.369455240999912 ], [ -70.541086685999915, -33.369625234999944 ], [ -70.54033779699995, -33.370241717999932 ], [ -70.54019791099995, -33.370356870999956 ], [ -70.540197863999936, -33.37035686999991 ], [ -70.540197816999921, -33.37035686899992 ], [ -70.539947269999914, -33.370350511999902 ], [ -70.53994722199991, -33.370350513999938 ], [ -70.539947174999952, -33.370350514999927 ], [ -70.539528484999948, -33.370364541999948 ], [ -70.539528436999944, -33.370364543999926 ], [ -70.53952838999993, -33.370364545999905 ], [ -70.539476314999945, -33.370366634999925 ], [ -70.538912724999932, -33.370463806999908 ], [ -70.538912678999907, -33.370463812999958 ], [ -70.538912631999949, -33.370463816999916 ], [ -70.538660050999908, -33.370481308999956 ], [ -70.538660002999904, -33.37048130699992 ], [ -70.538659955999947, -33.370481303999952 ], [ -70.53795264799993, -33.370442802999946 ], [ -70.537952600999915, -33.370442797999942 ], [ -70.537952553999901, -33.370442792999938 ], [ -70.537509949999901, -33.370395944999927 ], [ -70.537509902999943, -33.370395939999923 ], [ -70.537509855999929, -33.37039593499992 ], [ -70.537226110999939, -33.370365900999957 ], [ -70.537226063999924, -33.370365893999917 ], [ -70.537226017999899, -33.370365886999934 ], [ -70.536875384999917, -33.370312976999912 ], [ -70.536370118999912, -33.370204696999906 ], [ -70.536329378999937, -33.370197081999947 ], [ -70.53581, -33.370100000999912 ], [ -70.535809956999913, -33.370100002999948 ], [ -70.535809914999902, -33.370100004999927 ], [ -70.535714477999932, -33.370105140999954 ], [ -70.535714429999928, -33.370105143999922 ], [ -70.535714382999913, -33.370105145999958 ], [ -70.535361977999912, -33.370124112999918 ], [ -70.535361930999898, -33.370124117999922 ], [ -70.535361884999929, -33.370124124999904 ], [ -70.535081126999899, -33.370163377999916 ], [ -70.534681612999918, -33.370247061999919 ], [ -70.534332899999924, -33.370308640999951 ], [ -70.533781083999941, -33.370410086999925 ], [ -70.533781036999926, -33.370410092999919 ], [ -70.533780989999912, -33.370410094999954 ], [ -70.533353826999928, -33.370428896999954 ], [ -70.533078023999906, -33.370369174999951 ], [ -70.532915329999923, -33.370337393999932 ], [ -70.532842151999944, -33.370323098999904 ], [ -70.5328174899999, -33.370318282999904 ], [ -70.532817441999953, -33.370318279999935 ], [ -70.532817394999938, -33.370318277999957 ], [ -70.532557666999935, -33.370307961999913 ], [ -70.532557618999931, -33.370307959999934 ], [ -70.532557571999916, -33.370307957999955 ], [ -70.532511532999933, -33.370306436999954 ], [ -70.53251148499993, -33.370306434999918 ], [ -70.532511437999915, -33.370306432999939 ], [ -70.53235904099995, -33.370301395999945 ], [ -70.532070873999942, -33.370417685999939 ], [ -70.531950789999939, -33.370522880999943 ], [ -70.531754298999942, -33.370638037999925 ], [ -70.531754250999938, -33.370638038999914 ], [ -70.531754203999924, -33.370638038999914 ], [ -70.531494710999937, -33.37064124099993 ], [ -70.531158024999911, -33.370595793999939 ], [ -70.531157977999953, -33.370595787999946 ], [ -70.531157931999928, -33.370595782999942 ], [ -70.53094363699995, -33.370571383999902 ], [ -70.530943588999946, -33.370571385999938 ], [ -70.530943541999932, -33.370571387999917 ], [ -70.530931352999914, -33.370572213999935 ], [ -70.530455496999934, -33.370604456999956 ], [ -70.53045544999992, -33.370604453999931 ], [ -70.530455402999905, -33.370604449999917 ], [ -70.530073376999951, -33.37057309599993 ], [ -70.529765968999925, -33.370473171999947 ], [ -70.529321783999933, -33.370388459999958 ], [ -70.528906818999928, -33.37022672899991 ], [ -70.528645182999924, -33.370112709999944 ], [ -70.528200506999951, -33.37001898199992 ], [ -70.528102500999921, -33.37000383499992 ], [ -70.527741115999902, -33.369947980999939 ], [ -70.527741085999935, -33.369947986999932 ], [ -70.5274369629999, -33.37001485299993 ], [ -70.527436914999953, -33.370014849999905 ], [ -70.527436867999938, -33.370014846999936 ], [ -70.527070115999948, -33.369992310999919 ], [ -70.527070068999933, -33.369992306999904 ], [ -70.527070021999918, -33.369992302999947 ], [ -70.526718222999932, -33.369960565999918 ], [ -70.526319477999948, -33.36986175699991 ], [ -70.5260732939999, -33.369747542999903 ], [ -70.525840253999945, -33.369520433999924 ], [ -70.525622425999927, -33.369279610999911 ], [ -70.525362054999903, -33.369237719999944 ], [ -70.525362007999945, -33.36923771599993 ], [ -70.52536196099993, -33.369237713999951 ], [ -70.524949283999945, -33.369220244999951 ], [ -70.52494923699993, -33.369220248999909 ], [ -70.524949189999916, -33.369220254999902 ], [ -70.524929911999948, -33.369222817999912 ], [ -70.524929863999944, -33.369222824999952 ], [ -70.524929816999929, -33.369222830999945 ], [ -70.524622491999935, -33.36926368099995 ], [ -70.52462244499992, -33.369263686999943 ], [ -70.524622397999906, -33.369263692999937 ], [ -70.524538106999898, -33.369274895999922 ], [ -70.524160848999941, -33.369374828999923 ], [ -70.524127537999902, -33.369383652999943 ], [ -70.52402944499994, -33.369400501999905 ], [ -70.523731706999911, -33.369451641999945 ], [ -70.523731669999904, -33.369451636999941 ], [ -70.523364232999938, -33.369393024999908 ], [ -70.523364185999924, -33.369393020999951 ], [ -70.523364139999899, -33.369393016999936 ], [ -70.523317748999943, -33.369389484999942 ], [ -70.523317701999929, -33.369389480999928 ], [ -70.523317654999914, -33.369389476999913 ], [ -70.523211200999924, -33.369381373999943 ], [ -70.522922731999927, -33.369461571999921 ], [ -70.522650313999918, -33.369501882999941 ], [ -70.522557222999922, -33.369515657999955 ], [ -70.522419192999905, -33.369538671999919 ], [ -70.522369622999918, -33.369546936999939 ], [ -70.522206903999916, -33.369574065999927 ], [ -70.522206866999909, -33.369574060999923 ], [ -70.522052497999937, -33.369549983999946 ], [ -70.52188525899993, -33.369523898999944 ], [ -70.521532997999941, -33.369451561999938 ], [ -70.521532950999926, -33.369451555999945 ], [ -70.521532904999901, -33.369451550999941 ], [ -70.521392528999911, -33.369437581999932 ], [ -70.521392481999953, -33.369437576999928 ], [ -70.521392434999939, -33.369437571999924 ], [ -70.521089196999924, -33.369407398999954 ], [ -70.521089149999909, -33.369407401999922 ], [ -70.521089102999952, -33.369407405999937 ], [ -70.521071115999916, -33.369409190999932 ], [ -70.520830004999937, -33.36943311899995 ], [ -70.520811800999923, -33.369437975999915 ], [ -70.520785427999954, -33.369445009999936 ], [ -70.52078287799992, -33.369445690999953 ], [ -70.520719430999918, -33.369462613999929 ], [ -70.520614654999918, -33.369490560999907 ], [ -70.520550203999903, -33.369507751999947 ], [ -70.520511050999914, -33.369518194999955 ], [ -70.520413349999899, -33.36955972599992 ], [ -70.520399607999934, -33.369565567999928 ], [ -70.520377627999949, -33.369574910999916 ], [ -70.520323257999905, -33.369598022999924 ], [ -70.520309618999931, -33.369603820999941 ], [ -70.520293309999943, -33.369610752999904 ], [ -70.520281989999944, -33.369615564999947 ], [ -70.520266468999921, -33.369622161999928 ], [ -70.520263909999926, -33.369623249999904 ], [ -70.520250787999942, -33.369628827999918 ], [ -70.520247422999944, -33.369630257999916 ], [ -70.520237977999898, -33.369634272999917 ], [ -70.520228662999898, -33.369641888999922 ], [ -70.520221140999922, -33.369648037999923 ], [ -70.520217302999924, -33.369651174999944 ], [ -70.520210212999928, -33.369656970999927 ], [ -70.520185260999938, -33.36967736999992 ], [ -70.520164629999954, -33.36969423599993 ], [ -70.520160349999912, -33.369697734999932 ], [ -70.520159813999953, -33.369698172999904 ], [ -70.520148433999907, -33.369707474999927 ], [ -70.520147416999919, -33.369708306999939 ], [ -70.520146731999944, -33.369708866999929 ], [ -70.520136230999924, -33.369717451999918 ], [ -70.520130853999945, -33.369721847999926 ], [ -70.520114781999951, -33.369734985999912 ], [ -70.520113516999913, -33.369739510999921 ], [ -70.520100864999904, -33.369752415999926 ], [ -70.520100493999905, -33.369752792999918 ], [ -70.520099269999946, -33.369754040999908 ], [ -70.520094270999948, -33.369759138999939 ], [ -70.520082311999943, -33.369771334999939 ], [ -70.520074216999944, -33.36977959099994 ], [ -70.520066306999922, -33.36978765799995 ], [ -70.52006627399993, -33.369787690999942 ], [ -70.520051064999905, -33.369803201999957 ], [ -70.520050911999931, -33.369803357999956 ], [ -70.520048528999951, -33.369805787999951 ], [ -70.520042493999938, -33.369811941999956 ], [ -70.520042217999901, -33.369812223999929 ], [ -70.520038590999945, -33.369815922999919 ], [ -70.520034905999921, -33.36981968099991 ], [ -70.520031607999954, -33.369823043999929 ], [ -70.520030870999904, -33.369823795999935 ], [ -70.520028786999944, -33.369825920999915 ], [ -70.520025751999924, -33.369829015999926 ], [ -70.520022598999901, -33.369832231999908 ], [ -70.520020427999953, -33.369834445999913 ], [ -70.520016348999945, -33.369838605999917 ], [ -70.520009881999954, -33.369845200999919 ], [ -70.520008615999927, -33.369846491999908 ], [ -70.520007189999944, -33.369847946999926 ], [ -70.520003766999935, -33.369851436999909 ], [ -70.519997479999915, -33.369857847999924 ], [ -70.519995141999914, -33.369860231999951 ], [ -70.519986039999935, -33.369869514999948 ], [ -70.519968071999926, -33.369887838999944 ], [ -70.519963319999931, -33.369892684999911 ], [ -70.519948754999916, -33.369907538999939 ], [ -70.519929177999927, -33.369927503999918 ], [ -70.519909583999947, -33.369947485999944 ], [ -70.519854151999937, -33.370004015999939 ], [ -70.519787385999905, -33.370072105999952 ], [ -70.519768937999913, -33.370090918999949 ], [ -70.519762324999931, -33.37009766299991 ], [ -70.519755712999938, -33.370104405999939 ], [ -70.519741600999907, -33.370118796999918 ], [ -70.51972072399991, -33.370140087999914 ], [ -70.519716366999944, -33.370144530999937 ], [ -70.519713642999932, -33.370147308999947 ], [ -70.519712836999929, -33.370148130999951 ], [ -70.519706255999949, -33.370154842999909 ], [ -70.519706200999906, -33.370154898999942 ], [ -70.519706145999919, -33.370154955999908 ], [ -70.519638554999915, -33.370233087999907 ], [ -70.519574083999942, -33.370307614999945 ], [ -70.51955500999992, -33.370329663999939 ], [ -70.519488010999908, -33.370396974999949 ], [ -70.519487928999922, -33.370397058999913 ], [ -70.519486400999938, -33.370398644999909 ], [ -70.519315868999911, -33.370575703999918 ], [ -70.519313326999907, -33.37057834299992 ], [ -70.519196293999926, -33.370699854999941 ], [ -70.51918674399991, -33.370707890999938 ], [ -70.519079903999909, -33.370797792999952 ], [ -70.519041261999917, -33.370834867999918 ], [ -70.519041006999942, -33.370835117999945 ], [ -70.519023028999925, -33.370852731999946 ], [ -70.518974777999915, -33.370900009999957 ], [ -70.5189573749999, -33.370917061999933 ], [ -70.518917919999922, -33.370957479999902 ], [ -70.518903912999917, -33.370971827999938 ], [ -70.518887415999927, -33.370989626999915 ], [ -70.518843183999934, -33.371037349999938 ], [ -70.518785546999936, -33.371099535999917 ], [ -70.51874670199993, -33.371141189999946 ], [ -70.518709555999919, -33.371181021999917 ], [ -70.518703570999946, -33.371187439999915 ], [ -70.5186604189999, -33.371233711999935 ], [ -70.518657934999908, -33.371236375999956 ], [ -70.518653421999943, -33.371240513999908 ], [ -70.518649138999933, -33.37124444199992 ], [ -70.518648169999949, -33.371245330999955 ], [ -70.518646034999904, -33.371247288999939 ], [ -70.518644445999939, -33.371248746999925 ], [ -70.518642100999898, -33.371250897999914 ], [ -70.518636729999912, -33.371255823999945 ], [ -70.5186361559999, -33.371256350999943 ], [ -70.518629011999906, -33.371262903999934 ], [ -70.518624551999949, -33.371266993999939 ], [ -70.518617738999922, -33.371273241999916 ], [ -70.518607708999923, -33.371282441999938 ], [ -70.518601665999938, -33.371287984999924 ], [ -70.518596055999922, -33.371293130999902 ], [ -70.518588173999945, -33.371300359999907 ], [ -70.518583175999936, -33.371306527999934 ], [ -70.518521747999898, -33.371382339999911 ], [ -70.518499300999906, -33.371407252999916 ], [ -70.518452263999905, -33.371459457999947 ], [ -70.518398500999922, -33.371519126999942 ], [ -70.518329052999945, -33.371601142999907 ], [ -70.51831154599995, -33.371621021999943 ], [ -70.518291353999928, -33.371643949999907 ], [ -70.518290231999913, -33.371645223999906 ], [ -70.51826907599991, -33.371669246999943 ], [ -70.518264820999946, -33.371674077999955 ], [ -70.518246468999905, -33.371702955999922 ], [ -70.518220590999931, -33.371743676999927 ], [ -70.518200139999919, -33.371775857999921 ], [ -70.518195505999927, -33.371783148999953 ], [ -70.518132888999901, -33.371886396999912 ], [ -70.518078813999921, -33.371975560999942 ], [ -70.517975091999915, -33.372146587999907 ], [ -70.517891626999926, -33.37229190599993 ], [ -70.517800535999925, -33.372441818999903 ], [ -70.517714956999953, -33.37258266099991 ], [ -70.517682269999909, -33.372642103999908 ], [ -70.517671582999924, -33.37266153999991 ], [ -70.517665424999905, -33.372672737999949 ], [ -70.517647931999932, -33.372704549999924 ], [ -70.517640748999952, -33.372717612999907 ], [ -70.517634839999914, -33.37272835999994 ], [ -70.51762524399993, -33.372745812999938 ], [ -70.517625178999936, -33.372745929999951 ], [ -70.517625129999942, -33.372746013999915 ], [ -70.517625118999945, -33.372746037999946 ], [ -70.5176250909999, -33.372746087999928 ], [ -70.517625075999945, -33.372746115999917 ], [ -70.517624374999912, -33.372747390999905 ], [ -70.517623890999914, -33.372748270999921 ], [ -70.517622779999954, -33.372747814999911 ], [ -70.517557232999934, -33.372720929999957 ], [ -70.517501358999937, -33.372698012999933 ], [ -70.517490092999935, -33.372693391999917 ], [ -70.5174230209999, -33.372665880999932 ], [ -70.517110647999914, -33.37254056699993 ], [ -70.51701986799992, -33.372504148999951 ], [ -70.516585781999936, -33.372322313999916 ], [ -70.516350100999944, -33.372223589999919 ], [ -70.516292979999946, -33.372199465999927 ], [ -70.516239754999901, -33.372176986999932 ], [ -70.516022535999923, -33.372085246999916 ], [ -70.515952779999907, -33.372066187999906 ], [ -70.515934516999948, -33.372061197999926 ], [ -70.515853209999932, -33.372038983999914 ], [ -70.515785964999907, -33.372020610999925 ], [ -70.515568395999935, -33.371963434999941 ], [ -70.515289671999938, -33.371882627999923 ], [ -70.515011922999918, -33.371793320999927 ], [ -70.514928413999939, -33.371766469999955 ], [ -70.51476110099992, -33.371716511999921 ], [ -70.514260493999927, -33.371567035999931 ], [ -70.514068547999898, -33.371504135999942 ], [ -70.513897905999897, -33.371446907999939 ], [ -70.513698892999912, -33.37138409399995 ], [ -70.513253531999908, -33.371255336999923 ], [ -70.5130346279999, -33.371192050999923 ], [ -70.51292540399993, -33.371160473999907 ], [ -70.512896824999928, -33.371152211999913 ], [ -70.512803826999914, -33.371125324999923 ], [ -70.512797373999945, -33.371123458999932 ], [ -70.51275402199991, -33.371110925999915 ], [ -70.512469894999924, -33.371031353999911 ], [ -70.512456225999927, -33.371028158999934 ], [ -70.512368293999941, -33.371007602999953 ], [ -70.51205301199991, -33.370933897999919 ], [ -70.511835377999944, -33.370883020999941 ], [ -70.511659464999923, -33.370841896999934 ], [ -70.511509532999924, -33.370806845999937 ], [ -70.511488644999929, -33.370801962999906 ], [ -70.511469159999933, -33.37079740799993 ], [ -70.511467715999913, -33.370797173999904 ], [ -70.511448511999902, -33.370794059999923 ], [ -70.511412252999946, -33.370788180999909 ], [ -70.511381601999915, -33.370783211999935 ], [ -70.511335595999924, -33.370775752999918 ], [ -70.511128908999922, -33.370742240999903 ], [ -70.511028209999949, -33.370724255999903 ], [ -70.51093575099992, -33.370707742999912 ], [ -70.510881596999923, -33.370698070999936 ], [ -70.510724744999948, -33.370670057999916 ], [ -70.510433870999918, -33.37062330099991 ], [ -70.510196571999927, -33.370585155999947 ], [ -70.510140603999901, -33.370576158999938 ], [ -70.510127098999931, -33.370573987999933 ], [ -70.510056703999908, -33.370562671999949 ], [ -70.510028550999948, -33.370558145999951 ], [ -70.510015560999932, -33.37055605799992 ], [ -70.51000808799995, -33.370554856999945 ], [ -70.509984626999938, -33.370551085999921 ], [ -70.509977646999914, -33.370549963999906 ], [ -70.50994122499992, -33.370544108999923 ], [ -70.509932435999929, -33.370542695999916 ], [ -70.5099290899999, -33.370542244999911 ], [ -70.509895060999952, -33.370537654999907 ], [ -70.50987405199993, -33.370534820999922 ], [ -70.509868888999904, -33.370534124999949 ], [ -70.509807179999939, -33.370525800999928 ], [ -70.509804605999932, -33.370525453999903 ], [ -70.509719542999903, -33.370513979999942 ], [ -70.509612377999929, -33.370498502999908 ], [ -70.509578863999934, -33.370493662999934 ], [ -70.509471045999931, -33.370478091999928 ], [ -70.509302746999936, -33.370453786999917 ], [ -70.509250504999898, -33.370446241999957 ], [ -70.509182353999904, -33.370436399999903 ], [ -70.509053151999922, -33.370417740999926 ], [ -70.508998464999934, -33.370409841999958 ], [ -70.508977258999948, -33.370406779999939 ], [ -70.508851588999903, -33.370388629999923 ], [ -70.508783363999953, -33.370378777999917 ], [ -70.508745422999937, -33.370373297999947 ], [ -70.5087029849999, -33.370367168999906 ], [ -70.50851515599993, -33.370340042999942 ], [ -70.508338694999907, -33.370314558999951 ], [ -70.508251964999943, -33.370302032999916 ], [ -70.508209843999907, -33.370295949999957 ], [ -70.508192462999943, -33.370293439999955 ], [ -70.508085663999907, -33.370278015999929 ], [ -70.50805263299992, -33.370273245999954 ], [ -70.507894205999946, -33.370258828999908 ], [ -70.507889209999917, -33.370258373999945 ], [ -70.507889008999939, -33.370258355999908 ], [ -70.507798605999938, -33.370250128999942 ], [ -70.507754442999953, -33.370246109999925 ], [ -70.507719472999952, -33.370242927999925 ], [ -70.507515782999917, -33.370224390999908 ], [ -70.507377629999951, -33.370211817999916 ], [ -70.507347563999929, -33.370210781999958 ], [ -70.50733503899994, -33.370210350999912 ], [ -70.507318213999952, -33.370209771999953 ], [ -70.507209641999907, -33.370206143999951 ], [ -70.507141012999909, -33.370203850999928 ], [ -70.506932614999926, -33.370196887999953 ], [ -70.506921580999915, -33.370196518999933 ], [ -70.506897801999912, -33.370195723999927 ], [ -70.506837635999943, -33.370193713999925 ], [ -70.506812539999942, -33.37019287499993 ], [ -70.506772269999942, -33.370189657999958 ], [ -70.506747267999913, -33.370187659999942 ], [ -70.506323523999924, -33.370153803999926 ], [ -70.506258985999921, -33.37014864799994 ], [ -70.506200059999912, -33.37013907599993 ], [ -70.506110449999937, -33.370124518999944 ], [ -70.50606797599994, -33.370117618999927 ], [ -70.505940599999917, -33.370096926999906 ], [ -70.505909080999913, -33.37009430899991 ], [ -70.50588967099992, -33.370089221999933 ], [ -70.505832702999953, -33.370074290999924 ], [ -70.505673049999928, -33.370032446999915 ], [ -70.505632795999929, -33.370020545999921 ], [ -70.505596019999928, -33.370009673999903 ], [ -70.505506731999901, -33.369983276999903 ], [ -70.505321538999908, -33.36992852599991 ], [ -70.505245628999944, -33.369906083999922 ], [ -70.505235690999939, -33.369903145999956 ], [ -70.505213761999926, -33.369894141999907 ], [ -70.505108696999912, -33.369851002999951 ], [ -70.50506973499995, -33.369835004999914 ], [ -70.505002067999953, -33.369807221999906 ], [ -70.504978163999908, -33.369797406999908 ], [ -70.504962767999928, -33.369791436999947 ], [ -70.504954983999937, -33.369788417999928 ], [ -70.504940560999898, -33.369782824999902 ], [ -70.504937672999915, -33.369781704999923 ], [ -70.504919886999915, -33.369774807999931 ], [ -70.504919478999909, -33.369774649999954 ], [ -70.504898265999941, -33.36976642399992 ], [ -70.50489270199995, -33.369764265999947 ], [ -70.504877375999911, -33.369758322999928 ], [ -70.504869679999899, -33.369755337999948 ], [ -70.504856821999908, -33.369750351999926 ], [ -70.504851654999925, -33.369748347999916 ], [ -70.504831877999948, -33.369740678999904 ], [ -70.504734818999907, -33.369703609999931 ], [ -70.504630840999937, -33.369663897999942 ], [ -70.504566846999921, -33.369639456999948 ], [ -70.504502902999945, -33.369618493999951 ], [ -70.504478025999902, -33.369610337999916 ], [ -70.504467357999943, -33.36960684099995 ], [ -70.504409350999936, -33.369587822999904 ], [ -70.504409091999946, -33.36958773799995 ], [ -70.504408467999951, -33.369587533999947 ], [ -70.50428334299994, -33.369546511999943 ], [ -70.504083771999944, -33.369453411999928 ], [ -70.503777649999904, -33.369310606999932 ], [ -70.50377274199991, -33.369308316999934 ], [ -70.503766629999916, -33.369305465999958 ], [ -70.503696135999917, -33.369272580999905 ], [ -70.503656678999903, -33.369254173999934 ], [ -70.503380731999926, -33.369125445999941 ], [ -70.503345452999952, -33.369108987999937 ], [ -70.503247838999926, -33.369063451999921 ], [ -70.50321779099994, -33.369049433999919 ], [ -70.503062865999937, -33.368977161999908 ], [ -70.503030518999935, -33.368962071999931 ], [ -70.502910481999947, -33.368908054999906 ], [ -70.502856661999942, -33.368883443999948 ], [ -70.502829724999913, -33.368871125999931 ], [ -70.50268167899992, -33.368803426999932 ], [ -70.502678189999926, -33.368801831999917 ], [ -70.502526528999908, -33.368732478999902 ], [ -70.502491634999899, -33.368716522999932 ], [ -70.50247745899992, -33.368710845999942 ], [ -70.502468790999899, -33.368707374999929 ], [ -70.502459565999914, -33.368703680999943 ], [ -70.502447862999929, -33.368698993999942 ], [ -70.502439435999918, -33.368695618999936 ], [ -70.502426459999924, -33.368690422999919 ], [ -70.502419019999934, -33.368687443999931 ], [ -70.502407090999952, -33.368682666999916 ], [ -70.502398936999953, -33.368679401999941 ], [ -70.502386482999952, -33.36867441499993 ], [ -70.502378187999909, -33.368671092999932 ], [ -70.502369427999952, -33.368667584999912 ], [ -70.50234152999991, -33.36865641299994 ], [ -70.502286179999942, -33.368634382999915 ], [ -70.502213153999946, -33.368605318999926 ], [ -70.502204726999935, -33.368601964999925 ], [ -70.502119028999914, -33.368567856999903 ], [ -70.501969404999898, -33.36850830599991 ], [ -70.501823402999946, -33.368432016999918 ], [ -70.50176667799991, -33.368402375999949 ], [ -70.50170602399993, -33.36837068299991 ], [ -70.501689824999914, -33.368362218999948 ], [ -70.501666998999951, -33.368350290999956 ], [ -70.501612506999948, -33.368321817999913 ], [ -70.501573224999902, -33.368301292999945 ], [ -70.501536173999909, -33.368283789999907 ], [ -70.501513211999907, -33.368272942999909 ], [ -70.501456349999899, -33.368246081999928 ], [ -70.501297165999915, -33.368170883999937 ], [ -70.50119127499994, -33.368120861999955 ], [ -70.501078091999943, -33.368067394999912 ], [ -70.500991446999933, -33.368026464999957 ], [ -70.500955013999942, -33.36800840199993 ], [ -70.500871908999898, -33.367967197999917 ], [ -70.500832191999905, -33.36794750599995 ], [ -70.500829641999928, -33.367946241999903 ], [ -70.50057449399992, -33.367819739999902 ], [ -70.500532062999923, -33.367798702999949 ], [ -70.500370037999915, -33.36771837099991 ], [ -70.500197520999905, -33.367632836999917 ], [ -70.500162907999936, -33.367615204999936 ], [ -70.500097801999914, -33.367582038999956 ], [ -70.500055253999903, -33.367560363999928 ], [ -70.500034050999943, -33.367549562999955 ], [ -70.499984090999931, -33.367524850999928 ], [ -70.499935208999943, -33.367500672999938 ], [ -70.49984033599992, -33.36745374599991 ], [ -70.499605140999904, -33.367337410999937 ], [ -70.499502747999941, -33.367286764999903 ], [ -70.499412273999951, -33.367236778999938 ], [ -70.49938863999995, -33.367230323999934 ], [ -70.499342297999931, -33.36721766799991 ], [ -70.49921928099991, -33.367184072999919 ], [ -70.499199774999909, -33.367178745999922 ], [ -70.499060843999928, -33.367140803999916 ], [ -70.499030057999903, -33.367132907999917 ], [ -70.498840562999931, -33.367084306999914 ], [ -70.498712786999931, -33.367051535999906 ], [ -70.498710174999928, -33.367051303999915 ], [ -70.498603128999946, -33.367041771999936 ], [ -70.498521686999936, -33.367034520999937 ], [ -70.49841375099993, -33.367024909999941 ], [ -70.498304970999925, -33.367022842999916 ], [ -70.498268327999938, -33.367022146999943 ], [ -70.497843100999944, -33.367014068999936 ], [ -70.497785261999923, -33.367013733999954 ], [ -70.49742442999991, -33.367011646999913 ], [ -70.497346536999942, -33.367011195999908 ], [ -70.497036058999925, -33.367008313999918 ], [ -70.496800167999936, -33.367006123999943 ], [ -70.496800102999941, -33.367006122999953 ], [ -70.496799817999943, -33.367006104999916 ], [ -70.496494802999905, -33.366987256999948 ], [ -70.49616253399995, -33.366982243999928 ], [ -70.496090779999918, -33.366978367999934 ], [ -70.496026041999926, -33.366974870999911 ], [ -70.495951624999918, -33.366975767999918 ], [ -70.495930335999901, -33.366976023999939 ], [ -70.495825744999934, -33.366968265999958 ], [ -70.495724848999942, -33.366960463999931 ], [ -70.495635214999936, -33.366943505999927 ], [ -70.495550799999933, -33.36691746799994 ], [ -70.495428492999906, -33.366855810999937 ], [ -70.495362987999954, -33.366816015999916 ], [ -70.495359794999899, -33.366813323999907 ], [ -70.495262794999917, -33.366731545999926 ], [ -70.495257114999902, -33.366725358999929 ], [ -70.495149315999925, -33.366607927999951 ], [ -70.495075096999926, -33.366499322999914 ], [ -70.494805963999909, -33.366159856999957 ], [ -70.494515187999923, -33.365811631999918 ], [ -70.494413294999902, -33.365686597999911 ], [ -70.494257266999909, -33.365499084999954 ], [ -70.49414313199992, -33.365365179999912 ], [ -70.494077424999944, -33.365293821999956 ], [ -70.494007996999926, -33.365240545999939 ], [ -70.493931851999946, -33.365187349999928 ], [ -70.49366245199991, -33.365028256999949 ], [ -70.493375925999942, -33.364869368999905 ], [ -70.493226297999911, -33.364780982999946 ], [ -70.493085526999948, -33.364719545999947 ], [ -70.492991221999944, -33.364684605999912 ], [ -70.492941479999899, -33.364676324999948 ], [ -70.492940697999927, -33.364676194999902 ], [ -70.492827280999904, -33.364633279999907 ], [ -70.492802095999934, -33.364623749999907 ], [ -70.492716830999939, -33.364606737999907 ], [ -70.492610227999933, -33.36459900199992 ], [ -70.492465679999952, -33.364591720999954 ], [ -70.492234159999953, -33.364585485999953 ], [ -70.492076592999922, -33.364582870999925 ], [ -70.491980141999932, -33.364579520999939 ], [ -70.491895365999937, -33.364571520999903 ], [ -70.491783572999907, -33.364554826999949 ], [ -70.491600799999901, -33.364511930999925 ], [ -70.491449899999907, -33.364486687999943 ], [ -70.491353294999954, -33.364474320999932 ], [ -70.491249119999907, -33.364471062999939 ], [ -70.490618977999929, -33.364487650999934 ], [ -70.489982119999922, -33.36450431499992 ], [ -70.489789782999935, -33.364511132999951 ], [ -70.489648152999905, -33.364517341999942 ], [ -70.48956536399993, -33.36452735499995 ], [ -70.489475340999945, -33.364546471999915 ], [ -70.489410033999945, -33.36456032399991 ], [ -70.489407739999933, -33.364560810999933 ], [ -70.48935651599993, -33.364570443999924 ], [ -70.489258510999946, -33.36459416699995 ], [ -70.489092231999905, -33.36463223599992 ], [ -70.488958372999946, -33.364660897999954 ], [ -70.488837868999951, -33.364684889999921 ], [ -70.488655576999918, -33.364709622999953 ], [ -70.488591880999934, -33.364708928999903 ], [ -70.488261528999942, -33.364705329999936 ], [ -70.488174556999923, -33.364706371999944 ], [ -70.488173587999938, -33.364706179999928 ], [ -70.48811018899994, -33.364693615999954 ], [ -70.487913926999909, -33.364686949999907 ], [ -70.486343054999907, -33.364584748999903 ], [ -70.485748196999907, -33.364546046999919 ], [ -70.485598902999925, -33.364531832999944 ], [ -70.485457483999937, -33.364508465999904 ], [ -70.485353901999929, -33.364487634999932 ], [ -70.485187631999906, -33.364444871999922 ], [ -70.485052611999947, -33.364407506999953 ], [ -70.484889203999899, -33.364359343999922 ], [ -70.484772523999936, -33.364327327999945 ], [ -70.484681098999943, -33.364306292999913 ], [ -70.484578708999948, -33.364289479999911 ], [ -70.484481845999937, -33.364281619999929 ], [ -70.484360439999932, -33.364292090999925 ], [ -70.484302834999937, -33.364301797999929 ], [ -70.48420105799994, -33.364321051999923 ], [ -70.484047325999938, -33.364386020999916 ], [ -70.483936575999905, -33.364450475999945 ], [ -70.483828635999942, -33.364541951999911 ], [ -70.483582655999953, -33.364752320999912 ], [ -70.483446690999926, -33.364835113999902 ], [ -70.483270457999936, -33.364900350999903 ], [ -70.483194314999935, -33.364910660999954 ], [ -70.483124354999916, -33.364920133999931 ], [ -70.482943020999926, -33.364922299999932 ], [ -70.48284287599995, -33.364918986999953 ], [ -70.482836323999948, -33.364917289999937 ], [ -70.482764731999907, -33.364898747999916 ], [ -70.48274301899994, -33.364893123999934 ], [ -70.482627821999927, -33.364853915999902 ], [ -70.482510899999909, -33.364792181999917 ], [ -70.482383597999899, -33.36471253499991 ], [ -70.482183669999927, -33.364588660999914 ], [ -70.482055695999918, -33.364509021999936 ], [ -70.481982887999948, -33.364473815999929 ], [ -70.481905041999937, -33.364438670999903 ], [ -70.481793615999948, -33.364403926999955 ], [ -70.481656821999934, -33.364378503999944 ], [ -70.481583464999915, -33.364370360999942 ], [ -70.481444961999898, -33.364362994999908 ], [ -70.48134690899991, -33.364364164999927 ], [ -70.481252418999929, -33.364357528999903 ], [ -70.481185163999953, -33.364344936999942 ], [ -70.481095292999953, -33.364316541999926 ], [ -70.480890583999951, -33.364252367999939 ], [ -70.480772931999923, -33.364226714999916 ], [ -70.480682448999914, -33.364218775999916 ], [ -70.480537229999925, -33.364211489999946 ], [ -70.480526313999917, -33.364211619999935 ], [ -70.480519845999936, -33.364211696999917 ], [ -70.480291088999934, -33.364214424999943 ], [ -70.480067780999946, -33.364217087999918 ], [ -70.479907909999952, -33.364237031999949 ], [ -70.479730362999931, -33.36428424099995 ], [ -70.479601873999911, -33.364312828999914 ], [ -70.479508490999933, -33.364331978999928 ], [ -70.479400477999945, -33.364339431999952 ], [ -70.479311060999919, -33.364337818999957 ], [ -70.479231860999903, -33.364332904999912 ], [ -70.479202402999931, -33.364331076999918 ], [ -70.4790649279999, -33.364319320999925 ], [ -70.478930779999928, -33.364315561999945 ], [ -70.478885250999951, -33.36431678699995 ], [ -70.478752082999904, -33.364320368999927 ], [ -70.478236333999916, -33.36434289999994 ], [ -70.478161910999916, -33.36434615099995 ], [ -70.477801917999898, -33.36435894899995 ], [ -70.477799792999917, -33.364399962999926 ], [ -70.477758445999939, -33.365197523999939 ], [ -70.4777392069999, -33.365568642999904 ], [ -70.477694153999948, -33.366437713999915 ], [ -70.477640120999922, -33.367480004999948 ], [ -70.477620778999949, -33.367853097999955 ], [ -70.477607673999898, -33.368105882999942 ], [ -70.477590092999947, -33.368445022999936 ], [ -70.477566390999925, -33.368902229999946 ], [ -70.477530957999932, -33.369585742999902 ], [ -70.477530766999905, -33.369589417999919 ], [ -70.477692318999914, -33.369649472999924 ], [ -70.477756398999929, -33.369711940999935 ], [ -70.477901882999902, -33.369853765999949 ], [ -70.477945987999931, -33.369869878999907 ], [ -70.4780830979999, -33.369919968999909 ], [ -70.478198975999931, -33.370013581999956 ], [ -70.478433198999937, -33.370153225999957 ], [ -70.478676361999931, -33.370257442999957 ], [ -70.478958663999947, -33.370428635999929 ], [ -70.479117688999906, -33.370648958999936 ], [ -70.479363317999912, -33.37084264799995 ], [ -70.479433350999898, -33.370931942999903 ], [ -70.47951579599993, -33.370933541999932 ], [ -70.479715410999916, -33.370931162999909 ], [ -70.479765314999952, -33.370930567999949 ], [ -70.47986175199992, -33.370918064999955 ], [ -70.480033440999932, -33.370895805999908 ], [ -70.480091764999941, -33.370899826999903 ], [ -70.480312222999942, -33.37091502699991 ], [ -70.480358740999918, -33.370923327999947 ], [ -70.480382834999943, -33.370927626999958 ], [ -70.480411426999922, -33.370932728999946 ], [ -70.480467888999954, -33.370942803999924 ], [ -70.480502201999911, -33.370948926999915 ], [ -70.480530309999949, -33.370953942999904 ], [ -70.480533992999938, -33.370954599999948 ], [ -70.480537676999916, -33.370955257999924 ], [ -70.48055880499993, -33.370959027999902 ], [ -70.480579595999927, -33.370962737999946 ], [ -70.480620160999933, -33.370969975999913 ], [ -70.480648120999945, -33.370980352999936 ], [ -70.480661219999945, -33.370985213999916 ], [ -70.48067410099992, -33.370989994999945 ], [ -70.480890914999918, -33.371070459999942 ], [ -70.481149989999949, -33.371076386999903 ], [ -70.481410470999947, -33.371145426999931 ], [ -70.481424000999937, -33.371181763999914 ], [ -70.481430529999898, -33.371199299999944 ], [ -70.481336852999902, -33.371340206999946 ], [ -70.481167065999898, -33.371509077999917 ], [ -70.48102681599994, -33.371736216999921 ], [ -70.480910704999928, -33.372238136999954 ], [ -70.480937250999943, -33.372421703999919 ], [ -70.480956711999909, -33.372556278999923 ], [ -70.481023516999926, -33.372610640999937 ], [ -70.481265024999914, -33.37271955999995 ], [ -70.4815032059999, -33.372892712999942 ], [ -70.481564970999898, -33.373016526999947 ], [ -70.481549068999925, -33.373158960999945 ], [ -70.481441814999926, -33.373419623999951 ], [ -70.481391146999954, -33.373575089999918 ], [ -70.481428370999936, -33.373904916999948 ], [ -70.481477566999899, -33.373986662999926 ], [ -70.481546926999954, -33.374101911999958 ], [ -70.48169413599993, -33.374285035999947 ], [ -70.481918682999947, -33.374523918999955 ], [ -70.48254322899993, -33.37524405399995 ], [ -70.482564368999931, -33.375268429999949 ], [ -70.48272559499992, -33.375454331999947 ], [ -70.483080298999937, -33.376010716999929 ], [ -70.483253032999926, -33.376460357999918 ], [ -70.483259616999931, -33.376512164999951 ], [ -70.483291061999921, -33.376759611999944 ], [ -70.483274214999938, -33.376895092999916 ], [ -70.483202203999952, -33.377184549999924 ], [ -70.483096039999907, -33.377717917999917 ], [ -70.483032389999948, -33.377926106999951 ], [ -70.482969045999937, -33.378152328999931 ], [ -70.482636430999946, -33.378400124999928 ], [ -70.482618410999919, -33.378413549999948 ], [ -70.482573673999923, -33.378607984999917 ], [ -70.482575574999942, -33.37872 ], [ -70.482578341999954, -33.378882996999948 ], [ -70.482604065999908, -33.379270490999943 ], [ -70.482580232999908, -33.379568389999918 ], [ -70.482504490999929, -33.379776534999905 ], [ -70.482424456999922, -33.380069911999954 ], [ -70.482402429999922, -33.380150657999934 ], [ -70.482260037999936, -33.380470026999944 ], [ -70.482058638999945, -33.38084970299991 ], [ -70.482043957999906, -33.380877379999902 ], [ -70.481872816999953, -33.381200013999944 ], [ -70.481754232999947, -33.381450471999926 ], [ -70.481712835999929, -33.381606178999903 ], [ -70.481532285999947, -33.382041935999951 ], [ -70.480941282999936, -33.382656031999943 ], [ -70.480084664999936, -33.383123502999922 ], [ -70.479692956999941, -33.38326911899992 ], [ -70.479385473999912, -33.383379255999955 ], [ -70.479086707999897, -33.383535868999957 ], [ -70.47900954399995, -33.383663223999918 ], [ -70.478911404999906, -33.383957187999954 ], [ -70.478989956999953, -33.384419762999926 ], [ -70.478989977999902, -33.384419880999928 ], [ -70.478989998999907, -33.38442 ], [ -70.478930478999928, -33.384945913999957 ], [ -70.478902741999946, -33.385191285999952 ], [ -70.47894114199994, -33.385447938999903 ], [ -70.479029906999926, -33.386041204999913 ], [ -70.47903176199992, -33.386150717999953 ], [ -70.479043752999928, -33.386858681999911 ], [ -70.479043790999924, -33.386860937999927 ], [ -70.478889235999929, -33.387379232999933 ], [ -70.478581367999936, -33.388411644999906 ], [ -70.478181908999943, -33.389002354999946 ], [ -70.4781393909999, -33.389065229999915 ], [ -70.477334465999945, -33.390255503999924 ], [ -70.47668189299992, -33.39171187799991 ], [ -70.476609968999924, -33.391872390999936 ], [ -70.476200404999929, -33.393217483999933 ], [ -70.475835205999942, -33.39385251899995 ], [ -70.475539997999931, -33.394249997999907 ], [ -70.475504391999948, -33.394297938999955 ], [ -70.475130660999923, -33.394428520999952 ], [ -70.474194199999943, -33.394628857999919 ], [ -70.473444067999935, -33.394732372999954 ], [ -70.47343, -33.394728892999922 ], [ -70.472349274999942, -33.394461557999932 ], [ -70.471930316999931, -33.394380661999946 ], [ -70.471536869999909, -33.394304689999956 ], [ -70.47126826899995, -33.394155140999942 ], [ -70.470988709999915, -33.393999495999935 ], [ -70.470341469999937, -33.393639128999951 ], [ -70.470340436999948, -33.393638553999949 ], [ -70.470292091999909, -33.393611636999935 ], [ -70.47025, -33.393590010999958 ], [ -70.470249973999898, -33.393590010999958 ], [ -70.470215860999929, -33.393605434999927 ], [ -70.470198330999949, -33.393613935999952 ], [ -70.470184436999944, -33.393620673999919 ], [ -70.46979493099991, -33.393809561999944 ], [ -70.469400470999915, -33.39400085199992 ], [ -70.469159875999935, -33.394117525999945 ], [ -70.466994003999901, -33.394710189999955 ], [ -70.466668066999944, -33.394748908999929 ], [ -70.465834455999925, -33.394847932999937 ], [ -70.463428193999903, -33.39496493799993 ], [ -70.461637388999918, -33.395251843999915 ], [ -70.460863354999901, -33.395495258999915 ], [ -70.459998268999925, -33.395767299999932 ], [ -70.458045569999911, -33.396481338999934 ], [ -70.45776695099994, -33.396576950999929 ], [ -70.457457433999934, -33.396683166999935 ], [ -70.456634892999944, -33.396763706999934 ], [ -70.455846743999928, -33.396831620999933 ], [ -70.454980879999937, -33.396906224999952 ], [ -70.454968390999909, -33.396907300999942 ], [ -70.454213341999946, -33.397235110999929 ], [ -70.454170591999912, -33.397305958999937 ], [ -70.454130536999912, -33.397372338999958 ], [ -70.453761064999924, -33.39798464699993 ], [ -70.453444851999905, -33.39875500799991 ], [ -70.453212909999934, -33.399320059999923 ], [ -70.45264302399994, -33.400620286999924 ], [ -70.451880365999898, -33.401763286999937 ], [ -70.451878336999926, -33.401768963999928 ], [ -70.451659971999902, -33.402379971999949 ], [ -70.451615516999937, -33.402581229999953 ], [ -70.451616434999949, -33.402776371999948 ], [ -70.451616893999926, -33.402873791999923 ], [ -70.451816272999906, -33.403850134999914 ], [ -70.451998671999945, -33.404749142999947 ], [ -70.452090488999943, -33.404934136999941 ], [ -70.452258548999907, -33.405272741999909 ], [ -70.452530238999941, -33.405667467999933 ], [ -70.452849043999947, -33.406377625999937 ], [ -70.453042681999932, -33.407112655999924 ], [ -70.453111151999906, -33.407872557999951 ], [ -70.453151526999932, -33.408621085999926 ], [ -70.453063024999949, -33.40917216999992 ], [ -70.453069076999952, -33.409535562999906 ], [ -70.453070429999912, -33.409616802999949 ], [ -70.453089992999935, -33.41003 ], [ -70.453201735999926, -33.410685517999923 ], [ -70.453256006999936, -33.411003880999942 ], [ -70.453181247999908, -33.411348612999916 ], [ -70.452927360999922, -33.41203003499993 ], [ -70.452843511999902, -33.41222 ], [ -70.45242894699993, -33.413159204999943 ], [ -70.452357746999951, -33.413481062999949 ], [ -70.452256271999943, -33.413939774999903 ], [ -70.452167076999899, -33.41506873499992 ], [ -70.45213577599992, -33.415464913999926 ], [ -70.452259658999935, -33.416586389999907 ], [ -70.452307558999905, -33.417019995999908 ], [ -70.45199944299992, -33.417669962999923 ], [ -70.451692540999943, -33.418317359999946 ], [ -70.451444217999949, -33.418594764999909 ], [ -70.450807121999901, -33.419306463999931 ], [ -70.450083507999921, -33.420022420999942 ], [ -70.449247365999952, -33.420849696999937 ], [ -70.449032523999904, -33.421062257999949 ], [ -70.448101301999941, -33.421623391999958 ], [ -70.44677381899993, -33.422423278999929 ], [ -70.446565283999917, -33.422538484999905 ], [ -70.444941168999947, -33.423435742999914 ], [ -70.444217490999904, -33.423835531999941 ], [ -70.443063585999937, -33.424371996999923 ], [ -70.44176151399995, -33.424977325999919 ], [ -70.441739466999934, -33.424986061999903 ], [ -70.440889323999897, -33.425322919999928 ], [ -70.44047512599991, -33.425487037999915 ], [ -70.439686231999929, -33.425565217999917 ], [ -70.438904245999936, -33.425642707999941 ], [ -70.436762303999899, -33.425956153999948 ], [ -70.435749925999914, -33.426187772999924 ], [ -70.435468906999915, -33.426269949999948 ], [ -70.43535961799995, -33.426301908999903 ], [ -70.435113767999951, -33.426373800999954 ], [ -70.434929998999905, -33.4265 ], [ -70.434896446999915, -33.426524262999919 ], [ -70.434660127999905, -33.426695148999954 ], [ -70.434506214999942, -33.426894642999912 ], [ -70.434210778999898, -33.427277570999934 ], [ -70.433627718999901, -33.428699887999926 ], [ -70.433545107999919, -33.428994142999954 ], [ -70.433318039999904, -33.429802941999924 ], [ -70.433245669999906, -33.430447225999956 ], [ -70.433146459999932, -33.431330446999937 ], [ -70.433146367999939, -33.431341679999946 ], [ -70.433144040999935, -33.431627178999918 ], [ -70.433143652999945, -33.431674797999904 ], [ -70.433137582999905, -33.432419560999904 ], [ -70.433136942999909, -33.43249814099994 ], [ -70.433136267999942, -33.432580977999919 ], [ -70.433135593999907, -33.432663685999955 ], [ -70.43307088499995, -33.432808173999945 ], [ -70.432964376999905, -33.433045995999919 ], [ -70.432850992999931, -33.433299172999909 ], [ -70.432260423999935, -33.434268035999935 ], [ -70.431835729999932, -33.434892902999934 ], [ -70.431671704999928, -33.435337314999913 ], [ -70.4313600669999, -33.436029306999956 ], [ -70.431179744999952, -33.436429711999949 ], [ -70.431125178999935, -33.436561536999932 ], [ -70.430650459999924, -33.437767651999934 ], [ -70.430589321999946, -33.437866688999918 ], [ -70.430414292999899, -33.438150217999919 ], [ -70.430247616999907, -33.43842021599994 ], [ -70.430153688999951, -33.438572367999939 ], [ -70.430120846999898, -33.439082369999937 ], [ -70.43024780099995, -33.439560244999939 ], [ -70.430395374999932, -33.440115724999941 ], [ -70.430639623999923, -33.441814528999942 ], [ -70.43064434799993, -33.441823966999948 ], [ -70.43083343099994, -33.442201704999945 ], [ -70.430917721999947, -33.442370093999955 ], [ -70.43138222999994, -33.442785735999905 ], [ -70.431879482999932, -33.443259618999946 ], [ -70.431894344999932, -33.443321021999907 ], [ -70.43203385299995, -33.443897387999925 ], [ -70.431964667999921, -33.444851555999946 ], [ -70.431949857999939, -33.445055804999924 ], [ -70.431573839999942, -33.445686378999937 ], [ -70.431155511999918, -33.445983218999913 ], [ -70.430503678999912, -33.446445749999953 ], [ -70.430249807999928, -33.44662588999995 ], [ -70.430050001999916, -33.446839992999912 ], [ -70.429868246999945, -33.447045446999937 ], [ -70.429310027999918, -33.447750987999939 ], [ -70.428786496999919, -33.448184586999957 ], [ -70.428434144999926, -33.448689631999912 ], [ -70.4281949679999, -33.449184734999903 ], [ -70.428187324999953, -33.449373971999933 ], [ -70.428180309999902, -33.449547684999914 ], [ -70.42826881499991, -33.449918085999911 ], [ -70.428253165999934, -33.450220583999908 ], [ -70.428225838999936, -33.450734952999937 ], [ -70.428200720999939, -33.451489445999925 ], [ -70.428339395999899, -33.452325852999934 ], [ -70.428409979999913, -33.453582044999905 ], [ -70.428315632999897, -33.453990252999915 ], [ -70.428115471999945, -33.454856268999947 ], [ -70.428078977999917, -33.455014164999909 ], [ -70.42799995699994, -33.455589990999954 ], [ -70.427945835999935, -33.455873739999902 ], [ -70.42779156499995, -33.456727680999904 ], [ -70.427663416999906, -33.45742520999994 ], [ -70.427580618999912, -33.457875892999937 ], [ -70.427340616999913, -33.458528153999907 ], [ -70.427317408999897, -33.458591225999953 ], [ -70.427375626999947, -33.459093357999905 ], [ -70.427899992999926, -33.459900018999917 ], [ -70.428375645999949, -33.460632143999931 ], [ -70.428546909999909, -33.461188847999949 ], [ -70.428672678999931, -33.461597661999917 ], [ -70.429194487999951, -33.462932449999926 ], [ -70.42950623999991, -33.463651632999927 ], [ -70.42959788099995, -33.463714831999937 ], [ -70.429670571999907, -33.463764961999914 ], [ -70.429985021999926, -33.463887034999914 ], [ -70.430941357999927, -33.463902185999927 ], [ -70.431625221999923, -33.463960078999946 ], [ -70.432030186999953, -33.463994360999948 ], [ -70.432862471999954, -33.46444564299992 ], [ -70.433416504999911, -33.465455313999939 ], [ -70.434007225999949, -33.46679452099994 ], [ -70.434424348999926, -33.467837195999948 ], [ -70.434705872999928, -33.468614325999908 ], [ -70.434739840999953, -33.46915863299995 ], [ -70.434726105999914, -33.469434606999926 ], [ -70.434721061999937, -33.469535950999955 ], [ -70.434500008999919, -33.46978989899992 ], [ -70.433824875999903, -33.470520497999928 ], [ -70.433400608999932, -33.471321506999914 ], [ -70.432730927999899, -33.472780039999918 ], [ -70.432569212999908, -33.473193842999933 ], [ -70.432299139999941, -33.473884906999956 ], [ -70.432303274999924, -33.474304125999936 ], [ -70.432308490999901, -33.474832786999912 ], [ -70.432753389999903, -33.476042743999926 ], [ -70.432762508999929, -33.476064336999912 ], [ -70.4330395369999, -33.476720310999951 ], [ -70.433308582999928, -33.477497586999903 ], [ -70.433462109999937, -33.47846 ], [ -70.433503730999917, -33.478720904999932 ], [ -70.43372211399992, -33.480526383999916 ], [ -70.433735269999943, -33.480635150999944 ], [ -70.433774146999951, -33.481074006999904 ], [ -70.433780021999951, -33.481140030999939 ], [ -70.43355084399991, -33.48121135699995 ], [ -70.433445991999918, -33.48124398899995 ], [ -70.433322904999898, -33.481282295999904 ], [ -70.433131029999913, -33.481321986999944 ], [ -70.432858439999904, -33.481378374999906 ], [ -70.432446727999945, -33.481499046999943 ], [ -70.432281938999949, -33.481560647999913 ], [ -70.432060799999931, -33.481643314999928 ], [ -70.431569576999948, -33.481760657999928 ], [ -70.431568168999945, -33.481760993999956 ], [ -70.431161209999914, -33.481791253999916 ], [ -70.430669573999921, -33.481769343999929 ], [ -70.430397548999906, -33.481747245999941 ], [ -70.430298745999949, -33.481739219999952 ], [ -70.430079469999953, -33.481721405999906 ], [ -70.429617783999902, -33.481900374999952 ], [ -70.429348717999915, -33.482127433999949 ], [ -70.429291378999949, -33.482175819999952 ], [ -70.429202686999929, -33.482544223999923 ], [ -70.429191587999924, -33.482590324999933 ], [ -70.429191591999938, -33.48259035399991 ], [ -70.429191595999953, -33.482590382999945 ], [ -70.429219398999919, -33.482754189999923 ], [ -70.429248359999917, -33.482924821999916 ], [ -70.429252364999911, -33.482948420999946 ], [ -70.429253160999906, -33.482953118999944 ], [ -70.429263011999922, -33.483011157999954 ], [ -70.429263018999904, -33.483011185999942 ], [ -70.429263024999898, -33.48301121399993 ], [ -70.429307668999911, -33.483194907999916 ], [ -70.429336092999904, -33.483311861999937 ], [ -70.429337253999904, -33.483316639999941 ], [ -70.429337654999927, -33.483318288999953 ], [ -70.429340381999907, -33.483329513999934 ], [ -70.429341078999926, -33.483332378999933 ], [ -70.429342741999903, -33.483339225999941 ], [ -70.429365570999948, -33.483433139999931 ], [ -70.429365569999902, -33.483433168999909 ], [ -70.429365568999913, -33.483433198999933 ], [ -70.429365158999929, -33.483440989999906 ], [ -70.429364531999909, -33.483452912999951 ], [ -70.429363924999905, -33.483464437999942 ], [ -70.429363761999923, -33.483467534999932 ], [ -70.42935844099992, -33.483568636999905 ], [ -70.429350469999918, -33.483720089999906 ], [ -70.429218804999948, -33.483894812999949 ], [ -70.429149265999911, -33.483987092999939 ], [ -70.428780273999905, -33.484182551999936 ], [ -70.42846347099993, -33.484275391999915 ], [ -70.428106148999916, -33.484249115999944 ], [ -70.427940552999928, -33.484208177999903 ], [ -70.42774364099995, -33.484159496999951 ], [ -70.427371657999913, -33.484001613999908 ], [ -70.427001688999951, -33.48384380199991 ], [ -70.426672323999924, -33.483707172999914 ], [ -70.426632155999926, -33.483690509999917 ], [ -70.426264910999919, -33.483519284999943 ], [ -70.42589470899992, -33.483365966999941 ], [ -70.425824597999906, -33.48334 ], [ -70.42551642199993, -33.483225859999948 ], [ -70.425384840999925, -33.483185998999943 ], [ -70.425126892999913, -33.483107856999936 ], [ -70.424776767999901, -33.483015179999938 ], [ -70.424731288999908, -33.483003140999926 ], [ -70.424574021999945, -33.482965401999934 ], [ -70.424331861999917, -33.482907289999957 ], [ -70.423930855999913, -33.482815884999923 ], [ -70.423529850999898, -33.48272447699992 ], [ -70.423127940999905, -33.482637538999938 ], [ -70.422724454999923, -33.482555045999902 ], [ -70.42232072999991, -33.482477045999929 ], [ -70.421917007999923, -33.482399045999955 ], [ -70.421512614999926, -33.482321018999926 ], [ -70.42110755199991, -33.482242965999944 ], [ -70.421027346999949, -33.482226521999905 ], [ -70.420705410999915, -33.482160515999908 ], [ -70.420306939999932, -33.482046670999921 ], [ -70.419911389999925, -33.481928429999925 ], [ -70.419514851999907, -33.481841679999945 ], [ -70.419109116999948, -33.481840165999927 ], [ -70.418960025999922, -33.481877595999947 ], [ -70.418713108999953, -33.481939584999907 ], [ -70.418702621999898, -33.481942217999915 ], [ -70.418317264999928, -33.482076578999909 ], [ -70.417938808999907, -33.48222020399993 ], [ -70.417562364999924, -33.482363900999928 ], [ -70.417384995999953, -33.482431079999913 ], [ -70.417183235999914, -33.482507497999904 ], [ -70.416796574999921, -33.482628294999927 ], [ -70.41640478599993, -33.482744394999941 ], [ -70.416017647999922, -33.482874179999953 ], [ -70.415643209999928, -33.483017944999915 ], [ -70.415276970999912, -33.483184534999907 ], [ -70.415255412999898, -33.483195478999903 ], [ -70.414921417999949, -33.483365030999948 ], [ -70.414577893999933, -33.483559485999933 ], [ -70.414236812999945, -33.483758532999957 ], [ -70.413971213999901, -33.48389889099991 ], [ -70.413886383999909, -33.483943719999957 ], [ -70.41351769399995, -33.484105709999938 ], [ -70.41313677799991, -33.484244722999904 ], [ -70.412799703999951, -33.484367974999941 ], [ -70.4127565309999, -33.484383760999947 ], [ -70.412566037999909, -33.484465182999941 ], [ -70.41238807499991, -33.48454124999995 ], [ -70.412037206999912, -33.484721910999951 ], [ -70.411697218999905, -33.484925495999903 ], [ -70.411362831999952, -33.485124782999947 ], [ -70.411030413999924, -33.48533765499991 ], [ -70.410695548999911, -33.485545929999944 ], [ -70.410687346999907, -33.48555061199994 ], [ -70.410354689999906, -33.485740470999929 ], [ -70.410011578999899, -33.485939429999917 ], [ -70.40966779799993, -33.486138363999942 ], [ -70.409319794999931, -33.486328130999937 ], [ -70.40897240299995, -33.486500527999908 ], [ -70.408965126999931, -33.486504138999919 ], [ -70.408600873999944, -33.48667078099993 ], [ -70.408219032999909, -33.486814246999927 ], [ -70.4078269769999, -33.486934812999948 ], [ -70.407640106999906, -33.486990170999945 ], [ -70.407435158999931, -33.487050882999938 ], [ -70.40705201499992, -33.487180784999907 ], [ -70.406707398999913, -33.487357158999941 ], [ -70.406614819999902, -33.487441861999912 ], [ -70.406423548999953, -33.487616861999925 ], [ -70.406056171999921, -33.487778874999947 ], [ -70.405807921999951, -33.487868578999951 ], [ -70.405671876999918, -33.487917738999954 ], [ -70.405317194999952, -33.488093733999904 ], [ -70.404999462999911, -33.48832064599992 ], [ -70.404696438999906, -33.488561615999913 ], [ -70.404390967999916, -33.48879798999991 ], [ -70.404064553999945, -33.489011064999943 ], [ -70.403707421999911, -33.489182458999949 ], [ -70.403546776999917, -33.48924827299993 ], [ -70.403334473999905, -33.489335248999907 ], [ -70.402951077999944, -33.489469632999942 ], [ -70.402560107999932, -33.48959472599995 ], [ -70.402500306999912, -33.489612301999955 ], [ -70.4023183729999, -33.489665772999956 ], [ -70.402165589999925, -33.489710676999948 ], [ -70.401989139999898, -33.489758295999934 ], [ -70.401769535999904, -33.489817561999928 ], [ -70.401369975999899, -33.489901794999923 ], [ -70.401175477999914, -33.489911367999923 ], [ -70.400952960999916, -33.489922319999948 ], [ -70.40053449699991, -33.489906756999915 ], [ -70.400333118999924, -33.489881562999926 ], [ -70.400328992999903, -33.489881046999926 ], [ -70.400319789999912, -33.489879895999934 ], [ -70.400124644999948, -33.48985548099995 ], [ -70.399716417999912, -33.489786247999916 ], [ -70.399416398999904, -33.489669368999955 ], [ -70.399081223999929, -33.489482720999945 ], [ -70.3984824449999, -33.489211155999953 ], [ -70.39785153899993, -33.489115733999938 ], [ -70.397067314999902, -33.489271065999958 ], [ -70.396311897999908, -33.489364144999911 ], [ -70.396282148999944, -33.489367809999919 ], [ -70.395742868999946, -33.489535020999938 ], [ -70.395534759999919, -33.489639905999923 ], [ -70.395377914999926, -33.489670969999906 ], [ -70.395239721999928, -33.489775066999925 ], [ -70.394980344999908, -33.489953771999922 ], [ -70.394757102999904, -33.490205312999933 ], [ -70.394492383999932, -33.490465598999947 ], [ -70.394089567999913, -33.49058571899991 ], [ -70.393698704999906, -33.490607192999903 ], [ -70.393673985999953, -33.490596370999924 ], [ -70.393327679999913, -33.49044473899994 ], [ -70.3929903639999, -33.490229490999923 ], [ -70.392700561999902, -33.489979978999941 ], [ -70.392428242999927, -33.489717606999932 ], [ -70.392156594999904, -33.489455258999953 ], [ -70.391881357999921, -33.489197279999928 ], [ -70.391602097999908, -33.488939150999954 ], [ -70.391307609999899, -33.488689460999922 ], [ -70.391008622999948, -33.488448611999956 ], [ -70.39070896699991, -33.488207737999915 ], [ -70.390407732999904, -33.487971306999953 ], [ -70.390103385999907, -33.487730255999907 ], [ -70.389794539999912, -33.487498044999938 ], [ -70.389548889999901, -33.48731999499995 ], [ -70.389480092999918, -33.48727012899991 ], [ -70.389158894999923, -33.487055470999906 ], [ -70.388826060999918, -33.486844883999936 ], [ -70.388481782999918, -33.486647381999944 ], [ -70.388133694999908, -33.486530519999917 ], [ -70.387810409999929, -33.486453922999942 ], [ -70.387506340999948, -33.486378041999956 ], [ -70.387238144999912, -33.486351903999946 ], [ -70.386703459999922, -33.486267417999954 ], [ -70.386223865999909, -33.486233391999917 ], [ -70.385750258999906, -33.486086640999929 ], [ -70.385671128999945, -33.486064517999921 ], [ -70.3853203729999, -33.485966453999936 ], [ -70.384920989999898, -33.485870477999924 ], [ -70.384525438999901, -33.48576563499995 ], [ -70.384132379999926, -33.485651876999952 ], [ -70.383741570999916, -33.485533697999927 ], [ -70.383355936999919, -33.485406701999921 ], [ -70.382981317999906, -33.485262100999932 ], [ -70.382634377999921, -33.485064482999917 ], [ -70.382307171999912, -33.484849584999949 ], [ -70.382133659999909, -33.48473178799992 ], [ -70.381984229999944, -33.484630340999956 ], [ -70.381644432999906, -33.484437490999937 ], [ -70.381295681999916, -33.484248810999929 ], [ -70.381291803999943, -33.484246581999912 ], [ -70.380952102999913, -33.484051314999931 ], [ -70.380625336999913, -33.483840932999954 ], [ -70.380303074999915, -33.483621709999909 ], [ -70.379967354999906, -33.483415496999953 ], [ -70.379626944999927, -33.483209106999936 ], [ -70.37951626499995, -33.483151309999926 ], [ -70.379273938999916, -33.483024765999915 ], [ -70.378845633999902, -33.482983711999907 ], [ -70.378471286999911, -33.483008794999932 ], [ -70.378193121999914, -33.48297886499995 ], [ -70.377775354999926, -33.482943716999955 ], [ -70.377429461999952, -33.482872182999927 ], [ -70.376946047999922, -33.482756435999931 ], [ -70.37643625499993, -33.482652977999919 ], [ -70.376021193999918, -33.482637460999911 ], [ -70.375606562999906, -33.482626462999917 ], [ -70.375191646999951, -33.482633467999904 ], [ -70.374779365999927, -33.482654082999943 ], [ -70.374366556999917, -33.482697196999936 ], [ -70.373953985999947, -33.482735813999909 ], [ -70.37385790299993, -33.482745848999912 ], [ -70.373541177999925, -33.482778924999934 ], [ -70.373126451999951, -33.482794937999927 ], [ -70.372713882999903, -33.482833550999942 ], [ -70.372306149999929, -33.482894863999945 ], [ -70.371901290999915, -33.482965290999914 ], [ -70.371496381999918, -33.483049226999924 ], [ -70.37138404399991, -33.48307004399993 ], [ -70.371091951999915, -33.48312416999994 ], [ -70.3706899149999, -33.483217218999926 ], [ -70.370304975999943, -33.483342433999951 ], [ -70.369938233999903, -33.483504361999906 ], [ -70.369575705999921, -33.483675452999933 ], [ -70.369297014999916, -33.483812247999936 ], [ -70.369217629999923, -33.483851213999912 ], [ -70.368856438999899, -33.484022353999933 ], [ -70.368475038999918, -33.48415670299994 ], [ -70.368070121999949, -33.484240626999906 ], [ -70.367672532999904, -33.484338335999951 ], [ -70.367304010999931, -33.48449568399991 ], [ -70.366947027999913, -33.484675981999942 ], [ -70.366579604999913, -33.484837873999936 ], [ -70.366194653999912, -33.484963074999939 ], [ -70.365804576999949, -33.485083578999934 ], [ -70.365411625999911, -33.485194965999938 ], [ -70.365018003999921, -33.485306325999943 ], [ -70.365001752999945, -33.485311142999933 ], [ -70.364626823999913, -33.485422279999909 ], [ -70.364495477999924, -33.48546633199993 ], [ -70.364240286999916, -33.485551919999921 ], [ -70.363860404999912, -33.485695318999944 ], [ -70.363793565999913, -33.485721783999907 ], [ -70.363486315999921, -33.485843437999904 ], [ -70.363118210999914, -33.486005292999948 ], [ -70.36275834199995, -33.486176462999936 ], [ -70.36240512899991, -33.486361392999925 ], [ -70.362058619999914, -33.486546573999931 ], [ -70.361875669999904, -33.486653442999909 ], [ -70.361718093999912, -33.486745489999919 ], [ -70.361392887999898, -33.486972003999938 ], [ -70.361024698999927, -33.487092959999927 ], [ -70.360578448999945, -33.487154360999909 ], [ -70.359871125999916, -33.487181231999955 ], [ -70.359552594999911, -33.487154941999904 ], [ -70.359226849999914, -33.487142718999905 ], [ -70.358857697999952, -33.487070259999939 ], [ -70.358576214999914, -33.486993219999931 ], [ -70.358444095999914, -33.486957059999952 ], [ -70.358103423999921, -33.486787990999915 ], [ -70.357579741999928, -33.486553443999924 ], [ -70.357353323999916, -33.486427732999914 ], [ -70.357078287999911, -33.486339265999902 ], [ -70.356731364999916, -33.486287169999912 ], [ -70.356526960999929, -33.486279494999906 ], [ -70.356289288999903, -33.48627057099992 ], [ -70.355708652999908, -33.486229232999904 ], [ -70.35526657999992, -33.486212630999944 ], [ -70.354914443999917, -33.486258010999904 ], [ -70.354516818999912, -33.486282145999951 ], [ -70.354164682999908, -33.486327522999943 ], [ -70.353789278999898, -33.486372026999902 ], [ -70.35341498899993, -33.486511647999919 ], [ -70.353313503999914, -33.486549503999925 ], [ -70.352852647999953, -33.486883822999914 ], [ -70.352576883999916, -33.487244629999907 ], [ -70.352271464999944, -33.487664109999912 ], [ -70.352072713999917, -33.487931393999929 ], [ -70.351856169999905, -33.488248867999914 ], [ -70.351719914999933, -33.488572534999946 ], [ -70.351613110999949, -33.488910820999934 ], [ -70.351571559999911, -33.489028225999903 ], [ -70.351491983999949, -33.489253072999929 ], [ -70.35142027899991, -33.489574984999933 ], [ -70.35128097899991, -33.48988137799995 ], [ -70.351147834999949, -33.490181105999909 ], [ -70.3511217759999, -33.490215935999913 ], [ -70.350922838999907, -33.490481834999912 ], [ -70.350656956999899, -33.490616627999941 ], [ -70.3506569299999, -33.490616641999907 ], [ -70.350630183999954, -33.490630200999931 ], [ -70.350607187999913, -33.490624894999939 ], [ -70.350571413999944, -33.490616641999907 ], [ -70.350571375999948, -33.490616632999945 ], [ -70.350571336999906, -33.490616623999927 ], [ -70.350188621999905, -33.490528325999946 ], [ -70.349950548999914, -33.490473219999956 ], [ -70.34974574499995, -33.490425814999924 ], [ -70.349039228999914, -33.490214174999949 ], [ -70.348551911999948, -33.49003390799993 ], [ -70.348188817999926, -33.489881022999953 ], [ -70.348116528999924, -33.489843249999922 ], [ -70.347835865999912, -33.489696594999941 ], [ -70.347484014999907, -33.489516712999944 ], [ -70.34713600099991, -33.489327964999916 ], [ -70.346790481999903, -33.489130302999911 ], [ -70.346451910999917, -33.488928396999938 ], [ -70.346130156999948, -33.488713610999923 ], [ -70.345823450999944, -33.488481374999935 ], [ -70.345518327999912, -33.488244694999935 ], [ -70.345201326999927, -33.488016573999914 ], [ -70.344886337999924, -33.487788527999953 ], [ -70.34474186999995, -33.487665828999923 ], [ -70.344597794999913, -33.487543461999906 ], [ -70.344322287999944, -33.487280868999903 ], [ -70.344051475999947, -33.487018452999905 ], [ -70.343791876999944, -33.486747450999928 ], [ -70.343530266999949, -33.486476372999903 ], [ -70.343302022999922, -33.486332271999913 ], [ -70.343195128999923, -33.486264784999946 ], [ -70.342885177999904, -33.486072648999937 ], [ -70.342550833999951, -33.485891065999908 ], [ -70.342216808999922, -33.485730056999955 ], [ -70.341882942999916, -33.485579333999908 ], [ -70.341549881999924, -33.485357605999923 ], [ -70.341411489999928, -33.485265472999913 ], [ -70.341148910999948, -33.484959637999907 ], [ -70.340945125999951, -33.484730568999908 ], [ -70.34064606599992, -33.484494105999943 ], [ -70.340391847999911, -33.48422329999994 ], [ -70.3401775399999, -33.483922469999925 ], [ -70.339964573999907, -33.48362168999995 ], [ -70.339737717999924, -33.483329393999952 ], [ -70.339512874999912, -33.483037173999946 ], [ -70.339508965999926, -33.483032107999918 ], [ -70.339287359999901, -33.482744927999931 ], [ -70.339061848999904, -33.482452682999906 ], [ -70.338834327999905, -33.482160359999909 ], [ -70.338605896999923, -33.481872507999924 ], [ -70.338374113999919, -33.481584527999928 ], [ -70.33813897899995, -33.481296421999957 ], [ -70.337893066999925, -33.481021420999923 ], [ -70.33763350299995, -33.480750408999938 ], [ -70.337372171999903, -33.48047482599992 ], [ -70.337120898999899, -33.48019962099994 ], [ -70.336892478999914, -33.47991176599993 ], [ -70.336778443999947, -33.479745598999955 ], [ -70.336686237999913, -33.479611234999936 ], [ -70.336508452999908, -33.479293760999951 ], [ -70.33634834399993, -33.478972448999912 ], [ -70.336166725999931, -33.478663837999932 ], [ -70.335971030999929, -33.47835469599994 ], [ -70.335765466999931, -33.478054189999909 ], [ -70.335712527999931, -33.477965143999938 ], [ -70.33558354999991, -33.477748197999915 ], [ -70.335424979999914, -33.477433665999911 ], [ -70.335108635999916, -33.477159875999916 ], [ -70.335060203999944, -33.47712142499995 ], [ -70.334805271999926, -33.476919019999912 ], [ -70.334520868999903, -33.476660576999905 ], [ -70.334180310999898, -33.476472077999915 ], [ -70.3338686539999, -33.476360847999956 ], [ -70.333799312999929, -33.476336098999923 ], [ -70.333400774999916, -33.476226480999912 ], [ -70.333000171999913, -33.476130295999951 ], [ -70.332580605999908, -33.475999052999953 ], [ -70.332152906999909, -33.475873689999958 ], [ -70.331773442999918, -33.475659130999929 ], [ -70.331677070999945, -33.475576648999947 ], [ -70.331461943999898, -33.475392523999915 ], [ -70.331187944999954, -33.475236552999945 ], [ -70.330829189999918, -33.475040974999956 ], [ -70.330511836999904, -33.474883366999904 ], [ -70.330129453999916, -33.474723301999916 ], [ -70.329767771999911, -33.474582220999935 ], [ -70.329342038999926, -33.474420516999942 ], [ -70.329124139999919, -33.474357747999932 ], [ -70.329025470999909, -33.474329325999918 ], [ -70.32897840499993, -33.47431576699995 ], [ -70.328613796999946, -33.474229184999956 ], [ -70.328251144999911, -33.474106265999922 ], [ -70.327891423999915, -33.473928847999957 ], [ -70.3275336559999, -33.473715094999932 ], [ -70.327528466999922, -33.473712802999955 ], [ -70.327172964999932, -33.47355584099995 ], [ -70.326822631999903, -33.473451429999955 ], [ -70.326441903999921, -33.473310935999905 ], [ -70.326049853999905, -33.473206043999937 ], [ -70.325643615999923, -33.473127637999937 ], [ -70.325234400999932, -33.473067132999915 ], [ -70.324820512999906, -33.473055994999925 ], [ -70.324782366999898, -33.473055790999922 ], [ -70.324404133999906, -33.473053767999943 ], [ -70.32399145699992, -33.473020150999957 ], [ -70.323580177999929, -33.472973074999913 ], [ -70.323171394999918, -33.472917084999949 ], [ -70.322757433999925, -33.472869904999925 ], [ -70.322343044999911, -33.472818202999918 ], [ -70.322310013999925, -33.472813688999906 ], [ -70.321932922999906, -33.472762158999956 ], [ -70.321531385999947, -33.472683916999927 ], [ -70.321145863999902, -33.472570247999954 ], [ -70.320788781999909, -33.472390096999902 ], [ -70.32045374899991, -33.472174747999929 ], [ -70.32013437899991, -33.471955485999956 ], [ -70.319834321999906, -33.47171443499991 ], [ -70.319551082999908, -33.47146050899994 ], [ -70.319287340999949, -33.471193807999953 ], [ -70.31904267199991, -33.470909811999945 ], [ -70.318867479999938, -33.470688932999906 ], [ -70.3188143349999, -33.470621929999936 ], [ -70.318664031999901, -33.470419736999929 ], [ -70.318593859999908, -33.470325337999952 ], [ -70.318372042999954, -33.470028694999939 ], [ -70.318147304999911, -33.46973644499991 ], [ -70.317925250999906, -33.469444294999903 ], [ -70.317699175999905, -33.469151993999958 ], [ -70.31746255999991, -33.468868300999929 ], [ -70.317208704999928, -33.468592962999935 ], [ -70.316951068999913, -33.468312975999936 ], [ -70.316694103999907, -33.468033015999936 ], [ -70.31648604399993, -33.467804776999913 ], [ -70.316434703999903, -33.467748457999903 ], [ -70.316169884999908, -33.467477206999945 ], [ -70.315898122999954, -33.46721019499995 ], [ -70.315616919999911, -33.466956336999942 ], [ -70.315324025999928, -33.466720051999914 ], [ -70.315017181999906, -33.466505756999936 ], [ -70.314657041999908, -33.466370512999902 ], [ -70.314239341999951, -33.466318659999956 ], [ -70.313804341999912, -33.466288669999926 ], [ -70.313391633999913, -33.466218987999923 ], [ -70.31299561599991, -33.466113906999908 ], [ -70.312594603999912, -33.466026649999947 ], [ -70.312189272999944, -33.465957243999924 ], [ -70.311786253999912, -33.465869908999935 ], [ -70.311383235999926, -33.46578257199991 ], [ -70.310975594999945, -33.465731090999952 ], [ -70.310560653999914, -33.465715360999923 ], [ -70.31014595399995, -33.465695134999919 ], [ -70.30973077099992, -33.465683897999952 ], [ -70.309316441999954, -33.465681698999958 ], [ -70.308888587999945, -33.465650685999947 ], [ -70.30845761799992, -33.465576780999925 ], [ -70.308004835999952, -33.465482859999952 ], [ -70.30761956099991, -33.465410684999938 ], [ -70.307279974999915, -33.465340241999911 ], [ -70.306961168999919, -33.465308959999902 ], [ -70.306791989999908, -33.465269343999921 ], [ -70.306579916999908, -33.46521968299993 ], [ -70.306258299999911, -33.465086019999944 ], [ -70.305816749999906, -33.464885091999918 ], [ -70.305548371999919, -33.464831851999918 ], [ -70.305227223999907, -33.464729328999908 ], [ -70.304899833999912, -33.464626888999931 ], [ -70.30484746399992, -33.464597320999928 ], [ -70.304625567999949, -33.464472038999929 ], [ -70.304321251999909, -33.464172683999948 ], [ -70.304017972999929, -33.463854179999942 ], [ -70.303779282999926, -33.46359801299991 ], [ -70.30375856899991, -33.463579982999931 ], [ -70.303492524999911, -33.463348422999957 ], [ -70.303207350999912, -33.463094387999945 ], [ -70.302921509999919, -33.462840327999913 ], [ -70.302634754999929, -33.462590736999914 ], [ -70.302354947999902, -33.462336903999926 ], [ -70.302087025999924, -33.462074514999927 ], [ -70.30182562199991, -33.461803364999923 ], [ -70.301824518999922, -33.461802199999909 ], [ -70.301568912999926, -33.461532392999914 ], [ -70.30131470099991, -33.461252507999916 ], [ -70.301058907999902, -33.460977064999952 ], [ -70.300804457999902, -33.460701673999949 ], [ -70.300562559999946, -33.460417751999955 ], [ -70.300356053999906, -33.460148037999943 ], [ -70.30034235699992, -33.460130147999905 ], [ -70.300140980999913, -33.459829749999926 ], [ -70.299951730999908, -33.459516298999915 ], [ -70.299903144999917, -33.45945007499995 ], [ -70.299778502999914, -33.459280183999908 ], [ -70.299546895999924, -33.458906832999958 ], [ -70.299384624999902, -33.458600900999954 ], [ -70.299380714999927, -33.458593527999938 ], [ -70.299171952999927, -33.458221045999949 ], [ -70.299011983999947, -33.457792854999923 ], [ -70.298970266999902, -33.457520080999927 ], [ -70.298956856999951, -33.457119218999935 ], [ -70.299011311999948, -33.456872848999922 ], [ -70.299154038999916, -33.456435981999903 ], [ -70.299260940999943, -33.456152241999916 ], [ -70.299294085999918, -33.456027985999924 ], [ -70.299347073999911, -33.455829336999955 ], [ -70.299409325999932, -33.455524711999942 ], [ -70.29941442899991, -33.455181213999936 ], [ -70.299415716999931, -33.454834466999955 ], [ -70.299405183999909, -33.454482767999934 ], [ -70.299383253999906, -33.454130634999956 ], [ -70.299349018999919, -33.453782539999906 ], [ -70.299302475999923, -33.453438479999932 ], [ -70.299242770999911, -33.453089416999944 ], [ -70.299160646999951, -33.452757516999952 ], [ -70.298962272999916, -33.452439215999902 ], [ -70.298737633999906, -33.452239515999906 ], [ -70.298676475999912, -33.452185147999955 ], [ -70.298327811999911, -33.452000754999915 ], [ -70.297939855999914, -33.451859903999946 ], [ -70.297699315999921, -33.451789976999919 ], [ -70.297547760999919, -33.451745917999915 ], [ -70.297149760999901, -33.451654224999913 ], [ -70.296746157999905, -33.451566822999951 ], [ -70.296340056999952, -33.45148833099995 ], [ -70.295934812999917, -33.451418878999903 ], [ -70.295529809999948, -33.451344930999937 ], [ -70.295121885999947, -33.45127537299993 ], [ -70.295114879999915, -33.45127425499993 ], [ -70.294714389999911, -33.451210334999928 ], [ -70.294307808999918, -33.451140825999914 ], [ -70.29389872999991, -33.451080228999956 ], [ -70.293487094999932, -33.451042051999934 ], [ -70.293343662999916, -33.451028761999908 ], [ -70.292853152999953, -33.451007253999933 ], [ -70.292727525999908, -33.451002473999949 ], [ -70.292256363999911, -33.450984548999941 ], [ -70.291248169999903, -33.451196834999905 ], [ -70.290533846999949, -33.451503848999948 ], [ -70.289315411999951, -33.45191699399993 ], [ -70.28915341499993, -33.451929267999958 ], [ -70.2882145129999, -33.452000397999939 ], [ -70.286564291999923, -33.452104640999949 ], [ -70.286034919999906, -33.452190040999938 ], [ -70.285307410999906, -33.452307405999932 ], [ -70.284285618999945, -33.452769763999925 ], [ -70.28424414299991, -33.452811700999916 ], [ -70.283427136999933, -33.453637766999918 ], [ -70.282955664999918, -33.454502383999909 ], [ -70.282752271999925, -33.455120983999905 ], [ -70.282712115999914, -33.455321828999956 ], [ -70.281836916999907, -33.45535433099991 ], [ -70.2816183139999, -33.455362447999903 ], [ -70.280625587999907, -33.455011384999921 ], [ -70.27965581299992, -33.45451486099995 ], [ -70.279250340999909, -33.454317592999928 ], [ -70.279226679999908, -33.454306080999913 ], [ -70.278204295999899, -33.453808666999919 ], [ -70.277050656999904, -33.453414557999906 ], [ -70.276681718999953, -33.453276277999919 ], [ -70.276002562999906, -33.453021719999924 ], [ -70.275517748999903, -33.452409393999915 ], [ -70.275480072999926, -33.452332407999904 ], [ -70.275173218999953, -33.451705398999934 ], [ -70.274524682999925, -33.450809891999938 ], [ -70.273465548999923, -33.449780680999936 ], [ -70.273297957999944, -33.449605859999906 ], [ -70.273034005999932, -33.449334556999929 ], [ -70.272777484999949, -33.449122879999948 ], [ -70.272736417999909, -33.449088991999929 ], [ -70.27241366699991, -33.448873990999914 ], [ -70.272081046999915, -33.448667619999924 ], [ -70.271741906999921, -33.448470005999923 ], [ -70.271396491999951, -33.448276654999916 ], [ -70.271395038999913, -33.448275817999956 ], [ -70.27105266399991, -33.448078859999953 ], [ -70.270714868999903, -33.447881294999945 ], [ -70.270604619999915, -33.44780727199992 ], [ -70.270387680999931, -33.447661614999902 ], [ -70.270069205999903, -33.447442268999907 ], [ -70.269755242999906, -33.447214084999928 ], [ -70.269443537999905, -33.446981483999934 ], [ -70.269130671999903, -33.446757845999912 ], [ -70.268814703999908, -33.446529583999904 ], [ -70.268614719999903, -33.446390296999937 ], [ -70.268493131999946, -33.446305610999957 ], [ -70.268166805999954, -33.446094966999908 ], [ -70.267861699999912, -33.445930548999911 ], [ -70.267542560999914, -33.445761002999916 ], [ -70.267132646999926, -33.44551224199995 ], [ -70.266795772999899, -33.445312919999935 ], [ -70.26662850699995, -33.445235820999926 ], [ -70.266433501999927, -33.445145933999925 ], [ -70.266051426999923, -33.445009715999902 ], [ -70.265660331999925, -33.444891165999934 ], [ -70.265315228999953, -33.444803405999949 ], [ -70.265264237999929, -33.444790438999917 ], [ -70.26487381599992, -33.444671911999933 ], [ -70.264484978999917, -33.444548941999926 ], [ -70.264095899999916, -33.444430463999936 ], [ -70.264088822999952, -33.44442831899994 ], [ -70.263704810999911, -33.444311908999907 ], [ -70.26330646699995, -33.44421559299991 ], [ -70.262897080999949, -33.444186409999929 ], [ -70.26248122699991, -33.444202014999917 ], [ -70.262066042999948, -33.444217643999934 ], [ -70.261651349999909, -33.444224282999926 ], [ -70.261236409999924, -33.444235414999923 ], [ -70.260822631999929, -33.444237581999914 ], [ -70.260409894999952, -33.44420826299995 ], [ -70.259999481999898, -33.444161014999906 ], [ -70.259599048999917, -33.444079092999914 ], [ -70.259138657999927, -33.44393320599994 ], [ -70.258735421999916, -33.443885381999905 ], [ -70.258301375999906, -33.443848252999942 ], [ -70.258064286999911, -33.443802814999913 ], [ -70.257941185999925, -33.443779221999932 ], [ -70.257607746999952, -33.443664034999927 ], [ -70.257254524999951, -33.443479354999909 ], [ -70.256917698999928, -33.443277287999933 ], [ -70.256593245999909, -33.443057678999935 ], [ -70.256274155999904, -33.442838275999918 ], [ -70.255952876999913, -33.442609778999952 ], [ -70.255664990999946, -33.44236004399994 ], [ -70.255454612999927, -33.442068242999937 ], [ -70.255297792999897, -33.441742465999937 ], [ -70.255129091999947, -33.441425239999944 ], [ -70.255029102999913, -33.441081105999956 ], [ -70.254901288999918, -33.440628740999955 ], [ -70.254700868999919, -33.440109667999934 ], [ -70.254493488999913, -33.439718175999928 ], [ -70.25409589599991, -33.439319388999934 ], [ -70.253573733999929, -33.439107591999914 ], [ -70.252780053999913, -33.438981259999935 ], [ -70.252622983999913, -33.438969223999948 ], [ -70.251944846999947, -33.438917254999922 ], [ -70.250922913999943, -33.438782154999956 ], [ -70.250029047999931, -33.438396268999952 ], [ -70.249446494999916, -33.437894482999923 ], [ -70.249338936999948, -33.437820168999906 ], [ -70.249331601999927, -33.437815100999956 ], [ -70.248564839999915, -33.437285325999937 ], [ -70.24827743599991, -33.437207603999923 ], [ -70.247738369999922, -33.437061820999929 ], [ -70.246148722999919, -33.43671379999995 ], [ -70.24596783699991, -33.436674197999935 ], [ -70.245517143999905, -33.436493513999949 ], [ -70.244997932999922, -33.436285358999953 ], [ -70.244754476999901, -33.436247690999949 ], [ -70.243375945999901, -33.43603440399994 ], [ -70.243209080999918, -33.436008585999957 ], [ -70.242875887999901, -33.435615206999955 ], [ -70.242415877999917, -33.435072092999917 ], [ -70.242522420999933, -33.434441396999944 ], [ -70.242779645999917, -33.433575097999949 ], [ -70.24279144399992, -33.432716754999944 ], [ -70.242285049999907, -33.432217865999917 ], [ -70.241929945999914, -33.43199902899994 ], [ -70.241731906999917, -33.431876984999917 ], [ -70.241458992999924, -33.431291184999907 ], [ -70.241218886999945, -33.430802530999927 ], [ -70.240359695999928, -33.430481840999903 ], [ -70.240105843999913, -33.43042418899995 ], [ -70.239343126999927, -33.430250970999907 ], [ -70.23882629499991, -33.429943435999917 ], [ -70.238786248999929, -33.429901667999957 ], [ -70.238285391999909, -33.42937928099991 ], [ -70.237485582999909, -33.427974166999945 ], [ -70.23701634899993, -33.427123029999905 ], [ -70.23699234399993, -33.427074193999943 ], [ -70.236695866999924, -33.426471018999905 ], [ -70.236317845999906, -33.425963948999936 ], [ -70.236160930999915, -33.425171491999947 ], [ -70.236221751999949, -33.424601545999906 ], [ -70.236146052999914, -33.42389548299991 ], [ -70.235916332999921, -33.423641494999913 ], [ -70.235786651999945, -33.423498113999926 ], [ -70.235271827999952, -33.423331849999954 ], [ -70.2351766459999, -33.423301110999944 ], [ -70.234887776999926, -33.423207819999902 ], [ -70.234506304999911, -33.42306620699992 ], [ -70.234215368999912, -33.422958201999904 ], [ -70.233659786999908, -33.422560240999928 ], [ -70.233555193999905, -33.422485321999943 ], [ -70.232825944999945, -33.421881933999941 ], [ -70.232565852999926, -33.421690395999917 ], [ -70.232093212999928, -33.421342329999902 ], [ -70.231135780999921, -33.420730140999922 ], [ -70.230282924999926, -33.420116345999929 ], [ -70.230106827999919, -33.419934280999939 ], [ -70.22976803499995, -33.419584005999923 ], [ -70.22976000299991, -33.419579994999935 ], [ -70.228954510999927, -33.419177788999946 ], [ -70.228266794999911, -33.418697540999915 ], [ -70.227292640999906, -33.41783334899992 ], [ -70.226537685999915, -33.417005206999931 ], [ -70.226270259999922, -33.416632805999939 ], [ -70.226108047999901, -33.416406920999918 ], [ -70.225971154999911, -33.416216290999955 ], [ -70.225060598999903, -33.415446062999933 ], [ -70.22410153699991, -33.414865722999934 ], [ -70.223935316999928, -33.414818865999905 ], [ -70.223313387999951, -33.414643544999933 ], [ -70.222769747999905, -33.414461067999923 ], [ -70.222452683999904, -33.414354640999932 ], [ -70.221479641999906, -33.414029430999904 ], [ -70.220913192999944, -33.413590511999928 ], [ -70.220785080999917, -33.413491240999917 ], [ -70.220195860999922, -33.413116918999947 ], [ -70.21938371899995, -33.412638101999903 ], [ -70.219069802999911, -33.412325162999934 ], [ -70.218950131999918, -33.41220586299994 ], [ -70.21849603499993, -33.411453219999942 ], [ -70.218085226999904, -33.410606364999921 ], [ -70.217803461999949, -33.409869527999945 ], [ -70.217669846999911, -33.409520109999903 ], [ -70.217403739999952, -33.408790218999911 ], [ -70.217188345999944, -33.407855027999915 ], [ -70.216972954999903, -33.406919836999919 ], [ -70.216921935999949, -33.405767268999909 ], [ -70.216922955999905, -33.404361021999932 ], [ -70.217113592999908, -33.403665245999946 ], [ -70.217720755999949, -33.403017517999956 ], [ -70.217976966999913, -33.402655725999921 ], [ -70.218051223999908, -33.402550866999945 ], [ -70.218127770999899, -33.401850679999939 ], [ -70.218037302999903, -33.401474346999919 ], [ -70.217941647999908, -33.401076426999907 ], [ -70.217800593999925, -33.400710552999954 ], [ -70.217741517999912, -33.400557320999951 ], [ -70.217309243999921, -33.40005001499992 ], [ -70.216993793999904, -33.399601565999944 ], [ -70.216657748999921, -33.399153750999915 ], [ -70.21642569799991, -33.398844514999951 ], [ -70.215847099999905, -33.398278822999941 ], [ -70.215361070999904, -33.397643629999948 ], [ -70.214947541999948, -33.396921457999952 ], [ -70.214379111999904, -33.395939924999936 ], [ -70.213330393999911, -33.395477787999937 ], [ -70.212427172999924, -33.395334064999929 ], [ -70.211182975999918, -33.395094184999948 ], [ -70.210857843999918, -33.395002479999903 ], [ -70.210132400999953, -33.394797861999905 ], [ -70.20908686599995, -33.394399252999904 ], [ -70.209012806999908, -33.394371016999912 ], [ -70.208275187999902, -33.393926982999915 ], [ -70.207171407999908, -33.393213084999957 ], [ -70.20653272699991, -33.392903148999949 ], [ -70.206169420999913, -33.392726843999924 ], [ -70.205905146999953, -33.392629051999904 ], [ -70.205263382999931, -33.392391571999951 ], [ -70.205011853999906, -33.392298493999931 ], [ -70.204406159999905, -33.392102661999957 ], [ -70.203776507999919, -33.391899080999906 ], [ -70.203572762999897, -33.391736965999939 ], [ -70.203169254999921, -33.391415895999955 ], [ -70.203038960999947, -33.391189164999957 ], [ -70.202805070999943, -33.390782154999954 ], [ -70.202711740999916, -33.390584277999949 ], [ -70.202531863999923, -33.390284784999949 ], [ -70.202390832999924, -33.390056785999946 ], [ -70.202147020999917, -33.389662622999936 ], [ -70.2016621759999, -33.388780892999932 ], [ -70.20117366799991, -33.387766930999931 ], [ -70.200901409999915, -33.387194910999938 ], [ -70.200510525999903, -33.386604378999948 ], [ -70.200435048999907, -33.386490346999949 ], [ -70.199986613999954, -33.385999290999905 ], [ -70.199487753999904, -33.385372699999948 ], [ -70.199025160999952, -33.384779472999924 ], [ -70.198748424999906, -33.384233406999954 ], [ -70.198799058999953, -33.383834409999906 ], [ -70.198855287999947, -33.383391335999931 ], [ -70.198886663999929, -33.383144107999954 ], [ -70.198866131999921, -33.382581288999916 ], [ -70.198856306999915, -33.382311950999906 ], [ -70.198706637999919, -33.381571052999902 ], [ -70.198593084999914, -33.381262404999916 ], [ -70.19857905799995, -33.381224281999948 ], [ -70.198408420999954, -33.380760471999906 ], [ -70.197916627999916, -33.380006306999917 ], [ -70.197502501999907, -33.379510998999933 ], [ -70.197309042999905, -33.379279611999948 ], [ -70.197064131999923, -33.378782479999927 ], [ -70.195929545999945, -33.378043561999903 ], [ -70.195849204999945, -33.377996499999938 ], [ -70.195474516999923, -33.377777014999936 ], [ -70.195228388999908, -33.377632836999908 ], [ -70.19459095499991, -33.377448300999902 ], [ -70.194241285999908, -33.377322539999909 ], [ -70.193993297999953, -33.377233347999947 ], [ -70.193781735999949, -33.377001631999917 ], [ -70.193469070999924, -33.376659174999929 ], [ -70.193418501999929, -33.376603787999954 ], [ -70.193184065999901, -33.376019397999926 ], [ -70.193179797999903, -33.375633303999905 ], [ -70.193179715999918, -33.375625764999938 ], [ -70.193177704999925, -33.375443859999905 ], [ -70.193188047999911, -33.37541699499991 ], [ -70.193311079999944, -33.375097469999957 ], [ -70.193429972999922, -33.374920301999907 ], [ -70.193836878999946, -33.374542582999936 ], [ -70.194208869999898, -33.374013686999945 ], [ -70.19426292199995, -33.37380935099992 ], [ -70.194401344999903, -33.373286058999952 ], [ -70.194374538999909, -33.37239011999992 ], [ -70.194152408999912, -33.371582484999919 ], [ -70.193910944999914, -33.371125666999944 ], [ -70.193558969999913, -33.370600637999928 ], [ -70.192899405999924, -33.370127593999939 ], [ -70.192455595999945, -33.369886644999951 ], [ -70.192257015999928, -33.369547849999947 ], [ -70.192246681999904, -33.36943 ], [ -70.192221226999948, -33.369139679999932 ], [ -70.192180569999948, -33.368866788999924 ], [ -70.192178897999952, -33.368858678999914 ], [ -70.192111342999908, -33.368530936999946 ], [ -70.192186274999926, -33.367862670999955 ], [ -70.192162491999909, -33.367731667999919 ], [ -70.192069402999948, -33.367218923999928 ], [ -70.191800500999932, -33.366569272999925 ], [ -70.191196566999906, -33.36577877499991 ], [ -70.19111644599991, -33.365696256999911 ], [ -70.190583852999907, -33.365147734999937 ], [ -70.189965869999924, -33.364612368999929 ], [ -70.189364300999898, -33.36426991299993 ], [ -70.188821073999918, -33.363960662999943 ], [ -70.187520749999919, -33.363366821999932 ], [ -70.18705678099991, -33.363137049999921 ], [ -70.1868904829999, -33.363054692999924 ], [ -70.186171882999929, -33.362962847999938 ], [ -70.185990470999911, -33.362910235999948 ], [ -70.185511815999917, -33.362771416999919 ], [ -70.184721780999951, -33.362501750999911 ], [ -70.183780102999947, -33.362435405999918 ], [ -70.182880935999947, -33.362591619999932 ], [ -70.182184276999919, -33.362575449999952 ], [ -70.182144598999912, -33.362574528999914 ], [ -70.181594295999901, -33.362401352999939 ], [ -70.181470460999947, -33.361885168999947 ], [ -70.181510980999917, -33.361151651999933 ], [ -70.181423823999921, -33.360620196999946 ], [ -70.181315532999918, -33.360338880999905 ], [ -70.181191681999906, -33.360017140999958 ], [ -70.180534435999903, -33.35910053899994 ], [ -70.180169655999919, -33.358736435999958 ], [ -70.179528127999902, -33.358096089999947 ], [ -70.178341162999914, -33.357158863999928 ], [ -70.177230224999903, -33.356447340999921 ], [ -70.177216899999905, -33.356353658999922 ], [ -70.177166506999924, -33.35599934399994 ], [ -70.177209760999915, -33.355700541999909 ], [ -70.177412180999909, -33.355337859999906 ], [ -70.177572910999913, -33.355049875999953 ], [ -70.178332461999901, -33.35411414899994 ], [ -70.178338238999913, -33.354104903999939 ], [ -70.179011891999949, -33.353026792999913 ], [ -70.179206353999916, -33.352717989999917 ], [ -70.179787775999898, -33.351794678999909 ], [ -70.180240214999912, -33.350544804999913 ], [ -70.180093891999945, -33.350270533999947 ], [ -70.179849339999919, -33.349812130999908 ], [ -70.179593975999921, -33.349531365999951 ], [ -70.179060449999952, -33.348944763999953 ], [ -70.176998961999914, -33.347824992999904 ], [ -70.17614889999993, -33.347197873999903 ], [ -70.175836723999907, -33.346443190999935 ], [ -70.17588586699992, -33.34555406699991 ], [ -70.177170919999924, -33.344713054999943 ], [ -70.178014552999912, -33.343854849999957 ], [ -70.178363781999906, -33.342676119999908 ], [ -70.178449523999916, -33.342386715999908 ], [ -70.178942734999907, -33.341548505999924 ], [ -70.179132934999927, -33.341225256999905 ], [ -70.179335410999897, -33.341046595999956 ], [ -70.180341889999909, -33.340158487999929 ], [ -70.18066402799991, -33.339751774999911 ], [ -70.18119771399995, -33.339077971999927 ], [ -70.181529058999899, -33.33865962099992 ], [ -70.182053512999914, -33.337997446999907 ], [ -70.18222533799991, -33.337050610999938 ], [ -70.18230774299991, -33.33659651499994 ], [ -70.182301179999911, -33.336560336999923 ], [ -70.18224996899994, -33.336278043999926 ], [ -70.182226836999916, -33.336150535999934 ], [ -70.182179984999948, -33.33589227199991 ], [ -70.18210425399991, -33.335474808999948 ], [ -70.181835188999912, -33.334177649999958 ], [ -70.181824761999906, -33.334127379999927 ], [ -70.181800210999938, -33.333983161999925 ], [ -70.181793073999927, -33.33394123599993 ], [ -70.18167397499991, -33.33324161999991 ], [ -70.181557544999919, -33.332557673999929 ], [ -70.181230035999931, -33.33101787399994 ], [ -70.181809327999929, -33.329597333999914 ], [ -70.18219330799991, -33.32862229999995 ], [ -70.182529347999946, -33.327768982999942 ], [ -70.182609422999917, -33.327306164999925 ], [ -70.182783296999901, -33.326301175999902 ], [ -70.182664202999945, -33.325323863999927 ], [ -70.182380630999944, -33.324050534999913 ], [ -70.182084805999921, -33.322999489999916 ], [ -70.182070653999915, -33.322610053999938 ], [ -70.182049675999906, -33.322032830999945 ], [ -70.182287469999949, -33.320928272999936 ], [ -70.182498324999926, -33.320397727999932 ], [ -70.182684061999907, -33.319995247999941 ], [ -70.183095651999906, -33.319103346999952 ], [ -70.183469353999953, -33.318438709999953 ], [ -70.183585938999897, -33.318231357999935 ], [ -70.184000213999923, -33.317133652999928 ], [ -70.184135825999931, -33.316495970999938 ], [ -70.184229428999913, -33.316055816999949 ], [ -70.184307963999913, -33.315686515999914 ], [ -70.184496275999948, -33.315367353999932 ], [ -70.184836896999911, -33.314790043999949 ], [ -70.185177707999912, -33.31416069699992 ], [ -70.1854276279999, -33.313699183999915 ], [ -70.185707173999901, -33.31327944599991 ], [ -70.186295338999912, -33.312396317999912 ], [ -70.186709539999924, -33.311298595999915 ], [ -70.186646136999912, -33.310743941999931 ], [ -70.186590177999904, -33.310254410999903 ], [ -70.186530465999908, -33.309317470999929 ], [ -70.186495298999944, -33.308765656999924 ], [ -70.186561415999904, -33.308621652999932 ], [ -70.186823149999952, -33.308051575999912 ], [ -70.186897232999911, -33.307890217999955 ], [ -70.187108529999932, -33.30743 ], [ -70.187299164999899, -33.307014776999949 ], [ -70.187780213999929, -33.305651352999917 ], [ -70.187925308999922, -33.305035093999948 ], [ -70.187942832999909, -33.304960659999949 ], [ -70.188225086999921, -33.304487542999937 ], [ -70.188332497999909, -33.304307497999957 ], [ -70.188482030999921, -33.304109574999927 ], [ -70.189095510999948, -33.303297554999915 ], [ -70.189480963999927, -33.302829259999953 ], [ -70.19004312699991, -33.30214626399993 ], [ -70.190415210999902, -33.301417296999944 ], [ -70.190637773999924, -33.30098126799993 ], [ -70.190749169999947, -33.300720434999903 ], [ -70.19105707999995, -33.29999945499992 ], [ -70.191342284999905, -33.299331644999938 ], [ -70.19154722299993, -33.299091528999952 ], [ -70.19210393599991, -33.298439243999951 ], [ -70.192267735999906, -33.29818 ], [ -70.192785289999904, -33.297360881999907 ], [ -70.193000184999903, -33.297020764999957 ], [ -70.193334398999923, -33.296893198999953 ], [ -70.193821030999914, -33.296707455999922 ], [ -70.194977656999924, -33.296026000999916 ], [ -70.195170043999951, -33.295818157999918 ], [ -70.195803946999945, -33.295133321999913 ], [ -70.196105641999907, -33.294807386999935 ], [ -70.196203446999903, -33.294646774999933 ], [ -70.197077485999898, -33.293211441999915 ], [ -70.197920380999904, -33.292353037999931 ], [ -70.198781888999918, -33.291248743999915 ], [ -70.199273539999922, -33.290252055999929 ], [ -70.199182481999912, -33.288689193999915 ], [ -70.199016440999912, -33.287337833999914 ], [ -70.198999138999909, -33.287197009999943 ], [ -70.199088599999925, -33.285566879999919 ], [ -70.198969742999907, -33.283087934999912 ], [ -70.198934515999952, -33.282353175999958 ], [ -70.199216025999931, -33.281421801999954 ], [ -70.199224244999925, -33.281394608999904 ], [ -70.199439554999913, -33.280529148999904 ], [ -70.199457351999911, -33.280457612999953 ], [ -70.19985493799993, -33.279656201999956 ], [ -70.199907149999945, -33.279559696999911 ], [ -70.200247006999916, -33.278931543999931 ], [ -70.20032417199991, -33.278788920999943 ], [ -70.200445197999898, -33.278565227999934 ], [ -70.200189870999907, -33.276773249999906 ], [ -70.199489429999915, -33.275038294999945 ], [ -70.198865025999908, -33.27352904199995 ], [ -70.198224378999953, -33.272316173999911 ], [ -70.198361366999904, -33.271430427999917 ], [ -70.198847115999911, -33.270632431999957 ], [ -70.199429186999907, -33.269689653999933 ], [ -70.199894047999919, -33.268339638999919 ], [ -70.200059996999926, -33.267857701999958 ], [ -70.200830625999913, -33.266699445999905 ], [ -70.201757346999898, -33.265918493999948 ], [ -70.202675916999908, -33.265285729999903 ], [ -70.202880836999952, -33.26506 ], [ -70.203522513999928, -33.264353155999913 ], [ -70.203626191999945, -33.264069867999922 ], [ -70.203822707999905, -33.263532915999917 ], [ -70.203980439999953, -33.263101927999912 ], [ -70.20466994599991, -33.262213019999933 ], [ -70.205108534999908, -33.262082736999957 ], [ -70.205651078999949, -33.261923416999934 ], [ -70.205689117999952, -33.261912246999941 ], [ -70.205996773999914, -33.261766774999955 ], [ -70.20611049799993, -33.261713000999919 ], [ -70.207140877999905, -33.261225791999948 ], [ -70.208285376999925, -33.26050383799992 ], [ -70.208763908999913, -33.260201977999941 ], [ -70.209355149999908, -33.259975413999939 ], [ -70.209757863999926, -33.259733510999922 ], [ -70.21051773399995, -33.259277063999946 ], [ -70.210742759999903, -33.258394690999921 ], [ -70.210635537999906, -33.25814704599992 ], [ -70.210402553999927, -33.257608934999951 ], [ -70.210350404999929, -33.257488487999922 ], [ -70.210368080999899, -33.257165239999949 ], [ -70.210423344999924, -33.256154717999948 ], [ -70.210299815999917, -33.25507678699995 ], [ -70.210243851999905, -33.254588437999928 ], [ -70.210078917999908, -33.253848648999906 ], [ -70.210054327999899, -33.253738358999954 ], [ -70.209959973999901, -33.25331514599992 ], [ -70.209871945999907, -33.253226626999947 ], [ -70.209637398999917, -33.252990767999904 ], [ -70.209253763999925, -33.252604990999941 ], [ -70.209038489999898, -33.252388512999914 ], [ -70.208965573999933, -33.252228896999952 ], [ -70.208820598999921, -33.251911543999938 ], [ -70.208674176999921, -33.251591017999942 ], [ -70.208486007999909, -33.251179105999938 ], [ -70.208471679999946, -33.251123893999932 ], [ -70.208361793999927, -33.250700432999906 ], [ -70.208194049999918, -33.250054009999928 ], [ -70.208249091999903, -33.249933941999927 ], [ -70.208595433999903, -33.249178452999956 ], [ -70.209373864999918, -33.247871919999909 ], [ -70.20950373799991, -33.247763329999941 ], [ -70.21032, -33.247080831999938 ], [ -70.210392532999947, -33.24702018399995 ], [ -70.211571342999946, -33.246471634999921 ], [ -70.212195335999922, -33.246211346999928 ], [ -70.213130989999911, -33.245821044999957 ], [ -70.213387666999949, -33.245576393999954 ], [ -70.213672237999901, -33.245243031999905 ], [ -70.214146581999898, -33.244687362999912 ], [ -70.214438930999904, -33.244344891999958 ], [ -70.214615002999949, -33.244138628999906 ], [ -70.215356800999928, -33.242716275999953 ], [ -70.215602030999946, -33.242246048999903 ], [ -70.21590872999991, -33.241627210999923 ], [ -70.216396467999914, -33.240643062999936 ], [ -70.216399187999912, -33.240636089999953 ], [ -70.216748498999948, -33.239740679999954 ], [ -70.216910162999909, -33.239326270999925 ], [ -70.216721905999918, -33.238980393999952 ], [ -70.216627271999926, -33.238806525999905 ], [ -70.217243416999906, -33.238629199999934 ], [ -70.218112362999932, -33.238379112999951 ], [ -70.219242693999945, -33.237943616999928 ], [ -70.219278972999916, -33.237929639999948 ], [ -70.220314510999913, -33.237426687999914 ], [ -70.220954585999948, -33.236599076999937 ], [ -70.221399961999907, -33.235828132999927 ], [ -70.222029348999911, -33.234234048999951 ], [ -70.222728973999949, -33.232598131999907 ], [ -70.222924601999921, -33.232140691999916 ], [ -70.222886253999945, -33.232051330999923 ], [ -70.222708858999908, -33.231637940999917 ], [ -70.222575282999912, -33.231326656999954 ], [ -70.222673868999948, -33.230876774999956 ], [ -70.222741210999914, -33.230569469999921 ], [ -70.222774799999911, -33.230411226999934 ], [ -70.222852727999907, -33.230044072999931 ], [ -70.222935410999924, -33.229581375999942 ], [ -70.22294043799991, -33.22941 ], [ -70.222940989999927, -33.22939118599993 ], [ -70.22295555799991, -33.228894591999904 ], [ -70.222896807999916, -33.228593316999934 ], [ -70.222763617999931, -33.227910292999923 ], [ -70.222413330999927, -33.227439768999943 ], [ -70.221794909999915, -33.226609057999951 ], [ -70.221700557999952, -33.226465200999939 ], [ -70.221059102999902, -33.225487150999925 ], [ -70.221005828999921, -33.225405918999911 ], [ -70.220341628999904, -33.224472654999943 ], [ -70.220202958999948, -33.224277808999943 ], [ -70.218651246999912, -33.223539002999928 ], [ -70.217967248999912, -33.223213324999904 ], [ -70.217902341999945, -33.223162521999939 ], [ -70.217372824999927, -33.222748054999954 ], [ -70.217335173999913, -33.221818415999905 ], [ -70.217451622999931, -33.221303115999945 ], [ -70.217612146999898, -33.220789512999943 ], [ -70.217602411999906, -33.220157968999956 ], [ -70.217629232999911, -33.219900802999916 ], [ -70.217694975999905, -33.219270471999948 ], [ -70.217758925999931, -33.218850394999947 ], [ -70.217807244999904, -33.218532981999942 ], [ -70.218013260999953, -33.217907601999912 ], [ -70.218204717999924, -33.217545095999924 ], [ -70.218323877999921, -33.217319474999954 ], [ -70.2184180349999, -33.217072487999928 ], [ -70.218488887999911, -33.216996023999911 ], [ -70.218873107999912, -33.216581369999915 ], [ -70.219411410999953, -33.216143596999927 ], [ -70.2194293579999, -33.216131220999955 ], [ -70.21966847199991, -33.215966336999941 ], [ -70.21991704699991, -33.215794926999934 ], [ -70.220329308999908, -33.215510639999934 ], [ -70.22150963799993, -33.21492490199995 ], [ -70.221512003999919, -33.214923337999949 ], [ -70.222060566999914, -33.214560566999921 ], [ -70.222517679999953, -33.214258267999924 ], [ -70.223157611999909, -33.213843785999927 ], [ -70.223708061999901, -33.213487255999951 ], [ -70.223833095999908, -33.213381082999945 ], [ -70.224532224999905, -33.21278740899993 ], [ -70.22500472999991, -33.212386168999956 ], [ -70.225082182999927, -33.212312004999944 ], [ -70.225648219999925, -33.21177 ], [ -70.226123041999926, -33.211315337999906 ], [ -70.226128348999907, -33.211305768999921 ], [ -70.226479770999902, -33.210672226999918 ], [ -70.226808637999909, -33.210079348999955 ], [ -70.226991895999902, -33.209723199999928 ], [ -70.227351915999918, -33.209023524999907 ], [ -70.228051575999928, -33.207528170999922 ], [ -70.228475829999923, -33.206919692999918 ], [ -70.228530591999913, -33.206841150999935 ], [ -70.229015648999905, -33.206042973999956 ], [ -70.229127331999905, -33.205874856999912 ], [ -70.229544767999926, -33.205246489999922 ], [ -70.230035426999905, -33.204541282999912 ], [ -70.230216506999909, -33.204341110999906 ], [ -70.23047585799992, -33.204054415999906 ], [ -70.230733861999909, -33.203581884999949 ], [ -70.230874054999902, -33.203463589999956 ], [ -70.231109913999944, -33.203264569999931 ], [ -70.231961378999927, -33.203037369999947 ], [ -70.233247520999953, -33.20293823499992 ], [ -70.23383096099991, -33.202906292999955 ], [ -70.234443503999898, -33.20287275499993 ], [ -70.235561400999927, -33.202618625999946 ], [ -70.236130046999904, -33.202346359999922 ], [ -70.236422904999927, -33.202206138999941 ], [ -70.237296461999904, -33.201571338999941 ], [ -70.237957690999906, -33.200779878999924 ], [ -70.238773230999925, -33.199585920999937 ], [ -70.239523205999944, -33.197899575999941 ], [ -70.239687569999944, -33.197529990999953 ], [ -70.239749902999904, -33.197418286999948 ], [ -70.240167942999904, -33.196669130999908 ], [ -70.240100340999902, -33.19566700699994 ], [ -70.240093119999926, -33.195559944999957 ], [ -70.240070010999943, -33.195217381999953 ], [ -70.240030073999947, -33.195011854999905 ], [ -70.239962275999915, -33.194662937999908 ], [ -70.239931906999914, -33.194506653999952 ], [ -70.23990720799992, -33.194382350999945 ], [ -70.239777579999952, -33.193730000999949 ], [ -70.239723747999903, -33.193459083999926 ], [ -70.239745154999923, -33.193064272999948 ], [ -70.239748946999953, -33.192994314999908 ], [ -70.239771067999925, -33.192586325999912 ], [ -70.239797293999914, -33.192102572999943 ], [ -70.239798073999907, -33.19208819399995 ], [ -70.240130648999923, -33.191655399999945 ], [ -70.240859819999912, -33.191237804999957 ], [ -70.241972204999911, -33.190381244999912 ], [ -70.242127920999906, -33.189838387999941 ], [ -70.242324258999929, -33.189474624999946 ], [ -70.242361158999927, -33.189178175999928 ], [ -70.242402450999919, -33.188846440999953 ], [ -70.242444225999918, -33.188687659999914 ], [ -70.242624878999948, -33.188001009999937 ], [ -70.242734668999901, -33.187722735999955 ], [ -70.242871285999911, -33.187376462999907 ], [ -70.242940967999914, -33.187199843999906 ], [ -70.2429452639999, -33.186903715999904 ], [ -70.242945014999918, -33.186902500999906 ], [ -70.242947346999927, -33.186900478999917 ], [ -70.243546893999905, -33.18694062599991 ], [ -70.243989203999945, -33.186933036999903 ], [ -70.244084536999935, -33.186928352999928 ], [ -70.244468399999903, -33.186909492999916 ], [ -70.244556987999943, -33.186905139999908 ], [ -70.244850677999921, -33.186890708999954 ], [ -70.245723773999941, -33.186811514999931 ], [ -70.245884801999921, -33.186764583999945 ], [ -70.246566849999908, -33.186565800999915 ], [ -70.248181858999942, -33.186095088999934 ], [ -70.248465190999923, -33.185958988999914 ], [ -70.248525090999919, -33.185930216999907 ], [ -70.248744900999952, -33.18580155099994 ], [ -70.24925206599994, -33.185504680999941 ], [ -70.249387602999946, -33.185425359999954 ], [ -70.250014793999924, -33.185058301999902 ], [ -70.251936799999953, -33.183933429999911 ], [ -70.253491460999953, -33.183696071999918 ], [ -70.255144281999947, -33.183618949999925 ], [ -70.257456458999911, -33.183555301999945 ], [ -70.258426806999921, -33.183525339999903 ], [ -70.260044387999926, -33.183498897999925 ], [ -70.261311424999917, -33.183264354999949 ], [ -70.262206688999925, -33.183013412999912 ], [ -70.263377268999932, -33.182739516999902 ], [ -70.2638189729999, -33.182560695999939 ], [ -70.263897022999913, -33.182507272999942 ], [ -70.2645519699999, -33.182181263999951 ], [ -70.264809366999941, -33.182053139999937 ], [ -70.265814051999939, -33.181324069999903 ], [ -70.265856524999947, -33.181293247999918 ], [ -70.26589062599993, -33.181148370999949 ], [ -70.266015069999924, -33.180619667999906 ], [ -70.266044576999946, -33.180494309999915 ], [ -70.266118929999948, -33.180178414999943 ], [ -70.266134220999902, -33.179553493999947 ], [ -70.266140849999942, -33.179282607999937 ], [ -70.26597645399994, -33.17849991199995 ], [ -70.265959997999914, -33.17846884699992 ], [ -70.265618702999916, -33.177824543999918 ], [ -70.265214263999951, -33.177252328999941 ], [ -70.265092916999947, -33.177080640999918 ], [ -70.265072246999921, -33.177026723999916 ], [ -70.264847036999925, -33.176439254999934 ], [ -70.264837045999911, -33.176376663999918 ], [ -70.26469405499995, -33.175480834999917 ], [ -70.264680347999899, -33.175402498999915 ], [ -70.264590846999909, -33.174891005999939 ], [ -70.264558570999952, -33.174706550999929 ], [ -70.264512062999927, -33.174440759999925 ], [ -70.264291630999935, -33.173777862999941 ], [ -70.264279274999922, -33.173740704999943 ], [ -70.264275346999909, -33.173701182999935 ], [ -70.264267232999941, -33.173619531999918 ], [ -70.264246730999901, -33.173413238999956 ], [ -70.264303620999954, -33.17323779499992 ], [ -70.264353374999928, -33.173084359999905 ], [ -70.264389958999914, -33.17297835599993 ], [ -70.264443586999903, -33.17282296299993 ], [ -70.264475345999927, -33.172680495999941 ], [ -70.264488176999919, -33.172622933999946 ], [ -70.26453065599992, -33.17243237699995 ], [ -70.264548211999909, -33.172353620999957 ], [ -70.264549922999947, -33.172325058999945 ], [ -70.264576284999919, -33.171885054999905 ], [ -70.264550177999922, -33.171036561999927 ], [ -70.264577329999952, -33.170867096999928 ], [ -70.264582116999918, -33.170837218999907 ], [ -70.264589081999929, -33.170758118999913 ], [ -70.264623229999927, -33.170370287999958 ], [ -70.264641957999913, -33.17015760399994 ], [ -70.264637344999926, -33.170108370999912 ], [ -70.264603804999922, -33.169750457999953 ], [ -70.264592638999943, -33.169631289999927 ], [ -70.264568407999946, -33.169541952999907 ], [ -70.264469539999936, -33.169177429999934 ], [ -70.264461018999953, -33.169067699999914 ], [ -70.26445911299993, -33.169043162999913 ], [ -70.264448191999918, -33.168902531999947 ], [ -70.264482928999939, -33.16841341199995 ], [ -70.264549632999945, -33.168037469999945 ], [ -70.264582447999942, -33.167902643999923 ], [ -70.264667174999943, -33.167280356999925 ], [ -70.264676879999911, -33.16714793299991 ], [ -70.264714002999938, -33.166641389999938 ], [ -70.264731680999944, -33.166400185999919 ], [ -70.264788793999912, -33.16615 ], [ -70.264830013999926, -33.16596943299993 ], [ -70.264887715999919, -33.165840033999928 ], [ -70.264963110999929, -33.165670960999933 ], [ -70.265123912999911, -33.165543061999927 ], [ -70.265467629999932, -33.165269674999934 ], [ -70.266111167999952, -33.16498251999991 ], [ -70.266261254999904, -33.164909345999945 ], [ -70.267183085999932, -33.164459909999948 ], [ -70.267359315999897, -33.164308059999939 ], [ -70.267369157999951, -33.16429957899993 ], [ -70.267396330999929, -33.164276165999922 ], [ -70.267568899999901, -33.163993796999932 ], [ -70.267938136999931, -33.162729085999956 ], [ -70.267999084999929, -33.162520325999935 ], [ -70.268543130999944, -33.160975101999952 ], [ -70.268809817999909, -33.160217644999932 ], [ -70.2689699579999, -33.159876660999942 ], [ -70.268981186999952, -33.159852752999939 ], [ -70.269145421999951, -33.158992733999924 ], [ -70.269127322999907, -33.158783559999904 ], [ -70.269098331999942, -33.158448493999913 ], [ -70.268965386999923, -33.157393423999906 ], [ -70.268956590999949, -33.156782767999914 ], [ -70.269183249999912, -33.156169711999951 ], [ -70.269530964999944, -33.155786514999932 ], [ -70.2697422789999, -33.155470733999948 ], [ -70.26978250499991, -33.155368003999911 ], [ -70.270084815999951, -33.154595940999911 ], [ -70.270196530999954, -33.154310635999934 ], [ -70.270262074999948, -33.154026854999927 ], [ -70.270279842999912, -33.153949928999907 ], [ -70.270296903999906, -33.153876066999942 ], [ -70.270576184999925, -33.152666882999938 ], [ -70.270653913999922, -33.152225594999948 ], [ -70.270701211999949, -33.151582732999941 ], [ -70.270722930999909, -33.15128752499993 ], [ -70.270733960999905, -33.151137598999924 ], [ -70.270742696999946, -33.150814502999935 ], [ -70.270761487999948, -33.150631088999944 ], [ -70.270819998999912, -33.150059995999925 ], [ -70.270923893999907, -33.149586813999917 ], [ -70.271007028999918, -33.149208181999938 ], [ -70.271056342999941, -33.148983584999939 ], [ -70.271284695999952, -33.147568759999956 ], [ -70.271306731999914, -33.146940758999904 ], [ -70.271220299999925, -33.146718861999943 ], [ -70.270998104999933, -33.146148416999949 ], [ -70.2709515439999, -33.146028877999925 ], [ -70.270673575999922, -33.145464243999925 ], [ -70.270631223999942, -33.145378212999958 ], [ -70.270646537999937, -33.144770453999911 ], [ -70.270651002999898, -33.144593290999921 ], [ -70.270796643999915, -33.143911714999945 ], [ -70.270630643999937, -33.143181003999928 ], [ -70.270121171999904, -33.142349164999928 ], [ -70.269985051999925, -33.14153118999991 ], [ -70.269916932999934, -33.141121851999912 ], [ -70.270028342999922, -33.139778625999952 ], [ -70.270049386999915, -33.139524903999927 ], [ -70.270048026999916, -33.139430472999948 ], [ -70.270035823999933, -33.138583376999918 ], [ -70.269917324999938, -33.136832040999934 ], [ -70.269933342999934, -33.135785582999915 ], [ -70.270034167999938, -33.135094890999937 ], [ -70.270120641999938, -33.134502497999904 ], [ -70.270148315999904, -33.134429184999931 ], [ -70.270170739999912, -33.134363317999942 ], [ -70.270178267999938, -33.134341203999952 ], [ -70.270366716999945, -33.13378767699993 ], [ -70.270472752999922, -33.133476214999916 ], [ -70.27048362599993, -33.133444275999921 ], [ -70.270486327999947, -33.13343520199993 ], [ -70.270582302999912, -33.133112904999905 ], [ -70.27058709399995, -33.133096811999906 ], [ -70.270607370999926, -33.13306575699994 ], [ -70.270705994999901, -33.132914703999916 ], [ -70.270721457999912, -33.132902398999931 ], [ -70.271541909999939, -33.13194954599993 ], [ -70.271966130999942, -33.131456863999915 ], [ -70.27247688999995, -33.131123016999936 ], [ -70.273300634999941, -33.13082540399995 ], [ -70.273876905999941, -33.130701204999923 ], [ -70.27427350399995, -33.130709978999903 ], [ -70.274689581999951, -33.13071918299994 ], [ -70.275395759999924, -33.130935423999915 ], [ -70.276445986999931, -33.131174426999905 ], [ -70.276590030999898, -33.131175789999929 ], [ -70.276883249999912, -33.131178566999949 ], [ -70.278790441999945, -33.131053924999947 ], [ -70.279031772999929, -33.131040408999922 ], [ -70.279606340999919, -33.131008227999928 ], [ -70.279845863999924, -33.130994810999937 ], [ -70.280988978999915, -33.130930776999946 ], [ -70.281699143999901, -33.130803657999934 ], [ -70.282311231999927, -33.130837717999952 ], [ -70.282549320999919, -33.130850965999912 ], [ -70.282737485999917, -33.130861435999918 ], [ -70.284065073999898, -33.131224318999955 ], [ -70.285267391999923, -33.131365966999908 ], [ -70.285439562999898, -33.13143372199994 ], [ -70.285693764999905, -33.131533758999922 ], [ -70.285860751999905, -33.131599472999937 ], [ -70.286244200999931, -33.131595514999958 ], [ -70.286393700999952, -33.131593970999916 ], [ -70.286430279999934, -33.131593592999934 ], [ -70.286682928999937, -33.131601606999936 ], [ -70.286837334999916, -33.131606504999922 ], [ -70.287297933999923, -33.131452668999941 ], [ -70.289392300999907, -33.130753140999957 ], [ -70.289428625999903, -33.130741007999916 ], [ -70.289931332999913, -33.13045221099992 ], [ -70.29084329199992, -33.129928306999943 ], [ -70.29094761999994, -33.129864133999945 ], [ -70.291075018999948, -33.129785769999955 ], [ -70.291211236999914, -33.129701980999926 ], [ -70.291864007999948, -33.129130372999953 ], [ -70.292016188999924, -33.129035853999937 ], [ -70.292129763999924, -33.128965312999924 ], [ -70.292151277999949, -33.12895195099992 ], [ -70.292426350999904, -33.128793841999936 ], [ -70.292723925999951, -33.128622797999924 ], [ -70.292745560999947, -33.128610361999904 ], [ -70.292832895999936, -33.128560161999928 ], [ -70.2929278659999, -33.128490443999908 ], [ -70.292928442999937, -33.128489310999953 ], [ -70.292949471999918, -33.128448098999911 ], [ -70.293155115999923, -33.128045064999924 ], [ -70.293354117999911, -33.127743462999945 ], [ -70.293490382999948, -33.127615565999918 ], [ -70.293975394999904, -33.127160331999903 ], [ -70.293990010999948, -33.127146612999923 ], [ -70.294251974999952, -33.126884447999942 ], [ -70.294740922999949, -33.126512567999953 ], [ -70.294796088999931, -33.126477730999909 ], [ -70.295093834999932, -33.126289714999928 ], [ -70.29539176399993, -33.126111347999938 ], [ -70.295626086999903, -33.125971058999937 ], [ -70.295674553999902, -33.125911471999927 ], [ -70.295815423999898, -33.125738278999904 ], [ -70.295897621999927, -33.12563722099992 ], [ -70.29593136099993, -33.125528321999923 ], [ -70.295955766999953, -33.125449552999953 ], [ -70.295975656999929, -33.125385352999956 ], [ -70.295979592999913, -33.12534476299993 ], [ -70.296010281999941, -33.125028257999929 ], [ -70.29601099599995, -33.124669837999932 ], [ -70.296027907999928, -33.124201060999951 ], [ -70.29602988399995, -33.124146280999923 ], [ -70.296094139999923, -33.123949892999917 ], [ -70.296172232999936, -33.123711215999947 ], [ -70.296206553999923, -33.123667085999955 ], [ -70.296400254999924, -33.123418023999932 ], [ -70.296568682999919, -33.12320159199993 ], [ -70.296648586999936, -33.123080475999927 ], [ -70.296691500999941, -33.122763810999913 ], [ -70.296694643999899, -33.122740621999924 ], [ -70.296696790999931, -33.122623355999906 ], [ -70.296703138999931, -33.122276578999902 ], [ -70.296702959999948, -33.122218150999913 ], [ -70.296700536999936, -33.121427974999904 ], [ -70.296699963999913, -33.12124110499991 ], [ -70.296696447999921, -33.121197242999926 ], [ -70.296685175999926, -33.120799510999916 ], [ -70.296681767999928, -33.120679254999914 ], [ -70.296681533999902, -33.120671018999928 ], [ -70.296681376999913, -33.120669926999938 ], [ -70.296665790999953, -33.120561735999956 ], [ -70.296588262999933, -33.120023580999941 ], [ -70.296525592999899, -33.119714454999951 ], [ -70.296469894999916, -33.119354471999941 ], [ -70.296622787999922, -33.119184264999944 ], [ -70.296729356999947, -33.119099699999936 ], [ -70.296750498999927, -33.11908292399994 ], [ -70.297174596999923, -33.118762776999915 ], [ -70.297429929999907, -33.118482658999937 ], [ -70.297444699999915, -33.118466454999918 ], [ -70.297454241999901, -33.118455985999958 ], [ -70.297455925999941, -33.118454137999947 ], [ -70.297670352999944, -33.118050973999914 ], [ -70.297682525999903, -33.117991858999915 ], [ -70.297703632999912, -33.117889347999949 ], [ -70.29774872999991, -33.117670333999911 ], [ -70.297759289999931, -33.117619046999948 ], [ -70.297758350999914, -33.117583144999912 ], [ -70.297745669999927, -33.117097977999947 ], [ -70.297779138999942, -33.116890152999929 ], [ -70.297800237999923, -33.116759140999932 ], [ -70.297854810999922, -33.116420270999924 ], [ -70.297904556999924, -33.116179217999957 ], [ -70.297917507999898, -33.116116459999944 ], [ -70.297977112999945, -33.115827623999905 ], [ -70.29805534399992, -33.115652577999924 ], [ -70.29820824199993, -33.115310459999932 ], [ -70.299210486999925, -33.113942360999943 ], [ -70.299561181999934, -33.113453878999906 ], [ -70.299587318999897, -33.113417471999924 ], [ -70.299719413999924, -33.113344531999928 ], [ -70.300359533999938, -33.112991068999918 ], [ -70.300920469999937, -33.112866813999915 ], [ -70.301670824999917, -33.112866871999927 ], [ -70.30269465799995, -33.112966678999953 ], [ -70.302832280999951, -33.112936189999914 ], [ -70.30299342099994, -33.112900492999927 ], [ -70.303218193999953, -33.112850697999932 ], [ -70.303328115999932, -33.112790786999938 ], [ -70.303514861999929, -33.112689005999925 ], [ -70.30389742299991, -33.112480498999957 ], [ -70.304936665999946, -33.11171975499991 ], [ -70.305782927999928, -33.111229395999942 ], [ -70.306010655999899, -33.11110197499994 ], [ -70.306889887999944, -33.110610005999945 ], [ -70.307566009999903, -33.110188689999916 ], [ -70.307605335999938, -33.110163733999912 ], [ -70.307925754999928, -33.109960390999902 ], [ -70.308350670999914, -33.109530266999911 ], [ -70.308728883999947, -33.109147413999949 ], [ -70.308813799999939, -33.109092727999951 ], [ -70.308983493999904, -33.108983444999922 ], [ -70.309483339999929, -33.108661539999957 ], [ -70.309565705999944, -33.108608496999921 ], [ -70.309725274999948, -33.108584519999908 ], [ -70.310815315999946, -33.108420728999931 ], [ -70.311830151999914, -33.10851159099991 ], [ -70.312061959999937, -33.108532344999958 ], [ -70.312340260999918, -33.108619279999914 ], [ -70.31310822599994, -33.108859169999903 ], [ -70.313394657999936, -33.108948642999906 ], [ -70.314313455999923, -33.109437897999953 ], [ -70.314513038999905, -33.109498896999924 ], [ -70.314608770999939, -33.109528155999953 ], [ -70.314970907999907, -33.10963883699992 ], [ -70.315161471999943, -33.109652637999943 ], [ -70.315400138999905, -33.109637137999925 ], [ -70.315563361999921, -33.109626537999929 ], [ -70.3155750009999, -33.109622139999942 ], [ -70.315601896999908, -33.109611977999919 ], [ -70.315882203999934, -33.109506067999916 ], [ -70.316125431999922, -33.109424319999903 ], [ -70.316194093999911, -33.109401243999912 ], [ -70.316466104999904, -33.109309820999954 ], [ -70.316962024999953, -33.109145148999914 ], [ -70.317116747999933, -33.109063934999938 ], [ -70.317506849999916, -33.108859169999903 ], [ -70.317795203999935, -33.10870781299991 ], [ -70.318199639999932, -33.108495521999942 ], [ -70.31835020099993, -33.108389897999928 ], [ -70.319250163999925, -33.107758525999941 ], [ -70.319709197999941, -33.107178365999914 ], [ -70.319918548999908, -33.106913767999913 ], [ -70.319927358999905, -33.106902633999937 ], [ -70.3203404489999, -33.105245486999934 ] ] ] ] } },
{ "type": "Feature", "properties": { "OBJECTID": 276, "CUT": 13120, "COD_REGION": 13, "REGION": "METROPOLITANA DE SANTIAGO", "COD_PROVINCIA": 131, "PROVINCIA": "SANTIAGO", "COMUNA": "ÑUÑOA", "SHAPE_Length": 0.17711471889012026, "SHAPE_Area": 0.001636268816794625 }, "geometry": { "type": "MultiPolygon", "coordinates": [ [ [ [ -70.578077445999952, -33.436090678999904 ], [ -70.578176799999937, -33.436045595999929 ], [ -70.578322827999898, -33.435979334999956 ], [ -70.57844319499992, -33.435922685999913 ], [ -70.578539470999942, -33.435877374999905 ], [ -70.579386566999915, -33.435433704999923 ], [ -70.57951632299995, -33.435359904999927 ], [ -70.579578985999945, -33.435332630999937 ], [ -70.579623043999902, -33.435313453999925 ], [ -70.579819865999923, -33.435193706999939 ], [ -70.579993015999946, -33.435100476999935 ], [ -70.580031291999944, -33.435079867999946 ], [ -70.580188703999909, -33.43499511199991 ], [ -70.580411917999925, -33.434847972999933 ], [ -70.580718318999914, -33.434672717999945 ], [ -70.580754451999951, -33.434650762999922 ], [ -70.581673577999936, -33.434091477999914 ], [ -70.581727606999948, -33.434058601999936 ], [ -70.582174302999931, -33.433786788999953 ], [ -70.582231312999909, -33.433752097999957 ], [ -70.582233647999942, -33.433755616999917 ], [ -70.582234254999946, -33.433756531999904 ], [ -70.582236098999942, -33.43375931199995 ], [ -70.582245874999899, -33.433774050999943 ], [ -70.582253076999905, -33.433784908999939 ], [ -70.582253382999909, -33.433785369999953 ], [ -70.582259973999953, -33.433795306999912 ], [ -70.5822709279999, -33.433811821999939 ], [ -70.582271291999916, -33.433812369999941 ], [ -70.582271386999935, -33.433812512999907 ], [ -70.582287944999905, -33.43383747799993 ], [ -70.582379266999908, -33.433975150999913 ], [ -70.582379332999949, -33.433975249999946 ], [ -70.582379402999948, -33.433975346999944 ], [ -70.582384820999948, -33.433982836999917 ], [ -70.582385411999951, -33.433983653999917 ], [ -70.58238543199991, -33.433983679999926 ], [ -70.582386674999952, -33.433985398999937 ], [ -70.582388554999909, -33.433987997999907 ], [ -70.582390759999953, -33.433991044999914 ], [ -70.582396133999907, -33.433998473999907 ], [ -70.582430979999913, -33.434046640999952 ], [ -70.582469935999939, -33.434100253999929 ], [ -70.58249173899992, -33.434124742999927 ], [ -70.582526482999924, -33.434163765999926 ], [ -70.582563283999946, -33.434205098999939 ], [ -70.582747561999952, -33.434412073999908 ], [ -70.58294315899991, -33.434631761999924 ], [ -70.583024063999915, -33.434722631999932 ], [ -70.58310507099992, -33.434813616999918 ], [ -70.583471340999949, -33.435232803999952 ], [ -70.583471660999919, -33.435233166999922 ], [ -70.583558417999939, -33.435331791999943 ], [ -70.583581344999914, -33.43535785499995 ], [ -70.58385525999995, -33.435669234999921 ], [ -70.583855355999901, -33.435669343999905 ], [ -70.583855752999909, -33.43566979499991 ], [ -70.584236109999949, -33.436106026999937 ], [ -70.584236807999901, -33.436106827999936 ], [ -70.584238152999944, -33.436106810999945 ], [ -70.58447058899992, -33.436358340999902 ], [ -70.584624695999935, -33.436525107999955 ], [ -70.5846248389999, -33.436525263999954 ], [ -70.584625268999901, -33.436525727999935 ], [ -70.584893825999927, -33.436829417999945 ], [ -70.584976791999907, -33.436923237999906 ], [ -70.584980135999899, -33.436927018999938 ], [ -70.585086118999925, -33.437024865999945 ], [ -70.585091057999932, -33.437030724999943 ], [ -70.585091164999938, -33.437030850999918 ], [ -70.585262188999934, -33.43723370999993 ], [ -70.585371955999904, -33.437363909999931 ], [ -70.585376698999937, -33.437369178999916 ], [ -70.585379900999953, -33.437372735999929 ], [ -70.585760612999934, -33.437795673999915 ], [ -70.585963572999901, -33.438021144999936 ], [ -70.586045576999936, -33.438112242999921 ], [ -70.586045681999906, -33.438112359999934 ], [ -70.586046106999902, -33.438112831999945 ], [ -70.586421998999924, -33.438534205999929 ], [ -70.586441619999903, -33.438556200999926 ], [ -70.586443815999928, -33.438558661999934 ], [ -70.587005714999918, -33.439200326999924 ], [ -70.587006118999909, -33.439200788999926 ], [ -70.587106519999907, -33.439328731999922 ], [ -70.587180770999908, -33.439423352999938 ], [ -70.587181284999929, -33.439424005999911 ], [ -70.587238714999899, -33.43951345499994 ], [ -70.587453328999914, -33.439835367999933 ], [ -70.587599232999935, -33.440053076999902 ], [ -70.587677508999946, -33.440169875999914 ], [ -70.587680152999951, -33.440173821999906 ], [ -70.587681043999908, -33.440175149999902 ], [ -70.587711431999935, -33.440237889999935 ], [ -70.588020039999947, -33.440699021999933 ], [ -70.588201790999904, -33.440970597999922 ], [ -70.588202133999914, -33.440971110999953 ], [ -70.588249798999925, -33.441047620999939 ], [ -70.588255817999936, -33.441057282999907 ], [ -70.588531708999938, -33.441500133999909 ], [ -70.588608595999915, -33.441623549999917 ], [ -70.58860872899993, -33.441623763999928 ], [ -70.588609024999926, -33.441624238999907 ], [ -70.588660587999925, -33.441686706999917 ], [ -70.588783021999916, -33.441880382999955 ], [ -70.588939712999945, -33.442128249999939 ], [ -70.589124631999937, -33.442420764999952 ], [ -70.589359506999926, -33.442792304999955 ], [ -70.589514075999944, -33.443036808999921 ], [ -70.589514534999921, -33.443037534999917 ], [ -70.589515774999938, -33.443039503999955 ], [ -70.589840913999922, -33.443555728999911 ], [ -70.589841341999943, -33.443556408999939 ], [ -70.590205963999949, -33.444123770999909 ], [ -70.590206363999926, -33.444124392999925 ], [ -70.590266714999927, -33.444221827999911 ], [ -70.59039161599992, -33.444423472999915 ], [ -70.5903920209999, -33.444424126999934 ], [ -70.590698203999921, -33.444892778999929 ], [ -70.590698775999954, -33.44489365499993 ], [ -70.590720081999905, -33.444926704999943 ], [ -70.59072894499991, -33.444940452999958 ], [ -70.591001500999937, -33.445363233999956 ], [ -70.591001634999941, -33.44536348999992 ], [ -70.591161366999927, -33.44566780699995 ], [ -70.59118964299995, -33.44570269399992 ], [ -70.591262961999917, -33.445793152999954 ], [ -70.591266263999898, -33.445797226999957 ], [ -70.591315575999943, -33.445864921999942 ], [ -70.591318331999901, -33.445868704999953 ], [ -70.591348406999941, -33.445920157999922 ], [ -70.591352339999901, -33.445926887999917 ], [ -70.591353360999904, -33.445929067999941 ], [ -70.591353426999945, -33.445929207999939 ], [ -70.5913565379999, -33.445935851999934 ], [ -70.591703025999948, -33.446463486999903 ], [ -70.591734372999952, -33.446500144999902 ], [ -70.592321427999934, -33.447186662999911 ], [ -70.592425027999923, -33.447307814999931 ], [ -70.592557362999912, -33.447462570999903 ], [ -70.592557485999919, -33.447462714999915 ], [ -70.592600253999933, -33.447512983999957 ], [ -70.592660614999943, -33.44758393199993 ], [ -70.592780847999904, -33.44772525399992 ], [ -70.592781161999937, -33.44772562299994 ], [ -70.592782021999938, -33.447726632999945 ], [ -70.592807313999913, -33.447756359999914 ], [ -70.592807397999934, -33.447756458999947 ], [ -70.592807820999951, -33.447756957999957 ], [ -70.592808284999933, -33.447756707999929 ], [ -70.593471654999917, -33.447400674999926 ], [ -70.593860243999927, -33.447192116999929 ], [ -70.594417454999927, -33.446893050999904 ], [ -70.5944179789999, -33.446892789999936 ], [ -70.594435742999906, -33.446883939999907 ], [ -70.594501073999936, -33.446851392999918 ], [ -70.594501575999914, -33.446851121999941 ], [ -70.595138964999933, -33.446507353999948 ], [ -70.595329515999936, -33.446404582999946 ], [ -70.595452632999923, -33.446338180999931 ], [ -70.595586004999916, -33.446266238999954 ], [ -70.595586041999923, -33.446266218999938 ], [ -70.59558607799994, -33.446266199999911 ], [ -70.595586115999936, -33.446266178999906 ], [ -70.595586155999911, -33.446266156999911 ], [ -70.595586193999907, -33.446266136999952 ], [ -70.595586229999924, -33.446266117999926 ], [ -70.595586263999905, -33.446266099999946 ], [ -70.596086992999915, -33.445996000999912 ], [ -70.596111698999948, -33.445982673999936 ], [ -70.59611175799995, -33.445982636999929 ], [ -70.596112310999899, -33.445982289999904 ], [ -70.596856781999918, -33.44551436799992 ], [ -70.5969400809999, -33.44546201199995 ], [ -70.596952638999937, -33.445454118999919 ], [ -70.596965614999931, -33.445445962999941 ], [ -70.597078059999944, -33.445375286999933 ], [ -70.597114869999928, -33.445345217999943 ], [ -70.597117667999953, -33.445342931999903 ], [ -70.597140504999913, -33.44532427799993 ], [ -70.597147942999925, -33.445318201999953 ], [ -70.597246256999938, -33.445237892999955 ], [ -70.597246320999943, -33.445237848999909 ], [ -70.597246468999913, -33.445237762999909 ], [ -70.597324765999929, -33.445191340999941 ], [ -70.597410411999931, -33.445140556999945 ], [ -70.597429692999924, -33.445129124999937 ], [ -70.597501347999923, -33.445086636999918 ], [ -70.597576950999951, -33.445041809999907 ], [ -70.597579754999913, -33.445040146999929 ], [ -70.597647924999933, -33.444999725999935 ], [ -70.59775308299993, -33.444937372999902 ], [ -70.597888388999934, -33.44488247299995 ], [ -70.597918473999925, -33.444870265999953 ], [ -70.597983621999902, -33.444843831999947 ], [ -70.597984746999941, -33.444843375999938 ], [ -70.598118294999949, -33.44482778899993 ], [ -70.598186734999899, -33.444819800999937 ], [ -70.598228372999927, -33.444765072999928 ], [ -70.598235490999912, -33.444720382999947 ], [ -70.598239202999935, -33.444697078999923 ], [ -70.598243717999935, -33.444668733999947 ], [ -70.598257034999904, -33.444585121999921 ], [ -70.598260925999909, -33.444585484999948 ], [ -70.598265466999919, -33.444585907999908 ], [ -70.598267485999941, -33.44458609599991 ], [ -70.598268259999941, -33.444586167999944 ], [ -70.598270133999904, -33.444586342999912 ], [ -70.598274870999944, -33.444586784999956 ], [ -70.598277377999921, -33.444587017999936 ], [ -70.598279107999929, -33.444587178999939 ], [ -70.598280950999936, -33.444587350999939 ], [ -70.598282871999913, -33.444587529999922 ], [ -70.59828320999992, -33.444587561999924 ], [ -70.598286970999936, -33.444587912999907 ], [ -70.598289496999939, -33.444588145999944 ], [ -70.598300188999929, -33.444589141999927 ], [ -70.598314168999934, -33.44459044599995 ], [ -70.598315030999913, -33.444590525999956 ], [ -70.598316782999916, -33.444590688999938 ], [ -70.59833595799995, -33.444592475999912 ], [ -70.598445235999918, -33.444602653999937 ], [ -70.598460268999929, -33.444604054999957 ], [ -70.59849842299991, -33.444607608999945 ], [ -70.598610141999927, -33.444618005999928 ], [ -70.598637862999908, -33.444620586999918 ], [ -70.599033843999905, -33.444657456999948 ], [ -70.59903765599995, -33.444657813999925 ], [ -70.599077646999945, -33.44466153399992 ], [ -70.59909850899993, -33.444663476999949 ], [ -70.599121841999931, -33.444665656999916 ], [ -70.599135059999924, -33.444666881999922 ], [ -70.599137938999945, -33.444667147999951 ], [ -70.599138705999906, -33.444667219999928 ], [ -70.599188349999906, -33.444671841999934 ], [ -70.599190740999916, -33.444672058999913 ], [ -70.599230152999951, -33.444675643999915 ], [ -70.599233654999921, -33.444675961999906 ], [ -70.599238939999907, -33.444676442999935 ], [ -70.599274811999919, -33.444679704999942 ], [ -70.599764077999907, -33.444724201999918 ], [ -70.599965119999922, -33.444742485999939 ], [ -70.599968498999942, -33.444742792999932 ], [ -70.599968630999911, -33.444742804999919 ], [ -70.600274093999928, -33.444769734999909 ], [ -70.600414778999948, -33.444782137999937 ], [ -70.600608026999907, -33.444801756999937 ], [ -70.600609690999931, -33.444801925999911 ], [ -70.60061180699995, -33.444802140999911 ], [ -70.601100985999949, -33.444845417999943 ], [ -70.601101058999916, -33.444845423999936 ], [ -70.601101291999953, -33.444845442999906 ], [ -70.601585924999938, -33.444885877999923 ], [ -70.601586701999906, -33.444885942999917 ], [ -70.601586893999922, -33.444885958999919 ], [ -70.601663472999917, -33.444892362999951 ], [ -70.601664048999908, -33.444892420999906 ], [ -70.602057773999945, -33.444932223999956 ], [ -70.602216253999927, -33.444948243999931 ], [ -70.602216348999946, -33.444948253999939 ], [ -70.602899890999936, -33.445020476999957 ], [ -70.602900577999947, -33.445020549999924 ], [ -70.602900751999925, -33.445020568999951 ], [ -70.602900777999935, -33.445020568999951 ], [ -70.603334913999902, -33.445064558999945 ], [ -70.603383896999901, -33.445069539999906 ], [ -70.603671599999927, -33.445098798999936 ], [ -70.604278971999918, -33.445160565999913 ], [ -70.604375931999925, -33.445168328999955 ], [ -70.604376062999904, -33.445168344999956 ], [ -70.604442307999932, -33.445176488999948 ], [ -70.604629337999938, -33.445201122999947 ], [ -70.605453522999937, -33.445319920999907 ], [ -70.606008751999923, -33.445399950999956 ], [ -70.606064571999923, -33.445407995999915 ], [ -70.606166321999922, -33.445420205999937 ], [ -70.606166456999915, -33.445420222999928 ], [ -70.606166541999926, -33.445420233999926 ], [ -70.606262020999907, -33.445432492999942 ], [ -70.606960025999911, -33.445510182999953 ], [ -70.607169023999916, -33.445533445999956 ], [ -70.607169197999951, -33.445533464999926 ], [ -70.607430441999952, -33.445561794999946 ], [ -70.60756301899994, -33.445576171999903 ], [ -70.608023442999922, -33.445626098999924 ], [ -70.608091230999946, -33.445634201999951 ], [ -70.608091371999933, -33.445634218999942 ], [ -70.608091500999933, -33.445634233999954 ], [ -70.608133595999902, -33.445638197999926 ], [ -70.608322338999926, -33.445664367999939 ], [ -70.608639149999931, -33.445708293999928 ], [ -70.608770313999912, -33.445738037999945 ], [ -70.608770809999953, -33.445738149999954 ], [ -70.608832563999954, -33.44575087599992 ], [ -70.609377514999949, -33.445897114999923 ], [ -70.609462337999901, -33.445922950999943 ], [ -70.609462709999946, -33.445923063999942 ], [ -70.609507323999935, -33.445936011999947 ], [ -70.609700905999944, -33.445987607999939 ], [ -70.610269548999952, -33.44616058999992 ], [ -70.610352980999949, -33.446182051999926 ], [ -70.610353042999918, -33.446182067999928 ], [ -70.610401628999909, -33.446194947999913 ], [ -70.611165874999926, -33.44641949399994 ], [ -70.611217210999939, -33.44643235399991 ], [ -70.611289652999915, -33.44644123899991 ], [ -70.611316592999913, -33.446444542999927 ], [ -70.611316700999907, -33.446444555999904 ], [ -70.611316740999939, -33.446444560999907 ], [ -70.611316823999914, -33.446444570999915 ], [ -70.611316945999931, -33.446444588999952 ], [ -70.611637421999944, -33.446491966999929 ], [ -70.611696515999938, -33.446500703999902 ], [ -70.611841773999913, -33.446522178999942 ], [ -70.612088873999937, -33.44655870999992 ], [ -70.612613737999936, -33.446636303999924 ], [ -70.612699889999931, -33.446649040999944 ], [ -70.612966788999927, -33.446688498999947 ], [ -70.612985981999941, -33.446691335999958 ], [ -70.613146811999911, -33.446715112999925 ], [ -70.613538131999917, -33.446772961999955 ], [ -70.613682699999913, -33.446794332999957 ], [ -70.613896014999909, -33.446825866999916 ], [ -70.613896095999905, -33.446825878999903 ], [ -70.613867687999914, -33.446974842999907 ], [ -70.61383160999992, -33.447164029999954 ], [ -70.613831442999924, -33.447164906999944 ], [ -70.613749640999913, -33.447558268999956 ], [ -70.613859543999922, -33.44757487499993 ], [ -70.614204794999921, -33.447631262999948 ], [ -70.614713304999952, -33.447714315999917 ], [ -70.615139133999946, -33.447783861999937 ], [ -70.615419365999912, -33.447829628999955 ], [ -70.615689891999921, -33.44787380799994 ], [ -70.615956131999951, -33.447917288999918 ], [ -70.615956267999934, -33.447917311999902 ], [ -70.615956990999905, -33.447917451999956 ], [ -70.616130765999912, -33.447951214999932 ], [ -70.616162986999939, -33.447957474999953 ], [ -70.616195785999935, -33.447963847999915 ], [ -70.616232908999905, -33.447971060999919 ], [ -70.616274995999902, -33.447979237999903 ], [ -70.616322883999942, -33.447988541999905 ], [ -70.616374510999947, -33.44799857299995 ], [ -70.616412795999906, -33.448006010999904 ], [ -70.616450565999912, -33.44801334899995 ], [ -70.616482488999907, -33.448019550999902 ], [ -70.616509579999899, -33.44802481499994 ], [ -70.616511336999906, -33.448025155999915 ], [ -70.616511487999901, -33.448025184999949 ], [ -70.616521747999911, -33.448027177999904 ], [ -70.61652250599991, -33.448027307999951 ], [ -70.616539700999908, -33.448030263999954 ], [ -70.616622058999951, -33.448044421999953 ], [ -70.616638358999921, -33.448047223999936 ], [ -70.616658774999905, -33.448050733999935 ], [ -70.616678053999919, -33.448054047999904 ], [ -70.616692859999944, -33.448056592999933 ], [ -70.616703829999949, -33.44805847899994 ], [ -70.616721413999926, -33.448061501999916 ], [ -70.616737778999948, -33.448064314999954 ], [ -70.616756807999934, -33.448067585999922 ], [ -70.616777836999916, -33.448071200999948 ], [ -70.616802439999901, -33.448075429999903 ], [ -70.616821535999918, -33.448078712999916 ], [ -70.616831285999922, -33.448080388999927 ], [ -70.616845563999902, -33.448082842999952 ], [ -70.6168568679999, -33.448084785999924 ], [ -70.616870232999929, -33.448087083999951 ], [ -70.616885325999931, -33.448089678999906 ], [ -70.61688812999995, -33.448090160999925 ], [ -70.616894725999941, -33.448091294999927 ], [ -70.616913819999922, -33.448094576999949 ], [ -70.616922463999913, -33.448096062999923 ], [ -70.616932918999908, -33.448097859999905 ], [ -70.616942478999931, -33.448099502999924 ], [ -70.616951099999937, -33.44810098499994 ], [ -70.616959446999942, -33.448102419999941 ], [ -70.616965819999905, -33.448103515999946 ], [ -70.616974174999939, -33.448104951999937 ], [ -70.616981997999915, -33.448106296999924 ], [ -70.616989883999906, -33.448107652999909 ], [ -70.616999530999919, -33.448109310999939 ], [ -70.617008851999913, -33.448110912999937 ], [ -70.617016226999908, -33.448112180999942 ], [ -70.61702254599993, -33.44811326699994 ], [ -70.617029696999907, -33.448114495999903 ], [ -70.617036421999899, -33.448115651999956 ], [ -70.617044638999914, -33.448117064999906 ], [ -70.617054374999952, -33.448118738999938 ], [ -70.61706373599992, -33.448120347999918 ], [ -70.617070782999917, -33.448121558999958 ], [ -70.617079863999948, -33.448123119999934 ], [ -70.617086431999951, -33.448124248999932 ], [ -70.61709249799992, -33.448125291999929 ], [ -70.617098595999948, -33.448126339999931 ], [ -70.617102207999949, -33.448126960999957 ], [ -70.617106748999902, -33.44812774199994 ], [ -70.6171068189999, -33.448127753999927 ], [ -70.617106890999935, -33.448127766999903 ], [ -70.617819660999942, -33.448258247999945 ], [ -70.618437657999948, -33.448371927999915 ], [ -70.61843812199993, -33.448370303999923 ], [ -70.618438492999928, -33.448368975999927 ], [ -70.618479584999932, -33.448221941999918 ], [ -70.61858503499991, -33.447844707999934 ], [ -70.618642779999902, -33.447638133999931 ], [ -70.618769968999914, -33.447258339999905 ], [ -70.618934458999945, -33.447291698999948 ], [ -70.619561333999911, -33.447418825999932 ], [ -70.619856023999944, -33.447478585999932 ], [ -70.619856075999905, -33.447478596999929 ], [ -70.619856225999911, -33.447478626999953 ], [ -70.620229582999912, -33.447550660999923 ], [ -70.620514954999919, -33.447605719999956 ], [ -70.620906666999929, -33.447681295999928 ], [ -70.620906861999913, -33.447681333999924 ], [ -70.621216974999925, -33.447743697999954 ], [ -70.621834346999947, -33.447867849999909 ], [ -70.621890219999898, -33.447879084999954 ], [ -70.622254006999924, -33.447952240999939 ], [ -70.622254068999951, -33.447952252999926 ], [ -70.6222542779999, -33.447952294999936 ], [ -70.622258384999952, -33.447953140999914 ], [ -70.62324213699992, -33.448155742999916 ], [ -70.623242203999951, -33.448155756999938 ], [ -70.623242409999932, -33.448155798999949 ], [ -70.623724919999916, -33.448248618999912 ], [ -70.623725000999912, -33.448248634999914 ], [ -70.623725217999947, -33.448248676999924 ], [ -70.624420358999942, -33.448388371999954 ], [ -70.624490510999919, -33.448400913999933 ], [ -70.624490640999909, -33.448400936999917 ], [ -70.624490856999898, -33.448400975999903 ], [ -70.624493990999952, -33.448401609999905 ], [ -70.624532700999907, -33.448409445999914 ], [ -70.625126863999924, -33.448531629999934 ], [ -70.625295401999949, -33.448566286999949 ], [ -70.625338473999932, -33.448565721999955 ], [ -70.62533936299991, -33.448565709999912 ], [ -70.625342392999926, -33.448565669999937 ], [ -70.625348450999923, -33.44856559099992 ], [ -70.62535489499993, -33.448565506999955 ], [ -70.62536463899994, -33.448565378999945 ], [ -70.625364908999927, -33.448565445999918 ], [ -70.625364954999952, -33.448565456999916 ], [ -70.626245904999905, -33.448783722999906 ], [ -70.626246155999922, -33.448783784999932 ], [ -70.626663262999898, -33.448886531999904 ], [ -70.626770995999948, -33.448912090999954 ], [ -70.626771103999943, -33.448912116999907 ], [ -70.626771248999944, -33.448912151999934 ], [ -70.626771320999921, -33.448912168999925 ], [ -70.626884587999939, -33.448928718999923 ], [ -70.627051018999907, -33.448960513999907 ], [ -70.62781255099992, -33.449105996999947 ], [ -70.627988685999924, -33.449139643999956 ], [ -70.627988711999933, -33.449139647999914 ], [ -70.627988863999917, -33.449139678999927 ], [ -70.628163565999898, -33.449175035999929 ], [ -70.628218430999937, -33.449186137999902 ], [ -70.628950924999913, -33.449334379999925 ], [ -70.628951020999921, -33.449334398999952 ], [ -70.628951316999917, -33.449334458999942 ], [ -70.629153382999903, -33.449372953999955 ], [ -70.629248280999946, -33.449391032999927 ], [ -70.629448960999923, -33.449429264999935 ], [ -70.629544033999935, -33.449447376999956 ], [ -70.629554518999953, -33.449449374999915 ], [ -70.629565003999915, -33.449451371999942 ], [ -70.629586751999909, -33.449455515999944 ], [ -70.629620381999928, -33.449461921999955 ], [ -70.629638128999943, -33.449465302999954 ], [ -70.629653768999901, -33.449468282999931 ], [ -70.629660092999927, -33.449469493999914 ], [ -70.629660178999927, -33.449469511999951 ], [ -70.629775786999915, -33.449493949999919 ], [ -70.62977725099995, -33.449494258999948 ], [ -70.629780320999942, -33.449494907999906 ], [ -70.629782753999905, -33.44949536799993 ], [ -70.629852777999929, -33.449508608999906 ], [ -70.62986331299993, -33.449510600999929 ], [ -70.629883388999929, -33.449514397999906 ], [ -70.629897985999946, -33.449517157999935 ], [ -70.629898479999952, -33.449517250999918 ], [ -70.629908812999929, -33.449519204999945 ], [ -70.630311975999916, -33.449595441999918 ], [ -70.630420652999931, -33.449615991999906 ], [ -70.630470121999906, -33.449625345999948 ], [ -70.630504794999922, -33.449631902999954 ], [ -70.630610511999919, -33.449651893999942 ], [ -70.630802650999954, -33.449688226999911 ], [ -70.630904818999909, -33.449707545999956 ], [ -70.631086668999899, -33.449741932999927 ], [ -70.631398950999937, -33.449800983999921 ], [ -70.631426906999934, -33.449806269999954 ], [ -70.63143305299991, -33.449807431999943 ], [ -70.631446805999929, -33.449810032999949 ], [ -70.631454421999933, -33.449811472999954 ], [ -70.631467166999926, -33.449813882999933 ], [ -70.631474576999949, -33.449815283999953 ], [ -70.631474630999946, -33.449815293999904 ], [ -70.631527376999941, -33.449825268999916 ], [ -70.631527566999921, -33.449825303999944 ], [ -70.631529620999913, -33.449825691999933 ], [ -70.631545750999919, -33.449828741999909 ], [ -70.631569919999947, -33.449833312999942 ], [ -70.63158451399994, -33.449836072999915 ], [ -70.631588539999939, -33.449836833999939 ], [ -70.631614559999946, -33.44984175399992 ], [ -70.631614909999939, -33.449841819999904 ], [ -70.63162432799993, -33.449843600999941 ], [ -70.631624977999934, -33.449843723999948 ], [ -70.631627370999922, -33.449844175999942 ], [ -70.631638030999909, -33.449846192999928 ], [ -70.631615214999954, -33.44992250699994 ], [ -70.631539929999917, -33.450174299999958 ], [ -70.631368671999951, -33.450747077999949 ], [ -70.631214763999935, -33.451280159999953 ], [ -70.631049429999905, -33.451852817999907 ], [ -70.631034603999922, -33.451904168999931 ], [ -70.631016889999898, -33.451965523999945 ], [ -70.63090970099995, -33.452336787999911 ], [ -70.630631523999909, -33.453250443999934 ], [ -70.630512341999918, -33.453641897999944 ], [ -70.630360407999945, -33.454140915999915 ], [ -70.630249960999947, -33.454525894999904 ], [ -70.630215516999954, -33.454645954999933 ], [ -70.630160697999941, -33.454771260999905 ], [ -70.63013047599992, -33.454836346999912 ], [ -70.630059457999948, -33.455080235999958 ], [ -70.6299724349999, -33.455398369999955 ], [ -70.629966514999921, -33.455420011999934 ], [ -70.629918292999946, -33.455596297999932 ], [ -70.629914690999954, -33.45560946899991 ], [ -70.629844380999941, -33.45586650599995 ], [ -70.629568398999936, -33.456875433999926 ], [ -70.629313519999926, -33.457772577999947 ], [ -70.629304023999907, -33.457806000999938 ], [ -70.629125034999902, -33.458436026999948 ], [ -70.628952115999937, -33.459014750999927 ], [ -70.628675657999906, -33.459940002999929 ], [ -70.628574471999912, -33.460278651999943 ], [ -70.62813101699993, -33.461859589999904 ], [ -70.62808139099991, -33.462036509999905 ], [ -70.627970676999951, -33.462415363999924 ], [ -70.627681908999932, -33.463403507999942 ], [ -70.627446358999919, -33.464209539999956 ], [ -70.627263613999901, -33.464852547999953 ], [ -70.627184314999909, -33.46513157399994 ], [ -70.626872041999945, -33.466230341999903 ], [ -70.626549139999952, -33.467351288999907 ], [ -70.626536758999919, -33.467394267999907 ], [ -70.626523978999899, -33.467438631999926 ], [ -70.62646247999993, -33.467652127999941 ], [ -70.626363565999952, -33.468032123999933 ], [ -70.626255458999935, -33.468466442999954 ], [ -70.626225707999936, -33.468554059999917 ], [ -70.62617561199994, -33.468669726999906 ], [ -70.62611108099992, -33.468785261999926 ], [ -70.626067014999933, -33.468856654999911 ], [ -70.625975567999944, -33.468977829999915 ], [ -70.625969227999917, -33.468986230999917 ], [ -70.625862538999911, -33.469127600999911 ], [ -70.62585643999995, -33.469133167999928 ], [ -70.62579496099994, -33.469189289999917 ], [ -70.625738562999913, -33.469238059999952 ], [ -70.62572356499993, -33.469251029999953 ], [ -70.625648112999897, -33.469300021999913 ], [ -70.625616219999927, -33.469318101999932 ], [ -70.625599849999901, -33.469327381999904 ], [ -70.625518791999923, -33.469372809999925 ], [ -70.625464544999943, -33.469402647999914 ], [ -70.625394913999912, -33.469440948999932 ], [ -70.625223202999905, -33.469542135999916 ], [ -70.625201871999934, -33.46955470599994 ], [ -70.625149871999952, -33.469585354999936 ], [ -70.625149801999953, -33.469585389999907 ], [ -70.625148975999934, -33.469585876999929 ], [ -70.625117394999904, -33.469604486999913 ], [ -70.625111652999919, -33.469607870999937 ], [ -70.625108693999948, -33.469609712999954 ], [ -70.625108298999919, -33.469609958999911 ], [ -70.625108261999912, -33.469609976999948 ], [ -70.62510822999991, -33.469609996999907 ], [ -70.625107797999931, -33.469610261999946 ], [ -70.625106393999943, -33.469611143999941 ], [ -70.625104749999934, -33.469612176999931 ], [ -70.625088208999898, -33.469622569999956 ], [ -70.625068210999927, -33.469635137999944 ], [ -70.624990756999921, -33.46968381399995 ], [ -70.6249175129999, -33.469737773999952 ], [ -70.62471914799994, -33.469866101999912 ], [ -70.624600464999901, -33.46997227199995 ], [ -70.624518946999899, -33.47004987999992 ], [ -70.624457714999949, -33.470127083999955 ], [ -70.624357944999929, -33.470276417999912 ], [ -70.624341378999929, -33.470309954999948 ], [ -70.624316170999919, -33.470360985999946 ], [ -70.624194097999919, -33.470599804999949 ], [ -70.624189079999951, -33.470609622999916 ], [ -70.624117585999898, -33.470749489999946 ], [ -70.624051873999917, -33.470955245999903 ], [ -70.623925557999939, -33.471453462999932 ], [ -70.623844832999907, -33.471771859999933 ], [ -70.623797950999915, -33.471956765999948 ], [ -70.623618638999915, -33.472663994999948 ], [ -70.623371095999914, -33.473640326999941 ], [ -70.623203452999917, -33.474310883999919 ], [ -70.623049883999897, -33.474925135999911 ], [ -70.623049597999909, -33.474926278999931 ], [ -70.623049322999918, -33.47492737999994 ], [ -70.623048896999933, -33.47492735599991 ], [ -70.622981599999946, -33.474923507999904 ], [ -70.622952574999942, -33.474921847999951 ], [ -70.622909806999928, -33.474919514999954 ], [ -70.622888906999947, -33.474918374999902 ], [ -70.622888194999916, -33.474918339999931 ], [ -70.622848942999951, -33.474916408999945 ], [ -70.62284841099995, -33.474916382999936 ], [ -70.621974523999938, -33.474873390999903 ], [ -70.620564395999907, -33.47480401599995 ], [ -70.620088532999944, -33.474780603999932 ], [ -70.619839287999923, -33.474768340999958 ], [ -70.61983667599992, -33.474768211999958 ], [ -70.619438274999936, -33.474755381999955 ], [ -70.619178449999936, -33.474740468999926 ], [ -70.618670387999941, -33.474711304999914 ], [ -70.61757007999995, -33.474658035999937 ], [ -70.617497712999921, -33.474654470999951 ], [ -70.617497618999948, -33.474654465999947 ], [ -70.616927176999923, -33.474625843999945 ], [ -70.616872020999949, -33.47462216699995 ], [ -70.616870610999911, -33.474622072999921 ], [ -70.616322124999954, -33.474588715999914 ], [ -70.616321291999952, -33.474588664999942 ], [ -70.616321172999903, -33.474588657999902 ], [ -70.615548910999905, -33.474549272999923 ], [ -70.615546647999906, -33.474549157999945 ], [ -70.615384606999953, -33.474541166999927 ], [ -70.615040411999928, -33.474524192999922 ], [ -70.614175883999906, -33.474479296999903 ], [ -70.614052572999924, -33.474472894999906 ], [ -70.613790918999939, -33.474459305999915 ], [ -70.613788038999928, -33.474459203999913 ], [ -70.613787850999927, -33.474459196999931 ], [ -70.613633657999912, -33.474453697999934 ], [ -70.613451125999916, -33.474447188999932 ], [ -70.613450959999909, -33.474447182999938 ], [ -70.613439537999909, -33.474446774999933 ], [ -70.613437450999925, -33.47444670099992 ], [ -70.613430678999919, -33.474446459999911 ], [ -70.613420423999912, -33.474446093999916 ], [ -70.612802362999901, -33.474416671999904 ], [ -70.612477879999915, -33.474401224999951 ], [ -70.612231316999953, -33.474389487999929 ], [ -70.61223027199992, -33.474389437999946 ], [ -70.611029194999901, -33.474323893999951 ], [ -70.611029070999905, -33.474323887999958 ], [ -70.609890049999933, -33.474266587999921 ], [ -70.609889474999932, -33.474266558999943 ], [ -70.608887145999915, -33.474213568999915 ], [ -70.608593062999944, -33.474198023999918 ], [ -70.608525736999923, -33.474194461999957 ], [ -70.608277623999925, -33.47418134499992 ], [ -70.60810912799991, -33.474172436999936 ], [ -70.608106172999953, -33.47417231299994 ], [ -70.607450847999928, -33.474144904999946 ], [ -70.606322225999918, -33.474087392999934 ], [ -70.605622168999901, -33.474048609999954 ], [ -70.604513135999923, -33.473987170999919 ], [ -70.604343191999931, -33.473977755999954 ], [ -70.604259700999933, -33.473987848999911 ], [ -70.60425964399991, -33.473987855999951 ], [ -70.604168872999935, -33.473970993999956 ], [ -70.603714751999917, -33.473948849999942 ], [ -70.603444587999945, -33.473935671999925 ], [ -70.602713186999949, -33.473900001999937 ], [ -70.602707810999902, -33.473899739999922 ], [ -70.60270741699992, -33.473899720999952 ], [ -70.60206158099993, -33.473864145999926 ], [ -70.601255213999934, -33.47381972799991 ], [ -70.601248966999947, -33.47381938399991 ], [ -70.601248822999935, -33.473819375999938 ], [ -70.600768514999913, -33.473793411999907 ], [ -70.600575654999943, -33.473782985999947 ], [ -70.600575586999923, -33.473782981999932 ], [ -70.600002472999904, -33.47375431599994 ], [ -70.600002369999913, -33.473754310999936 ], [ -70.599999661999902, -33.473754167999914 ], [ -70.599849176999953, -33.473746228999914 ], [ -70.599717554999927, -33.473739284999908 ], [ -70.599456700999951, -33.473725522999928 ], [ -70.599453023999899, -33.473725328999933 ], [ -70.598818951999931, -33.473692417999928 ], [ -70.598817926999914, -33.47369236499992 ], [ -70.598757354999918, -33.473689220999916 ], [ -70.598757263999914, -33.473689215999912 ], [ -70.598714024999936, -33.473687184999903 ], [ -70.598524926999914, -33.47367830099995 ], [ -70.598293013999921, -33.473667404999958 ], [ -70.598278314999902, -33.473666713999933 ], [ -70.598272378999923, -33.473666434999927 ], [ -70.598224475999928, -33.473664183999915 ], [ -70.598168506999912, -33.473661553999932 ], [ -70.598162431999924, -33.473661268999933 ], [ -70.598153109999942, -33.473660830999904 ], [ -70.598001243999931, -33.473653699999943 ], [ -70.59723430899993, -33.473617663999903 ], [ -70.597232364999911, -33.473617572999956 ], [ -70.597173579999946, -33.473614810999948 ], [ -70.597100375999901, -33.473611371999937 ], [ -70.597052575999953, -33.473609125999928 ], [ -70.597028759999944, -33.473608006999939 ], [ -70.596949866999921, -33.473604300999909 ], [ -70.596947477999947, -33.473603859999912 ], [ -70.596919485999933, -33.473598697999932 ], [ -70.596919433999915, -33.473598687999925 ], [ -70.596861578999949, -33.47358801699994 ], [ -70.596632074999945, -33.473545686999955 ], [ -70.59659819399991, -33.473539437999932 ], [ -70.596538728999917, -33.473528469999906 ], [ -70.59642767899993, -33.473476063999954 ], [ -70.595994331999918, -33.473467464999942 ], [ -70.595963719999929, -33.473466856999949 ], [ -70.595896423999932, -33.473465520999923 ], [ -70.595811619999949, -33.473469680999926 ], [ -70.595796039999925, -33.473470444999919 ], [ -70.595483161999937, -33.473485791999906 ], [ -70.595428162999951, -33.473488489999909 ], [ -70.595116591999954, -33.473503771999958 ], [ -70.594950727999901, -33.473511905999942 ], [ -70.594583817999933, -33.473532442999954 ], [ -70.594496525999944, -33.473537328999953 ], [ -70.593885910999916, -33.473571505999928 ], [ -70.593792421999922, -33.473576738999952 ], [ -70.593539234999923, -33.473590909999928 ], [ -70.59335989899995, -33.473600946999909 ], [ -70.593277077999915, -33.473605582999937 ], [ -70.593123265999907, -33.473612631999913 ], [ -70.592887865999899, -33.473623418999921 ], [ -70.592646764999927, -33.473634466999954 ], [ -70.592555300999948, -33.473639569999932 ], [ -70.592457544999945, -33.47364502399995 ], [ -70.592342365999912, -33.47365144999992 ], [ -70.592259392999949, -33.473656079999955 ], [ -70.592202227999906, -33.473659268999938 ], [ -70.592132479999918, -33.473663159999944 ], [ -70.592109146999917, -33.473664461999931 ], [ -70.59208076199991, -33.473666045999948 ], [ -70.592080680999914, -33.473666050999952 ], [ -70.59206493399995, -33.473667880999926 ], [ -70.592012046999912, -33.473674026999902 ], [ -70.591925506999928, -33.473684083999956 ], [ -70.591469942999936, -33.473737023999945 ], [ -70.59103128299995, -33.473790514999905 ], [ -70.590979745999903, -33.473796799999946 ], [ -70.590271408999911, -33.473883175999902 ], [ -70.590255353999908, -33.473884916999907 ], [ -70.590082790999929, -33.473903632999907 ], [ -70.589876183999934, -33.473920295999903 ], [ -70.589871493999908, -33.473920673999942 ], [ -70.589804670999911, -33.473926062999908 ], [ -70.589750359999925, -33.473930442999915 ], [ -70.589682534999952, -33.47394720199992 ], [ -70.589673361999928, -33.473949467999944 ], [ -70.5894894569999, -33.473951826999951 ], [ -70.589433310999937, -33.473952546999953 ], [ -70.589233453999952, -33.473910018999902 ], [ -70.589208922999944, -33.473904916999913 ], [ -70.588988380999922, -33.47385905099992 ], [ -70.588905340999929, -33.473842028999911 ], [ -70.588864163999915, -33.473833588999923 ], [ -70.588838384999917, -33.473831719999907 ], [ -70.588758456999926, -33.47382592699995 ], [ -70.588744624999947, -33.473880212999916 ], [ -70.588733344999923, -33.473925448999921 ], [ -70.58871703199992, -33.473961451999912 ], [ -70.588704573999905, -33.473988946999953 ], [ -70.588693121999938, -33.474014821999958 ], [ -70.588692139999921, -33.474017041999957 ], [ -70.588623449999943, -33.474004572999945 ], [ -70.588617206999913, -33.474003440999923 ], [ -70.588592904999928, -33.473999028999913 ], [ -70.588557690999949, -33.473992637999913 ], [ -70.588551834999919, -33.473991574999957 ], [ -70.588492164999934, -33.473980742999913 ], [ -70.587991674999898, -33.473889896999935 ], [ -70.587946092999914, -33.473881622999954 ], [ -70.587755535999918, -33.473847033999903 ], [ -70.587615551999932, -33.473821624999914 ], [ -70.587564699999916, -33.473812394999925 ], [ -70.587358074999941, -33.473774888999912 ], [ -70.587085171999945, -33.473725352999907 ], [ -70.586989027999948, -33.473707901999944 ], [ -70.586963608999952, -33.473703287999911 ], [ -70.586919595999916, -33.473695298999928 ], [ -70.586919467999905, -33.473695275999944 ], [ -70.586919340999941, -33.473695252999903 ], [ -70.586917245999928, -33.473694872999943 ], [ -70.586859293999908, -33.473684351999907 ], [ -70.586868735999929, -33.473636581999926 ], [ -70.586875087999942, -33.473604446999957 ], [ -70.586876455999914, -33.473597526999924 ], [ -70.586894640999901, -33.473525146999918 ], [ -70.586932317999924, -33.473470554999949 ], [ -70.586914441999909, -33.473469314999932 ], [ -70.586822550999898, -33.473462941999912 ], [ -70.586749587999918, -33.473481912999944 ], [ -70.586657058999947, -33.473500391999949 ], [ -70.586556590999919, -33.47352045699995 ], [ -70.58653449399992, -33.473520739999913 ], [ -70.586396221999905, -33.473522510999942 ], [ -70.585987724999939, -33.473487657999954 ], [ -70.585644188999936, -33.473458347999951 ], [ -70.58547707699995, -33.47344408999993 ], [ -70.58539791499993, -33.47343582499991 ], [ -70.585042764999912, -33.473398742999905 ], [ -70.584861517999911, -33.473379817999955 ], [ -70.584626969999931, -33.473346759999913 ], [ -70.584509535999928, -33.473330208999926 ], [ -70.584382777999906, -33.473299304999955 ], [ -70.584250182999938, -33.473270395999918 ], [ -70.584184389999905, -33.473247941999944 ], [ -70.584028948999901, -33.473194893999903 ], [ -70.583856075999904, -33.473135896999906 ], [ -70.583501885999908, -33.472980827999947 ], [ -70.583467540999948, -33.472965790999922 ], [ -70.583414621999907, -33.472938333999934 ], [ -70.583321077999926, -33.472889797999926 ], [ -70.583238817999927, -33.472847115999912 ], [ -70.582670048999944, -33.472552002999919 ], [ -70.582653206999908, -33.47254326399991 ], [ -70.582533688999945, -33.47248124999993 ], [ -70.582441632999917, -33.472433485999943 ], [ -70.582305678999944, -33.47236294399994 ], [ -70.582010751999917, -33.472209917999919 ], [ -70.581997496999918, -33.472203039999954 ], [ -70.581997449999903, -33.472203015999924 ], [ -70.581997243999922, -33.472202908999918 ], [ -70.581809973999952, -33.472104764999926 ], [ -70.581488103999902, -33.47193608099991 ], [ -70.581487645999914, -33.471935840999947 ], [ -70.581269922999923, -33.471821737999903 ], [ -70.581263706999948, -33.471818479999911 ], [ -70.581188673999918, -33.471779639999909 ], [ -70.581159372999934, -33.471764471999904 ], [ -70.580763068999943, -33.471559327999955 ], [ -70.580587313999899, -33.471468348999906 ], [ -70.580395470999918, -33.471369042999925 ], [ -70.580315378999899, -33.471327583999937 ], [ -70.580314263999924, -33.47132691999991 ], [ -70.580241269999931, -33.471283436999954 ], [ -70.580160599999942, -33.471241825999925 ], [ -70.580157968999913, -33.471240468999952 ], [ -70.580133357999898, -33.471227773999942 ], [ -70.579552056999944, -33.470927925999945 ], [ -70.579519456999947, -33.470911109999918 ], [ -70.57929938299992, -33.47079759099995 ], [ -70.579055372999903, -33.470671724999931 ], [ -70.578967929999919, -33.470626619999905 ], [ -70.578959093999913, -33.470622061999904 ], [ -70.578877599999942, -33.470580024999947 ], [ -70.5788623279999, -33.470572146999928 ], [ -70.578746713999919, -33.470512796999913 ], [ -70.578695043999915, -33.470486272999949 ], [ -70.578636718999917, -33.470456331999912 ], [ -70.578612093999936, -33.470443690999957 ], [ -70.578365785999949, -33.470317250999926 ], [ -70.578293262999921, -33.470280020999951 ], [ -70.578153001999908, -33.470208017999937 ], [ -70.577405972999941, -33.469824527999947 ], [ -70.577357960999905, -33.469912579999914 ], [ -70.577303591999907, -33.469884288999936 ], [ -70.577299674999949, -33.469882266999946 ], [ -70.577299004999929, -33.469881913999927 ], [ -70.577291949999903, -33.469878241999936 ], [ -70.577285916999926, -33.469875108999929 ], [ -70.577263414999948, -33.46986338499994 ], [ -70.577234861999898, -33.469848528999933 ], [ -70.577142479999907, -33.46980046099992 ], [ -70.577035054999953, -33.469744566999907 ], [ -70.576904364999905, -33.469676568999944 ], [ -70.57687395499994, -33.469660744999942 ], [ -70.576873862999946, -33.469660698999917 ], [ -70.576672733999942, -33.469556048999948 ], [ -70.576618678999921, -33.469527923999919 ], [ -70.576596104999908, -33.469516177999935 ], [ -70.576582267999925, -33.469508978999954 ], [ -70.576578663999953, -33.469507103999945 ], [ -70.576576555999907, -33.46950600699995 ], [ -70.576576378999903, -33.469505399999946 ], [ -70.576573898999925, -33.46949619399993 ], [ -70.576573236999934, -33.469493735999947 ], [ -70.576570709999942, -33.469484353999917 ], [ -70.576569792999919, -33.469480951999913 ], [ -70.576567507999926, -33.469472469999914 ], [ -70.576567432999923, -33.469472189999919 ], [ -70.576562838999905, -33.469455136999954 ], [ -70.576561606999917, -33.469450563999942 ], [ -70.576553689999912, -33.469421173999933 ], [ -70.576552676999938, -33.469417413999906 ], [ -70.576546796999935, -33.469395586999951 ], [ -70.57653720299993, -33.469359973999929 ], [ -70.576533119999908, -33.469344815999932 ], [ -70.576532755999949, -33.469343464999952 ], [ -70.57653148199995, -33.469338735999941 ], [ -70.576529875999938, -33.469332772999906 ], [ -70.576529861999916, -33.469332719999954 ], [ -70.576528240999949, -33.469326703999911 ], [ -70.576521896999907, -33.469303152999942 ], [ -70.576517216999946, -33.46928578099994 ], [ -70.576516007999942, -33.469281293999927 ], [ -70.576505845999918, -33.469243570999936 ], [ -70.57650041699992, -33.469223420999924 ], [ -70.576498620999928, -33.469216753999945 ], [ -70.576495620999935, -33.469207426999958 ], [ -70.576489766999941, -33.469189223999933 ], [ -70.576483178999922, -33.46916873999993 ], [ -70.5764794399999, -33.469157113999927 ], [ -70.576472165999917, -33.469134496999914 ], [ -70.57647208599991, -33.469134247999932 ], [ -70.576466037999921, -33.469115442999907 ], [ -70.576458748999926, -33.469092779999926 ], [ -70.576448442999947, -33.469060734999914 ], [ -70.576448135999954, -33.469059781999931 ], [ -70.576445356999898, -33.469051140999909 ], [ -70.576441452999916, -33.469039001999931 ], [ -70.576435569999944, -33.469020710999928 ], [ -70.576435348999951, -33.469020023999917 ], [ -70.576423302999899, -33.468982567999944 ], [ -70.576416607999931, -33.468961751999927 ], [ -70.57641254899994, -33.468949131999921 ], [ -70.576402290999908, -33.468913801999918 ], [ -70.576394614999913, -33.468887355999925 ], [ -70.576392322999936, -33.468879461999904 ], [ -70.576392312999928, -33.468879426999933 ], [ -70.576383470999929, -33.46884896499995 ], [ -70.576383012999941, -33.468847387999915 ], [ -70.576382157999944, -33.468844439999941 ], [ -70.576375316999929, -33.468820872999913 ], [ -70.576367958999924, -33.468795526999941 ], [ -70.576367943999912, -33.468795475999912 ], [ -70.576366519999908, -33.468791539999927 ], [ -70.5763501429999, -33.468746291999935 ], [ -70.576341231999947, -33.468721670999912 ], [ -70.576322269999935, -33.468669277999936 ], [ -70.576267963999953, -33.468519231999949 ], [ -70.576247552999916, -33.46846344699992 ], [ -70.576188766999906, -33.468302776999906 ], [ -70.5761873699999, -33.468298959999913 ], [ -70.576127510999925, -33.468135358999916 ], [ -70.576056577999907, -33.467941491999909 ], [ -70.57596690999992, -33.46769886699991 ], [ -70.575930713999924, -33.467600925999932 ], [ -70.575882373999946, -33.467469087999916 ], [ -70.575829702999954, -33.467325437999932 ], [ -70.575797523999938, -33.467237675999911 ], [ -70.575772357999938, -33.467169041999909 ], [ -70.575561965999952, -33.466595238999957 ], [ -70.575270509999939, -33.465845004999949 ], [ -70.5748625089999, -33.464794766999944 ], [ -70.574779572999944, -33.464576670999918 ], [ -70.574753464999901, -33.464508015999911 ], [ -70.574751592999917, -33.464503092999905 ], [ -70.574746467999944, -33.464489615999923 ], [ -70.574560355999949, -33.464000201999909 ], [ -70.574558938999928, -33.46399647699991 ], [ -70.573957389999919, -33.462414549999949 ], [ -70.57393649799991, -33.462359608999918 ], [ -70.573928965999926, -33.462339800999928 ], [ -70.573839767999914, -33.462134917999947 ], [ -70.573760250999953, -33.461992610999914 ], [ -70.5736577159999, -33.461805874999925 ], [ -70.57313701399994, -33.460857578999935 ], [ -70.573082246999945, -33.460741980999956 ], [ -70.572965861999933, -33.460496322999916 ], [ -70.572937694999951, -33.46043686999991 ], [ -70.572890819999941, -33.460337929999923 ], [ -70.572773519999942, -33.460090338999919 ], [ -70.572773440999924, -33.460090100999935 ], [ -70.57276038099991, -33.460050868999929 ], [ -70.572757053999908, -33.460040875999937 ], [ -70.572754472999918, -33.460033105999912 ], [ -70.572717495999939, -33.459921806999944 ], [ -70.572674643999903, -33.459792825999955 ], [ -70.572648492999917, -33.459714112999905 ], [ -70.572626391999904, -33.459647590999907 ], [ -70.572619602999907, -33.459627157999932 ], [ -70.572465206999937, -33.459162434999939 ], [ -70.572418053999911, -33.459030382999913 ], [ -70.572398158999931, -33.458974665999904 ], [ -70.572398010999905, -33.458974251999905 ], [ -70.57239758399993, -33.458973163999929 ], [ -70.572396790999903, -33.45897114099995 ], [ -70.57239483099994, -33.458966142999941 ], [ -70.572394367999948, -33.458964963999904 ], [ -70.57239080599993, -33.458955880999952 ], [ -70.572390373999951, -33.458954779999942 ], [ -70.572389514999941, -33.45895258999991 ], [ -70.572386932999905, -33.458946005999906 ], [ -70.572386840999911, -33.458945769999957 ], [ -70.572368282999946, -33.458898452999904 ], [ -70.572346769999911, -33.458843601999945 ], [ -70.57210194299995, -33.458219365999923 ], [ -70.572000006999929, -33.457859151999912 ], [ -70.571988184999952, -33.457817376999913 ], [ -70.571966458999952, -33.457740603999923 ], [ -70.571949547999907, -33.457680840999956 ], [ -70.571864525999899, -33.457380394999916 ], [ -70.571807922999938, -33.457138957999916 ], [ -70.571754979999923, -33.456913138999937 ], [ -70.571699043999899, -33.45667454799991 ], [ -70.571664536999947, -33.456527364999943 ], [ -70.571631064999906, -33.456384595999907 ], [ -70.571609167999952, -33.456291195999938 ], [ -70.571576221999919, -33.456150666999918 ], [ -70.571575994999932, -33.456149698999923 ], [ -70.571470900999941, -33.455701421999947 ], [ -70.571444824999901, -33.455611445999921 ], [ -70.571438561999912, -33.455589834999955 ], [ -70.571425563999924, -33.455544983999914 ], [ -70.571394986999906, -33.455439474999935 ], [ -70.571339431999945, -33.455247779999922 ], [ -70.571324106999953, -33.455194899999924 ], [ -70.571285617999933, -33.45506208899991 ], [ -70.571238864999941, -33.454900764999934 ], [ -70.571102802999917, -33.454431270999919 ], [ -70.571083462999923, -33.454364535999957 ], [ -70.571070659999918, -33.454307803999939 ], [ -70.570985084999904, -33.453928597999948 ], [ -70.570977450999919, -33.453894770999909 ], [ -70.570971222999901, -33.453867171999946 ], [ -70.57095510399995, -33.453795743999933 ], [ -70.570906459999946, -33.453580196999951 ], [ -70.570906446999913, -33.45358013099991 ], [ -70.570877085999939, -33.453450023999949 ], [ -70.57086976599993, -33.453417588999912 ], [ -70.570869430999949, -33.45339899499993 ], [ -70.570864532999906, -33.453127427999902 ], [ -70.570864293999932, -33.453114153999934 ], [ -70.570863276999944, -33.453057774999934 ], [ -70.570865675999926, -33.452953840999953 ], [ -70.570867116999921, -33.45290527599991 ], [ -70.570869285999947, -33.452832174999912 ], [ -70.570870992999915, -33.452774627999929 ], [ -70.570871757999953, -33.452767243999915 ], [ -70.570889193999903, -33.452598834999947 ], [ -70.570908298999939, -33.45247319099991 ], [ -70.570914307999942, -33.45243963899992 ], [ -70.570956114999944, -33.452206215999922 ], [ -70.570977543999902, -33.452086571999928 ], [ -70.571010826999952, -33.451900740999918 ], [ -70.571044366999899, -33.451713472999927 ], [ -70.571044510999911, -33.451712667999914 ], [ -70.571044517999951, -33.451712640999915 ], [ -70.57104458099991, -33.451712279999924 ], [ -70.57104617199991, -33.451703396999903 ], [ -70.571070723999924, -33.451566313999933 ], [ -70.571091260999935, -33.451451650999957 ], [ -70.571124350999924, -33.451266897999915 ], [ -70.571175465999943, -33.450981501999934 ], [ -70.57121051699994, -33.450785796999924 ], [ -70.571216899999911, -33.450750158999938 ], [ -70.571238812999923, -33.450627810999947 ], [ -70.571249935999901, -33.450565708999932 ], [ -70.57129066199991, -33.45033832799993 ], [ -70.571347095999897, -33.450023233999957 ], [ -70.571374428999945, -33.449870624999903 ], [ -70.571426625999948, -33.449579191999931 ], [ -70.571466000999919, -33.449359345999937 ], [ -70.571479114999931, -33.449286127999926 ], [ -70.571494960999928, -33.449197560999949 ], [ -70.571510814999954, -33.449108949999925 ], [ -70.571514127999933, -33.449090430999945 ], [ -70.571643962999929, -33.44836474899995 ], [ -70.571660391999899, -33.448272923999923 ], [ -70.5717042469999, -33.44802779999992 ], [ -70.571704354999952, -33.448027149999916 ], [ -70.571704495999938, -33.448026303999939 ], [ -70.57174465199995, -33.447784160999902 ], [ -70.571744875999912, -33.447782810999911 ], [ -70.571793419999949, -33.447490089999917 ], [ -70.571830881999915, -33.447264193999956 ], [ -70.57185077999992, -33.447144212999945 ], [ -70.571888843999943, -33.446927615999925 ], [ -70.571906804999912, -33.446825407999938 ], [ -70.571984050999902, -33.44638584799992 ], [ -70.572004244999903, -33.446270935999905 ], [ -70.572049031999939, -33.446016081999915 ], [ -70.572064111999907, -33.445930270999952 ], [ -70.572067262999951, -33.44591233999995 ], [ -70.572080139999912, -33.445839064999916 ], [ -70.572141418999934, -33.445490360999941 ], [ -70.572175431999938, -33.445296809999945 ], [ -70.572255364999933, -33.444841956999937 ], [ -70.572257030999936, -33.44483247699992 ], [ -70.572296223999899, -33.444609453999931 ], [ -70.572302626999942, -33.444573016999925 ], [ -70.572380374999909, -33.444130597999958 ], [ -70.572385198999939, -33.444103144999929 ], [ -70.572403133999899, -33.444001087999936 ], [ -70.572403625999925, -33.443998285999953 ], [ -70.57240941799995, -33.443965329999912 ], [ -70.572409909999919, -33.443962527999929 ], [ -70.572419905999936, -33.443905644999916 ], [ -70.572420397999906, -33.443902842999933 ], [ -70.572421181999914, -33.443898378999904 ], [ -70.572457154999938, -33.443693674999906 ], [ -70.572457646999908, -33.443690872999923 ], [ -70.572459372999901, -33.443681042999913 ], [ -70.572470356999929, -33.443618535999917 ], [ -70.572517329999926, -33.443351224999958 ], [ -70.572530683999901, -33.443275228999937 ], [ -70.572550360999912, -33.443163255999934 ], [ -70.572662420999904, -33.44252555199995 ], [ -70.57266306899993, -33.442521863999957 ], [ -70.57267369099992, -33.442461415999958 ], [ -70.572708001999899, -33.442266159999917 ], [ -70.572777405999943, -33.441871199999923 ], [ -70.572823039999946, -33.441611511999952 ], [ -70.572844281999949, -33.44149062799994 ], [ -70.572859422999898, -33.441404365999915 ], [ -70.572859429999937, -33.44140432599994 ], [ -70.572859505999929, -33.441403861999902 ], [ -70.572881343999939, -33.441269839999904 ], [ -70.572908209999923, -33.441104970999902 ], [ -70.572914018999938, -33.441069321999919 ], [ -70.57293534899992, -33.440938420999942 ], [ -70.572977938999941, -33.440677056999903 ], [ -70.573042656999917, -33.44027990099994 ], [ -70.573091174999945, -33.439982154999939 ], [ -70.573143208999909, -33.439662830999907 ], [ -70.573152070999924, -33.439615470999911 ], [ -70.57318141199994, -33.439458659999957 ], [ -70.573182184999951, -33.439454527999942 ], [ -70.573216707999904, -33.439271091999956 ], [ -70.57323352599991, -33.439181725999958 ], [ -70.573282657999926, -33.438920668999913 ], [ -70.573283572999912, -33.438915804999908 ], [ -70.573332053999934, -33.438697910999906 ], [ -70.573344259999942, -33.438643049999939 ], [ -70.573348309999915, -33.438624851999919 ], [ -70.573354723999898, -33.438596022999945 ], [ -70.573396204999938, -33.438450665999937 ], [ -70.573402954999949, -33.438427013999956 ], [ -70.573455410999941, -33.438253227999951 ], [ -70.573456409999949, -33.43824991799994 ], [ -70.573459407999906, -33.438239985999928 ], [ -70.573463295999943, -33.438232110999934 ], [ -70.573508261999905, -33.438141044999952 ], [ -70.573526861999937, -33.438103374999912 ], [ -70.573537740999939, -33.438081343999954 ], [ -70.573606336999944, -33.437934370999926 ], [ -70.573606363999943, -33.437934338999924 ], [ -70.573613595999916, -33.437918846999935 ], [ -70.573614548999899, -33.437916805999919 ], [ -70.573616596999898, -33.437912417999939 ], [ -70.573636698999906, -33.437869355999908 ], [ -70.573637611999914, -33.437867400999949 ], [ -70.573736696999902, -33.437807491999934 ], [ -70.573736868999902, -33.437807388999943 ], [ -70.573739444999944, -33.437805830999935 ], [ -70.573825757999941, -33.43775364399994 ], [ -70.573833767999929, -33.43774880199993 ], [ -70.573851984999919, -33.437737787999936 ], [ -70.57385213099991, -33.437737699999957 ], [ -70.573869672999933, -33.437727093999911 ], [ -70.573870712999906, -33.437726464999912 ], [ -70.573969049999903, -33.437667008999938 ], [ -70.574014888999898, -33.437642024999946 ], [ -70.574039649999918, -33.437628528999937 ], [ -70.574082669999939, -33.437605080999958 ], [ -70.574497666999946, -33.437378891999913 ], [ -70.574689041999932, -33.437274584999955 ], [ -70.574705608999921, -33.437266335999936 ], [ -70.575042176999943, -33.437098749999905 ], [ -70.575074961999917, -33.437086221999948 ], [ -70.575237471999912, -33.437024121999912 ], [ -70.575448662999918, -33.436917726999923 ], [ -70.575846653999918, -33.436750338999957 ], [ -70.576202452999951, -33.436610539999947 ], [ -70.576261873999954, -33.43656920199993 ], [ -70.576458347999903, -33.436485538999932 ], [ -70.576766811999903, -33.436404959999948 ], [ -70.576913298999898, -33.436371839999936 ], [ -70.576935870999932, -33.436366736999958 ], [ -70.577018878999922, -33.436365680999927 ], [ -70.577312907999953, -33.436294958999952 ], [ -70.577385232999916, -33.43627756199993 ], [ -70.577398566999932, -33.43627435499991 ], [ -70.577434554999911, -33.436265698999932 ], [ -70.577435056999946, -33.436265577999905 ], [ -70.577482968999902, -33.436253971999918 ], [ -70.577483019999931, -33.436253959999931 ], [ -70.577768557999946, -33.436184793999928 ], [ -70.577993084999946, -33.436109789999932 ], [ -70.578077445999952, -33.436090678999904 ] ] ] ] } },
{ "type": "Feature", "properties": { "OBJECTID": 279, "CUT": 13123, "COD_REGION": 13, "REGION": "METROPOLITANA DE SANTIAGO", "COD_PROVINCIA": 131, "PROVINCIA": "SANTIAGO", "COMUNA": "PROVIDENCIA", "SHAPE_Length": 0.16076064135370774, "SHAPE_Area": 0.001396423656336659 }, "geometry": { "type": "MultiPolygon", "coordinates": [ [ [ [ -70.60648862599993, -33.409177763999935 ], [ -70.606489361999934, -33.409177762999946 ], [ -70.606511541999907, -33.409177726999928 ], [ -70.606512852999913, -33.40917772499995 ], [ -70.606524749999949, -33.409177705999923 ], [ -70.606581599999913, -33.409177614999919 ], [ -70.606656766999947, -33.409177493999948 ], [ -70.606746400999953, -33.409177349999936 ], [ -70.606823805999909, -33.409177224999951 ], [ -70.606908613999906, -33.409177088999911 ], [ -70.606927741999925, -33.409177057999955 ], [ -70.606942739999909, -33.409177033999924 ], [ -70.607029492999914, -33.409176894999916 ], [ -70.60763628199993, -33.409175919999939 ], [ -70.608270311999945, -33.409174900999915 ], [ -70.608615846999953, -33.409174345999929 ], [ -70.609366522999949, -33.409173142999919 ], [ -70.612116959999923, -33.409168734999923 ], [ -70.612619884999901, -33.409167922999927 ], [ -70.61296871199994, -33.409167359999913 ], [ -70.613846070999898, -33.409165942999948 ], [ -70.613846990999946, -33.40916593299994 ], [ -70.613946363999901, -33.409217794999904 ], [ -70.614152968999917, -33.409325619999947 ], [ -70.614245084999936, -33.409373694999942 ], [ -70.614496090999921, -33.409504692999917 ], [ -70.614506757999948, -33.409514341999909 ], [ -70.614573967999945, -33.409575144999906 ], [ -70.614585739999939, -33.409585793999952 ], [ -70.61463023999994, -33.409626051999908 ], [ -70.614655537999909, -33.409648938999908 ], [ -70.614655623999909, -33.409649016999936 ], [ -70.614655710999898, -33.409649094999907 ], [ -70.614685589999908, -33.409676124999919 ], [ -70.614702302999945, -33.40969124399993 ], [ -70.614795691999916, -33.409775728999932 ], [ -70.614938323999922, -33.40990476199994 ], [ -70.61495021099995, -33.409913605999918 ], [ -70.614977204999946, -33.409933690999935 ], [ -70.615062653999928, -33.409997271999941 ], [ -70.615156364999905, -33.410066998999923 ], [ -70.61529306299991, -33.410168710999926 ], [ -70.615385020999952, -33.410237133999942 ], [ -70.615442214999916, -33.410268192999922 ], [ -70.615675044999932, -33.410394627999949 ], [ -70.615733662999901, -33.41042645999994 ], [ -70.615822911999942, -33.410474925999949 ], [ -70.615842964999899, -33.410488119999911 ], [ -70.616163543999903, -33.410699053999906 ], [ -70.616232833999902, -33.410744644999909 ], [ -70.616235454999924, -33.410746091999954 ], [ -70.616246253999918, -33.410752053999943 ], [ -70.616251552999927, -33.410754979999922 ], [ -70.6163714569999, -33.410821183999929 ], [ -70.616663674999927, -33.410982525999941 ], [ -70.616670640999928, -33.410987421999948 ], [ -70.616670761999899, -33.410987506999902 ], [ -70.616670882999927, -33.410987591999913 ], [ -70.61674262899993, -33.411038018999932 ], [ -70.616954542999906, -33.411186960999942 ], [ -70.616966016999925, -33.411195025999916 ], [ -70.617037061999952, -33.411293301999933 ], [ -70.617115800999898, -33.411399705999941 ], [ -70.617183562999912, -33.411491278999904 ], [ -70.617221082999947, -33.41154198299995 ], [ -70.617232132999902, -33.411556915999938 ], [ -70.617338690999929, -33.411700916999905 ], [ -70.617373824999902, -33.41174839599995 ], [ -70.617374155999926, -33.411748842999941 ], [ -70.617600438999943, -33.411842411999942 ], [ -70.617607690999932, -33.411845410999945 ], [ -70.617610093999929, -33.411846403999903 ], [ -70.617617298999903, -33.411849382999947 ], [ -70.617685340999913, -33.411876227999926 ], [ -70.617860693999944, -33.41194540999993 ], [ -70.618124922999925, -33.412005091999902 ], [ -70.618152164999913, -33.412005601999908 ], [ -70.618266781999921, -33.412007750999919 ], [ -70.618514975999915, -33.411981965999928 ], [ -70.618597499999908, -33.411949634999928 ], [ -70.618705471999931, -33.41190733399992 ], [ -70.618902353999943, -33.411796543999913 ], [ -70.619100929999945, -33.411729210999908 ], [ -70.619234290999941, -33.411683990999904 ], [ -70.619354900999951, -33.411682415999906 ], [ -70.619417889999909, -33.411726685999952 ], [ -70.619538318999901, -33.411813362999908 ], [ -70.619667528999912, -33.411906359999932 ], [ -70.619775042999947, -33.411983741999904 ], [ -70.619787093999946, -33.411992414999929 ], [ -70.619829960999937, -33.412036558999944 ], [ -70.619985672999917, -33.41219691099991 ], [ -70.619999993999897, -33.412211658999922 ], [ -70.620008373999951, -33.412220287999958 ], [ -70.620011230999921, -33.412223230999928 ], [ -70.620038827999906, -33.412251649999916 ], [ -70.620046592999927, -33.412259645999939 ], [ -70.620061980999935, -33.412275491999935 ], [ -70.620076419999918, -33.412290361999908 ], [ -70.62008202699991, -33.412296135999952 ], [ -70.620082108999952, -33.412296219999917 ], [ -70.620082191999927, -33.412296304999927 ], [ -70.620102206999945, -33.412316916999941 ], [ -70.620282663999944, -33.412502748999941 ], [ -70.620323255999949, -33.41254454999995 ], [ -70.620394173999898, -33.412706008999919 ], [ -70.62041974999994, -33.412764238999955 ], [ -70.620439155999918, -33.412805956999932 ], [ -70.620515655999952, -33.412970407999921 ], [ -70.620566615999905, -33.413101713999936 ], [ -70.620649966999906, -33.413316479999935 ], [ -70.620787556999915, -33.41367099799993 ], [ -70.620798946999912, -33.413700347999907 ], [ -70.620819302999905, -33.413752798999951 ], [ -70.62082800099995, -33.413775210999916 ], [ -70.6208290699999, -33.413777963999905 ], [ -70.620833833999939, -33.413782529999935 ], [ -70.620879848999948, -33.413826636999943 ], [ -70.620883630999913, -33.413830262999909 ], [ -70.620903343999942, -33.413849158999938 ], [ -70.621004202999927, -33.413945836999915 ], [ -70.62101006499995, -33.41395145599995 ], [ -70.621029379999925, -33.41406887799991 ], [ -70.621030460999918, -33.414075447999949 ], [ -70.621044609999899, -33.41416145799991 ], [ -70.621050851999939, -33.414199405999909 ], [ -70.621055926999929, -33.414230257999918 ], [ -70.621074311999905, -33.414342018999946 ], [ -70.621090001999903, -33.414437401999919 ], [ -70.621090282999944, -33.414438506999943 ], [ -70.621148168999923, -33.414666422999915 ], [ -70.621151640999926, -33.414680091999912 ], [ -70.621218408999937, -33.414837039999952 ], [ -70.621304918999954, -33.41489903799993 ], [ -70.6216207249999, -33.415075275999925 ], [ -70.62163010799992, -33.41508074199993 ], [ -70.621752777999916, -33.415152201999945 ], [ -70.621960671999943, -33.415273307999939 ], [ -70.622180948999926, -33.415401628999916 ], [ -70.62251251999993, -33.41569661099993 ], [ -70.622520609999924, -33.415703808999922 ], [ -70.62279766499995, -33.415961129999914 ], [ -70.622860001999925, -33.416019027999937 ], [ -70.622869033999905, -33.416027415999906 ], [ -70.622874886999909, -33.416032852999933 ], [ -70.623022074999938, -33.416134345999922 ], [ -70.623047552999935, -33.416151913999954 ], [ -70.623049730999924, -33.416153415999929 ], [ -70.623067130999914, -33.41616541399992 ], [ -70.623349782999924, -33.416360315999952 ], [ -70.623363138999935, -33.416367443999945 ], [ -70.623570446999906, -33.416478079999933 ], [ -70.623572450999916, -33.41647914899994 ], [ -70.623611794999931, -33.416531677999956 ], [ -70.623623580999947, -33.416547413999922 ], [ -70.623638034999942, -33.416566710999916 ], [ -70.623776468999949, -33.416751537999914 ], [ -70.623778692999906, -33.416753985999947 ], [ -70.623803683999938, -33.416781514999911 ], [ -70.623932679999939, -33.416923611999948 ], [ -70.623950419999915, -33.41694315399991 ], [ -70.624236417999953, -33.417412871999943 ], [ -70.624245475999942, -33.417425860999913 ], [ -70.624484690999907, -33.417768895999927 ], [ -70.624485015999937, -33.417769361999945 ], [ -70.62449192999992, -33.417779276999909 ], [ -70.624947215999953, -33.418048810999949 ], [ -70.625042644999951, -33.418105305999916 ], [ -70.625055584999927, -33.41811296599991 ], [ -70.625113575999933, -33.418147296999905 ], [ -70.625258466999924, -33.418233073999943 ], [ -70.625355546999913, -33.418290544999934 ], [ -70.625450371999932, -33.418346680999946 ], [ -70.625499540999954, -33.418375781999941 ], [ -70.625506895999933, -33.41838013499995 ], [ -70.625534805999905, -33.418396660999917 ], [ -70.625557851999929, -33.418410300999938 ], [ -70.625564302999919, -33.418414119999909 ], [ -70.625634159999947, -33.418455482999946 ], [ -70.625674327999945, -33.418479262999938 ], [ -70.625691841999924, -33.418489630999943 ], [ -70.62576004999994, -33.418530009999927 ], [ -70.625862104999953, -33.418590424999934 ], [ -70.62593013299994, -33.418630697999902 ], [ -70.626074051999922, -33.418715895999924 ], [ -70.62615201299991, -33.418762047999905 ], [ -70.626177740999935, -33.418777276999947 ], [ -70.626234710999938, -33.418811004999952 ], [ -70.626293365999913, -33.418845726999905 ], [ -70.626398805999941, -33.418908144999932 ], [ -70.626414700999931, -33.41891755499995 ], [ -70.626483483999948, -33.41895827399992 ], [ -70.626483508999911, -33.418958288999931 ], [ -70.626483533999931, -33.418958303999943 ], [ -70.626489031999938, -33.418961558999911 ], [ -70.626489885999945, -33.418962009999916 ], [ -70.626497069999914, -33.41896580699995 ], [ -70.62650300699994, -33.418968944999904 ], [ -70.626693909999915, -33.419069857999943 ], [ -70.626838629999952, -33.419146357999921 ], [ -70.626993244999937, -33.41922719899992 ], [ -70.626998478999951, -33.419229935999908 ], [ -70.627021579999905, -33.419240835999915 ], [ -70.627130982999915, -33.419292458999905 ], [ -70.627225897999949, -33.419337245999941 ], [ -70.627317926999922, -33.419380670999942 ], [ -70.627579883999942, -33.41950427799992 ], [ -70.627593522999916, -33.419510714999944 ], [ -70.62776, -33.41957926799995 ], [ -70.627760086999899, -33.41957930399991 ], [ -70.627760173999945, -33.419579339999927 ], [ -70.627880041999902, -33.419628700999908 ], [ -70.627884715999926, -33.419631190999951 ], [ -70.628138513999943, -33.419766409999909 ], [ -70.628152618999934, -33.419773925999948 ], [ -70.628348529999926, -33.419841079999912 ], [ -70.628457307999952, -33.41987836699991 ], [ -70.628587525999933, -33.419923001999905 ], [ -70.628596048999952, -33.419925923999926 ], [ -70.628680199999906, -33.419960128999946 ], [ -70.628708916999926, -33.419971800999917 ], [ -70.62873338299994, -33.419981745999905 ], [ -70.628904423999927, -33.420051267999952 ], [ -70.628918437999914, -33.420056964999958 ], [ -70.629044882999949, -33.420089402999906 ], [ -70.629068054999948, -33.420095347999904 ], [ -70.629088886999909, -33.420100691999949 ], [ -70.629442274999917, -33.420191349999925 ], [ -70.629492210999899, -33.420204160999958 ], [ -70.629503658999909, -33.420207097999935 ], [ -70.629743489999953, -33.420269297999937 ], [ -70.629757831999939, -33.420273017999932 ], [ -70.629818067999906, -33.42028863999991 ], [ -70.630082161999951, -33.420357315999922 ], [ -70.630297961999929, -33.420503281999913 ], [ -70.630400736999945, -33.420623461999924 ], [ -70.630530569999905, -33.420775282999955 ], [ -70.630562093999913, -33.420801630999904 ], [ -70.630619766999928, -33.420849835999945 ], [ -70.630659834999904, -33.420883326999956 ], [ -70.63075488599992, -33.420962773999918 ], [ -70.630829045999917, -33.42102475899992 ], [ -70.630927913999926, -33.421107395999911 ], [ -70.631093560999943, -33.421245849999934 ], [ -70.631107898999915, -33.421249418999935 ], [ -70.631230055999936, -33.421279827999911 ], [ -70.631316265999942, -33.421301288999928 ], [ -70.631472067999937, -33.421340072999953 ], [ -70.631481219999898, -33.421343907999926 ], [ -70.631536682999922, -33.421367149999924 ], [ -70.631576397999936, -33.421383791999915 ], [ -70.631593624999937, -33.421390846999941 ], [ -70.631661743999928, -33.421418741999958 ], [ -70.631772793999914, -33.42146237299994 ], [ -70.632036149999919, -33.421688874999916 ], [ -70.632261541999924, -33.421951948999947 ], [ -70.632371343999921, -33.422126359999936 ], [ -70.632406260999915, -33.422204905999934 ], [ -70.632421165999915, -33.422238433999951 ], [ -70.632421438999927, -33.422239048999927 ], [ -70.632436370999926, -33.422272686999918 ], [ -70.632436993999931, -33.422274090999906 ], [ -70.632437390999939, -33.422274984999945 ], [ -70.632473076999929, -33.422355376999917 ], [ -70.632490277999921, -33.422394127999951 ], [ -70.632523659999947, -33.422469329999956 ], [ -70.63252441599991, -33.422471032999908 ], [ -70.632525094999949, -33.422472562999928 ], [ -70.632530683999903, -33.422485152999911 ], [ -70.632559254999933, -33.422549515999947 ], [ -70.632560464999926, -33.422552240999948 ], [ -70.632564965999904, -33.422561843999915 ], [ -70.632608773999948, -33.422655315999918 ], [ -70.632612359999939, -33.422676130999946 ], [ -70.632612894999909, -33.422679238999933 ], [ -70.632613065999919, -33.422680229999912 ], [ -70.632636676999937, -33.422817277999911 ], [ -70.632636347999949, -33.422819885999957 ], [ -70.632630380999899, -33.422867175999954 ], [ -70.632629964999921, -33.422870470999953 ], [ -70.632621960999927, -33.422933901999954 ], [ -70.6326150189999, -33.422988910999948 ], [ -70.632613851999906, -33.422998732999929 ], [ -70.632610368999906, -33.423028011999918 ], [ -70.632603372999938, -33.423086830999921 ], [ -70.632603046999918, -33.423089572999913 ], [ -70.632603039999935, -33.423089630999925 ], [ -70.632603032999953, -33.423089688999937 ], [ -70.632602476999921, -33.423094360999926 ], [ -70.632599521999907, -33.423119202999942 ], [ -70.632594378999897, -33.423162433999948 ], [ -70.63259353199993, -33.423169559999906 ], [ -70.632591108999918, -33.423283155999911 ], [ -70.632590690999905, -33.423302766999939 ], [ -70.632590388999915, -33.423316915999919 ], [ -70.63258815599994, -33.423421616999917 ], [ -70.632587174999912, -33.423467588999927 ], [ -70.632585974999927, -33.423523866999915 ], [ -70.632585835999919, -33.423530393999954 ], [ -70.632589452999923, -33.42358758499995 ], [ -70.63259370399993, -33.423654805999945 ], [ -70.632601610999927, -33.423779835999937 ], [ -70.632602995999946, -33.423801735999916 ], [ -70.63260449899991, -33.423825495999949 ], [ -70.632604989999948, -33.423833259999924 ], [ -70.632611175999898, -33.423931083999946 ], [ -70.632612913999935, -33.423958568999922 ], [ -70.632615545999897, -33.424000182999919 ], [ -70.632616780999911, -33.424019716999908 ], [ -70.632621165999922, -33.424089063999929 ], [ -70.632621508999932, -33.424091549999957 ], [ -70.632632198999943, -33.424169024999912 ], [ -70.632634806999931, -33.42418792299992 ], [ -70.632636365999929, -33.424199218999945 ], [ -70.63264162899992, -33.424237360999939 ], [ -70.632641781999951, -33.42423847099991 ], [ -70.632642885999928, -33.424246471999936 ], [ -70.632645014999923, -33.424261901999955 ], [ -70.632654755999909, -33.424332504999938 ], [ -70.632661011999915, -33.424377847999949 ], [ -70.632663172999912, -33.424393507999923 ], [ -70.632663309999941, -33.424394497999913 ], [ -70.632665733999943, -33.424412066999935 ], [ -70.632667794999918, -33.424427004999927 ], [ -70.632680624999921, -33.424519984999904 ], [ -70.632691455999918, -33.424598483999944 ], [ -70.632691897999905, -33.424601683999924 ], [ -70.632693116999917, -33.424610514999927 ], [ -70.63269422299993, -33.424618530999908 ], [ -70.632696070999941, -33.42463192699995 ], [ -70.632707075999917, -33.424711677999937 ], [ -70.632707492999941, -33.424714699999925 ], [ -70.632720629999938, -33.42475599799991 ], [ -70.632739742999945, -33.424816079999914 ], [ -70.632740698999953, -33.424819085999957 ], [ -70.632744286999923, -33.424830364999934 ], [ -70.632757192999918, -33.424870933999955 ], [ -70.632768178999925, -33.424905467999906 ], [ -70.632771772999945, -33.42491676599991 ], [ -70.632772488999933, -33.424918192999939 ], [ -70.63277828899993, -33.424929757999905 ], [ -70.632796398999915, -33.424965870999927 ], [ -70.632810466999899, -33.424993921999942 ], [ -70.632819102999918, -33.425011140999914 ], [ -70.632823443999939, -33.425019795999958 ], [ -70.632857869999953, -33.425054447999912 ], [ -70.632860904999916, -33.425057501999902 ], [ -70.632917629999952, -33.425114600999905 ], [ -70.632958961999918, -33.425170205999905 ], [ -70.632961506999948, -33.425173629999904 ], [ -70.632984350999948, -33.425204362999921 ], [ -70.632987433999915, -33.425208510999937 ], [ -70.633004416999938, -33.425231359999941 ], [ -70.633006869999917, -33.425234659999944 ], [ -70.633007479999947, -33.425235479999913 ], [ -70.633020596999927, -33.425253126999905 ], [ -70.633028386999911, -33.425263607999909 ], [ -70.633033593999926, -33.425270612999952 ], [ -70.633042668999906, -33.425282821999929 ], [ -70.633134822999921, -33.425406800999951 ], [ -70.633147833999942, -33.425424305999911 ], [ -70.633155465999948, -33.425434573999951 ], [ -70.633171886999946, -33.425456665999945 ], [ -70.633184974999949, -33.425474272999907 ], [ -70.633202290999918, -33.425497569999948 ], [ -70.633237700999928, -33.425545208999949 ], [ -70.633249690999946, -33.425561340999934 ], [ -70.633251569999913, -33.425568842999951 ], [ -70.633266998999943, -33.425630464999927 ], [ -70.633268911999949, -33.425638106999941 ], [ -70.633286029999908, -33.425706474999913 ], [ -70.633294285999909, -33.425739449999924 ], [ -70.633295440999916, -33.425744062999911 ], [ -70.633296856999948, -33.42574723599995 ], [ -70.633308968999927, -33.425774374999946 ], [ -70.633312507999904, -33.425782304999927 ], [ -70.633369462999951, -33.425909926999907 ], [ -70.633370727999932, -33.425912976999939 ], [ -70.633375434999948, -33.425924333999944 ], [ -70.63338363999992, -33.425944131999927 ], [ -70.633394405999923, -33.425970110999913 ], [ -70.63339930099994, -33.425981921999949 ], [ -70.633462393999935, -33.426134160999936 ], [ -70.633462976999908, -33.426135271999954 ], [ -70.633465752999939, -33.426140564999912 ], [ -70.633470276999901, -33.426149192999958 ], [ -70.633477650999907, -33.426163254999949 ], [ -70.633544115999939, -33.42629 ], [ -70.633573662999936, -33.426346346999935 ], [ -70.633589337999922, -33.426376237999932 ], [ -70.633598109999923, -33.426392965999923 ], [ -70.633599892999939, -33.426396365999949 ], [ -70.633601809999902, -33.426400020999949 ], [ -70.633604800999933, -33.426405724999938 ], [ -70.633623247999935, -33.426440902999957 ], [ -70.633635020999918, -33.426463351999928 ], [ -70.633635492999929, -33.426464252999949 ], [ -70.633645097999931, -33.426482568999916 ], [ -70.633646388999921, -33.426485030999913 ], [ -70.633650262999936, -33.426492417999953 ], [ -70.633654827999919, -33.426499939999928 ], [ -70.6336559209999, -33.426501739999935 ], [ -70.633659924999904, -33.426508338999952 ], [ -70.633660612999904, -33.426509471999907 ], [ -70.633665378999922, -33.426517324999907 ], [ -70.633669588999908, -33.426524259999951 ], [ -70.633690268999942, -33.426558331999956 ], [ -70.633692273999941, -33.426561634999928 ], [ -70.6336938849999, -33.426564289999931 ], [ -70.63370991599993, -33.426590702999931 ], [ -70.633712078999906, -33.426594266999928 ], [ -70.633727243999942, -33.426619251999909 ], [ -70.633743495999909, -33.426646028999926 ], [ -70.63374701999993, -33.426651834999916 ], [ -70.633778586999938, -33.426703844999906 ], [ -70.633795616999919, -33.426731903999951 ], [ -70.633812380999927, -33.426759524999909 ], [ -70.633824495999932, -33.42677948499994 ], [ -70.633836641999949, -33.426799496999934 ], [ -70.633858778999922, -33.426835969999956 ], [ -70.633880157999897, -33.426871193999943 ], [ -70.633902948999946, -33.426908743999945 ], [ -70.633919436999918, -33.42693591099993 ], [ -70.633944524999947, -33.426977245999922 ], [ -70.633945608999909, -33.426979030999917 ], [ -70.633948894999946, -33.426984444999903 ], [ -70.633951637999928, -33.426988963999918 ], [ -70.633960026999944, -33.427002590999905 ], [ -70.633982142999912, -33.427038513999946 ], [ -70.633986327999935, -33.427045312999951 ], [ -70.633987863999948, -33.427047807999941 ], [ -70.633996765999939, -33.427062267999929 ], [ -70.634031244999903, -33.427118274999941 ], [ -70.634076889999903, -33.427192418999937 ], [ -70.634095356999921, -33.427222416999939 ], [ -70.634097403999931, -33.427225741999905 ], [ -70.63409749099992, -33.427225883999938 ], [ -70.634097578999899, -33.427226025999914 ], [ -70.634112104999929, -33.42724917399994 ], [ -70.634149351999952, -33.427308533999906 ], [ -70.634181783999907, -33.427360219999912 ], [ -70.634195940999916, -33.427382780999949 ], [ -70.634218301999908, -33.427418415999909 ], [ -70.634236242999918, -33.427447007999945 ], [ -70.634265953999943, -33.427494355999954 ], [ -70.634276279999938, -33.427511086999914 ], [ -70.634309853999923, -33.42756548299991 ], [ -70.634316441999943, -33.427576156999919 ], [ -70.634320931999923, -33.427583430999903 ], [ -70.63433522999992, -33.427606594999929 ], [ -70.634360242999946, -33.42764712099995 ], [ -70.634390239999902, -33.427695721999953 ], [ -70.634398134999913, -33.427708512999914 ], [ -70.634412635999922, -33.427732007999907 ], [ -70.634414614999912, -33.427735213999938 ], [ -70.634420550999948, -33.427744830999927 ], [ -70.634427019999919, -33.427755355999921 ], [ -70.63443336499995, -33.427765679999936 ], [ -70.634442656999909, -33.427780797999958 ], [ -70.634453737999934, -33.427798826999947 ], [ -70.634464541999932, -33.42781640499993 ], [ -70.634468228999935, -33.427822402999936 ], [ -70.634484066999903, -33.427848170999937 ], [ -70.634526684999912, -33.42791750799995 ], [ -70.634537130999945, -33.427934502999904 ], [ -70.634538767999913, -33.427937165999936 ], [ -70.634558378999941, -33.427968112999906 ], [ -70.634571517999916, -33.427988846999938 ], [ -70.634601110999938, -33.428035545999933 ], [ -70.63460824799995, -33.428044540999906 ], [ -70.634630856999934, -33.428073035999944 ], [ -70.634648943999935, -33.428095829999904 ], [ -70.634650680999925, -33.428098019999936 ], [ -70.634688488999927, -33.42814261399991 ], [ -70.634689929999922, -33.428144855999903 ], [ -70.634704024999905, -33.428166787999942 ], [ -70.634717223999928, -33.428187325999943 ], [ -70.634742499999902, -33.42822177599993 ], [ -70.634749990999921, -33.428231985999957 ], [ -70.634758707999936, -33.428245063999952 ], [ -70.634759340999949, -33.428246012999921 ], [ -70.634764473999951, -33.428253712999947 ], [ -70.634774795999931, -33.428269198999942 ], [ -70.634788723999918, -33.428290093999919 ], [ -70.634791885999903, -33.428295341999956 ], [ -70.634820160999936, -33.42834227499992 ], [ -70.63482376099995, -33.428348250999932 ], [ -70.634827643999927, -33.428355162999935 ], [ -70.634833011999945, -33.428364718999944 ], [ -70.634856445999901, -33.428406438999957 ], [ -70.634876834999943, -33.428441926999938 ], [ -70.634882157999925, -33.428451191999955 ], [ -70.634882654999899, -33.428452241999935 ], [ -70.634892471999933, -33.428472989999932 ], [ -70.634914279999919, -33.428519076999919 ], [ -70.634918204999906, -33.428527371999905 ], [ -70.634918316999915, -33.428527567999936 ], [ -70.634918428999924, -33.428527763999909 ], [ -70.634924410999929, -33.428538240999956 ], [ -70.634930556999905, -33.428549004999923 ], [ -70.634961644999919, -33.428603454999916 ], [ -70.634965178999948, -33.428608979999922 ], [ -70.634970747999944, -33.428617684999949 ], [ -70.634992471999908, -33.428651643999956 ], [ -70.635016389999919, -33.428689032999955 ], [ -70.635027433999937, -33.428706297999952 ], [ -70.635064938999903, -33.428766349999933 ], [ -70.635117095999931, -33.428849864999904 ], [ -70.635151641999926, -33.428905179999958 ], [ -70.635153643999899, -33.428908385999932 ], [ -70.635158985999908, -33.428916938999919 ], [ -70.635160231999919, -33.428918934999956 ], [ -70.635211778999917, -33.429001470999935 ], [ -70.635213040999929, -33.429003466999916 ], [ -70.635257403999901, -33.429073635999941 ], [ -70.635282353999912, -33.429113099999938 ], [ -70.63529987499993, -33.429140811999957 ], [ -70.635304497999925, -33.429148124999926 ], [ -70.635306896999907, -33.429151918999935 ], [ -70.635325420999948, -33.42918121799994 ], [ -70.635339081999916, -33.429202824999948 ], [ -70.635380203999944, -33.429267867999954 ], [ -70.635392943999932, -33.429288019999944 ], [ -70.635411805999922, -33.42931785299993 ], [ -70.635417012999937, -33.429326088999915 ], [ -70.635417137999923, -33.429326285999934 ], [ -70.635417262999908, -33.429326483999944 ], [ -70.635420995999937, -33.42933238899991 ], [ -70.635471496999912, -33.42941166199995 ], [ -70.635488795999947, -33.429438814999912 ], [ -70.635492031999945, -33.429443894999906 ], [ -70.635514616999899, -33.429479346999926 ], [ -70.635560213999952, -33.429550921999919 ], [ -70.635569196999938, -33.429565022999952 ], [ -70.635599209999953, -33.42961213399991 ], [ -70.635625690999916, -33.42965370099995 ], [ -70.635627321999948, -33.429656260999934 ], [ -70.635639443999935, -33.429675289999921 ], [ -70.63565303799993, -33.429696627999931 ], [ -70.635653890999947, -33.429697966999925 ], [ -70.63565535999993, -33.429700292999939 ], [ -70.635657532999915, -33.429703682999957 ], [ -70.635659681999925, -33.429707056999916 ], [ -70.635666303999926, -33.42971745199992 ], [ -70.635677248999912, -33.429734631999906 ], [ -70.635685921999936, -33.429748245999917 ], [ -70.635689739999918, -33.429754761999902 ], [ -70.635693890999903, -33.429761846999952 ], [ -70.635696390999954, -33.42976611499995 ], [ -70.635696798999902, -33.429766813999947 ], [ -70.635712788999911, -33.429794103999939 ], [ -70.635716240999898, -33.429799994999939 ], [ -70.635730202999923, -33.429823825999904 ], [ -70.635732882999946, -33.429828399999906 ], [ -70.635761959999911, -33.429878027999905 ], [ -70.635790784999926, -33.42992722799994 ], [ -70.635822069999904, -33.42998677199995 ], [ -70.635838432999947, -33.43001791599994 ], [ -70.63586308999993, -33.430064846999926 ], [ -70.635894306999944, -33.430124264999904 ], [ -70.635986411999909, -33.430258764999905 ], [ -70.636081392999927, -33.43039746799991 ], [ -70.63609921199992, -33.430423488999907 ], [ -70.636110323999901, -33.430439717999946 ], [ -70.636236507999911, -33.430623986999933 ], [ -70.636236544999917, -33.430624087999945 ], [ -70.636236788999952, -33.430624770999941 ], [ -70.636248063999915, -33.430759896999916 ], [ -70.636224558999913, -33.430886462999922 ], [ -70.636224185999936, -33.430888686999936 ], [ -70.636205211999936, -33.431001803999948 ], [ -70.636024440999904, -33.432079518999956 ], [ -70.636007627999902, -33.432160206999924 ], [ -70.636007481999911, -33.432160906999911 ], [ -70.635884872999952, -33.432861345999925 ], [ -70.635798776999934, -33.433353189999934 ], [ -70.635798621999925, -33.433354076999933 ], [ -70.635729212999934, -33.433734831999914 ], [ -70.635711059999949, -33.433834409999918 ], [ -70.635670121999908, -33.434058982999943 ], [ -70.635649702999899, -33.434170992999952 ], [ -70.635629282999901, -33.434283011999923 ], [ -70.6356208119999, -33.434329487999946 ], [ -70.635531655999898, -33.434818561999919 ], [ -70.635531649999905, -33.434818587999928 ], [ -70.635483388999944, -33.43509224099995 ], [ -70.635458127999925, -33.43523547399991 ], [ -70.635455511999908, -33.43525029999995 ], [ -70.635426662999919, -33.435413799999935 ], [ -70.635412101999918, -33.435496326999953 ], [ -70.63539471799993, -33.43559485399993 ], [ -70.635377171999949, -33.435694299999909 ], [ -70.635377143999904, -33.435694457999944 ], [ -70.635377129999938, -33.435694533999936 ], [ -70.635377114999926, -33.435694618999946 ], [ -70.635377049999931, -33.43569537299993 ], [ -70.635370325999929, -33.435773860999916 ], [ -70.635367954999936, -33.43580153399995 ], [ -70.635367809999934, -33.435803229999919 ], [ -70.635366, -33.435824355999955 ], [ -70.635366031999922, -33.435827859999904 ], [ -70.635366258999909, -33.435852852999915 ], [ -70.635366334999901, -33.43586115599993 ], [ -70.635366492999935, -33.435878501999923 ], [ -70.635366678999901, -33.435898993999956 ], [ -70.635367371999905, -33.435975250999945 ], [ -70.635367410999947, -33.435979633999921 ], [ -70.63536746199992, -33.43598510299995 ], [ -70.635367510999913, -33.435990558999947 ], [ -70.635367897999913, -33.436033141999928 ], [ -70.63536814899993, -33.436060721999922 ], [ -70.635368764999953, -33.436128546999953 ], [ -70.635369024999932, -33.436157181999931 ], [ -70.63536956899992, -33.43621696699995 ], [ -70.63537071199994, -33.436229359999913 ], [ -70.635375798999917, -33.43628452899992 ], [ -70.63537796199995, -33.436307984999928 ], [ -70.635378330999913, -33.436311984999918 ], [ -70.63537902999991, -33.436319565999952 ], [ -70.635382363999952, -33.436355721999917 ], [ -70.635385024999948, -33.436384584999928 ], [ -70.635385292999899, -33.436387486999934 ], [ -70.635385370999927, -33.436388328999954 ], [ -70.635385490999909, -33.436389642999927 ], [ -70.635385551999946, -33.43639029499991 ], [ -70.635385720999921, -33.43639212599993 ], [ -70.63538580799991, -33.436393073999909 ], [ -70.635386104999952, -33.436396294999952 ], [ -70.635390281999946, -33.436441582999919 ], [ -70.635389707999934, -33.436468090999938 ], [ -70.635389366999902, -33.43648382799995 ], [ -70.635388846999945, -33.436507823999932 ], [ -70.635388406999937, -33.436528148999912 ], [ -70.635388379999938, -33.436529380999957 ], [ -70.635388109999951, -33.436541834999957 ], [ -70.635388069999919, -33.436543677999907 ], [ -70.635387973999912, -33.436548091999953 ], [ -70.635387414999911, -33.436573885999906 ], [ -70.635316891999935, -33.436801399999922 ], [ -70.635308350999935, -33.436823612999945 ], [ -70.635304137999924, -33.436834570999906 ], [ -70.635215710999944, -33.437064564999957 ], [ -70.63534943499991, -33.437115665999954 ], [ -70.635337259999915, -33.437153384999931 ], [ -70.635284525999907, -33.437316753999937 ], [ -70.63508971199991, -33.43792028699994 ], [ -70.635006873999941, -33.438176917999954 ], [ -70.634946589999913, -33.43837543199993 ], [ -70.634771001999923, -33.43895363799993 ], [ -70.634619193999924, -33.439453534999927 ], [ -70.634594914999923, -33.439571146999924 ], [ -70.634494556999925, -33.440057297999942 ], [ -70.634492292999937, -33.440068264999923 ], [ -70.634489518999942, -33.440081425999949 ], [ -70.634448035999924, -33.440298851999955 ], [ -70.634303583999952, -33.440800790999958 ], [ -70.63430150399995, -33.440808016999938 ], [ -70.634206155999948, -33.441139327999906 ], [ -70.63415389599993, -33.441330707999953 ], [ -70.6340508749999, -33.441707980999922 ], [ -70.634027741999944, -33.44178685199995 ], [ -70.633995262999917, -33.44189758999994 ], [ -70.633989782999947, -33.441916271999958 ], [ -70.633929240999919, -33.442122685999948 ], [ -70.633818769999948, -33.442499332999944 ], [ -70.633731834999935, -33.442795733999958 ], [ -70.633705548999899, -33.442885352999951 ], [ -70.633602893999921, -33.443235350999942 ], [ -70.633572617999903, -33.44332632499993 ], [ -70.633546256999921, -33.443405541999937 ], [ -70.633352981999906, -33.444067558999905 ], [ -70.633136317999913, -33.444809690999932 ], [ -70.633089032999919, -33.44497165599995 ], [ -70.633010634999948, -33.445240189999936 ], [ -70.632995560999916, -33.445291822999934 ], [ -70.632958645999906, -33.445411895999939 ], [ -70.632796335999899, -33.445939867999925 ], [ -70.632572876999916, -33.446666743999913 ], [ -70.63255109499994, -33.446737595999934 ], [ -70.632545035999954, -33.446762530999933 ], [ -70.632458226999915, -33.447119761999943 ], [ -70.632364599999903, -33.447422427999925 ], [ -70.632213297999954, -33.447911546999933 ], [ -70.632102516999907, -33.448269671999924 ], [ -70.631953764999935, -33.448783748999915 ], [ -70.631926393999947, -33.448878337999929 ], [ -70.631895829999905, -33.448983966999947 ], [ -70.63178193199991, -33.449364905999914 ], [ -70.631760842999938, -33.449435439999945 ], [ -70.631638030999909, -33.449846192999928 ], [ -70.631627370999922, -33.449844175999942 ], [ -70.631624977999934, -33.449843723999948 ], [ -70.63162432799993, -33.449843600999941 ], [ -70.631614909999939, -33.449841819999904 ], [ -70.631614559999946, -33.44984175399992 ], [ -70.631588539999939, -33.449836833999939 ], [ -70.63158451399994, -33.449836072999915 ], [ -70.631569919999947, -33.449833312999942 ], [ -70.631545750999919, -33.449828741999909 ], [ -70.631529620999913, -33.449825691999933 ], [ -70.631527566999921, -33.449825303999944 ], [ -70.631527376999941, -33.449825268999916 ], [ -70.631474630999946, -33.449815293999904 ], [ -70.631474576999949, -33.449815283999953 ], [ -70.631467166999926, -33.449813882999933 ], [ -70.631454421999933, -33.449811472999954 ], [ -70.631446805999929, -33.449810032999949 ], [ -70.63143305299991, -33.449807431999943 ], [ -70.631426906999934, -33.449806269999954 ], [ -70.631398950999937, -33.449800983999921 ], [ -70.631086668999899, -33.449741932999927 ], [ -70.630904818999909, -33.449707545999956 ], [ -70.630802650999954, -33.449688226999911 ], [ -70.630610511999919, -33.449651893999942 ], [ -70.630504794999922, -33.449631902999954 ], [ -70.630470121999906, -33.449625345999948 ], [ -70.630420652999931, -33.449615991999906 ], [ -70.630311975999916, -33.449595441999918 ], [ -70.629908812999929, -33.449519204999945 ], [ -70.629898479999952, -33.449517250999918 ], [ -70.629897985999946, -33.449517157999935 ], [ -70.629883388999929, -33.449514397999906 ], [ -70.62986331299993, -33.449510600999929 ], [ -70.629852777999929, -33.449508608999906 ], [ -70.629782753999905, -33.44949536799993 ], [ -70.629780320999942, -33.449494907999906 ], [ -70.62977725099995, -33.449494258999948 ], [ -70.629775786999915, -33.449493949999919 ], [ -70.629660178999927, -33.449469511999951 ], [ -70.629660092999927, -33.449469493999914 ], [ -70.629653768999901, -33.449468282999931 ], [ -70.629638128999943, -33.449465302999954 ], [ -70.629620381999928, -33.449461921999955 ], [ -70.629586751999909, -33.449455515999944 ], [ -70.629565003999915, -33.449451371999942 ], [ -70.629554518999953, -33.449449374999915 ], [ -70.629544033999935, -33.449447376999956 ], [ -70.629448960999923, -33.449429264999935 ], [ -70.629248280999946, -33.449391032999927 ], [ -70.629153382999903, -33.449372953999955 ], [ -70.628951316999917, -33.449334458999942 ], [ -70.628951020999921, -33.449334398999952 ], [ -70.628950924999913, -33.449334379999925 ], [ -70.628218430999937, -33.449186137999902 ], [ -70.628163565999898, -33.449175035999929 ], [ -70.627988863999917, -33.449139678999927 ], [ -70.627988711999933, -33.449139647999914 ], [ -70.627988685999924, -33.449139643999956 ], [ -70.62781255099992, -33.449105996999947 ], [ -70.627051018999907, -33.448960513999907 ], [ -70.626884587999939, -33.448928718999923 ], [ -70.626771320999921, -33.448912168999925 ], [ -70.626771248999944, -33.448912151999934 ], [ -70.626771103999943, -33.448912116999907 ], [ -70.626770995999948, -33.448912090999954 ], [ -70.626663262999898, -33.448886531999904 ], [ -70.626246155999922, -33.448783784999932 ], [ -70.626245904999905, -33.448783722999906 ], [ -70.625364954999952, -33.448565456999916 ], [ -70.625364908999927, -33.448565445999918 ], [ -70.62536463899994, -33.448565378999945 ], [ -70.62535489499993, -33.448565506999955 ], [ -70.625348450999923, -33.44856559099992 ], [ -70.625342392999926, -33.448565669999937 ], [ -70.62533936299991, -33.448565709999912 ], [ -70.625338473999932, -33.448565721999955 ], [ -70.625295401999949, -33.448566286999949 ], [ -70.625126863999924, -33.448531629999934 ], [ -70.624532700999907, -33.448409445999914 ], [ -70.624493990999952, -33.448401609999905 ], [ -70.624490856999898, -33.448400975999903 ], [ -70.624490640999909, -33.448400936999917 ], [ -70.624490510999919, -33.448400913999933 ], [ -70.624420358999942, -33.448388371999954 ], [ -70.623725217999947, -33.448248676999924 ], [ -70.623725000999912, -33.448248634999914 ], [ -70.623724919999916, -33.448248618999912 ], [ -70.623242409999932, -33.448155798999949 ], [ -70.623242203999951, -33.448155756999938 ], [ -70.62324213699992, -33.448155742999916 ], [ -70.622258384999952, -33.447953140999914 ], [ -70.6222542779999, -33.447952294999936 ], [ -70.622254068999951, -33.447952252999926 ], [ -70.622254006999924, -33.447952240999939 ], [ -70.621890219999898, -33.447879084999954 ], [ -70.621834346999947, -33.447867849999909 ], [ -70.621216974999925, -33.447743697999954 ], [ -70.620906861999913, -33.447681333999924 ], [ -70.620906666999929, -33.447681295999928 ], [ -70.620514954999919, -33.447605719999956 ], [ -70.620229582999912, -33.447550660999923 ], [ -70.619856225999911, -33.447478626999953 ], [ -70.619856075999905, -33.447478596999929 ], [ -70.619856023999944, -33.447478585999932 ], [ -70.619561333999911, -33.447418825999932 ], [ -70.618934458999945, -33.447291698999948 ], [ -70.618769968999914, -33.447258339999905 ], [ -70.618642779999902, -33.447638133999931 ], [ -70.61858503499991, -33.447844707999934 ], [ -70.618479584999932, -33.448221941999918 ], [ -70.618438492999928, -33.448368975999927 ], [ -70.61843812199993, -33.448370303999923 ], [ -70.618437657999948, -33.448371927999915 ], [ -70.617819660999942, -33.448258247999945 ], [ -70.617106890999935, -33.448127766999903 ], [ -70.6171068189999, -33.448127753999927 ], [ -70.617106748999902, -33.44812774199994 ], [ -70.617102207999949, -33.448126960999957 ], [ -70.617098595999948, -33.448126339999931 ], [ -70.61709249799992, -33.448125291999929 ], [ -70.617086431999951, -33.448124248999932 ], [ -70.617079863999948, -33.448123119999934 ], [ -70.617070782999917, -33.448121558999958 ], [ -70.61706373599992, -33.448120347999918 ], [ -70.617054374999952, -33.448118738999938 ], [ -70.617044638999914, -33.448117064999906 ], [ -70.617036421999899, -33.448115651999956 ], [ -70.617029696999907, -33.448114495999903 ], [ -70.61702254599993, -33.44811326699994 ], [ -70.617016226999908, -33.448112180999942 ], [ -70.617008851999913, -33.448110912999937 ], [ -70.616999530999919, -33.448109310999939 ], [ -70.616989883999906, -33.448107652999909 ], [ -70.616981997999915, -33.448106296999924 ], [ -70.616974174999939, -33.448104951999937 ], [ -70.616965819999905, -33.448103515999946 ], [ -70.616959446999942, -33.448102419999941 ], [ -70.616951099999937, -33.44810098499994 ], [ -70.616942478999931, -33.448099502999924 ], [ -70.616932918999908, -33.448097859999905 ], [ -70.616922463999913, -33.448096062999923 ], [ -70.616913819999922, -33.448094576999949 ], [ -70.616894725999941, -33.448091294999927 ], [ -70.61688812999995, -33.448090160999925 ], [ -70.616885325999931, -33.448089678999906 ], [ -70.616870232999929, -33.448087083999951 ], [ -70.6168568679999, -33.448084785999924 ], [ -70.616845563999902, -33.448082842999952 ], [ -70.616831285999922, -33.448080388999927 ], [ -70.616821535999918, -33.448078712999916 ], [ -70.616802439999901, -33.448075429999903 ], [ -70.616777836999916, -33.448071200999948 ], [ -70.616756807999934, -33.448067585999922 ], [ -70.616737778999948, -33.448064314999954 ], [ -70.616721413999926, -33.448061501999916 ], [ -70.616703829999949, -33.44805847899994 ], [ -70.616692859999944, -33.448056592999933 ], [ -70.616678053999919, -33.448054047999904 ], [ -70.616658774999905, -33.448050733999935 ], [ -70.616638358999921, -33.448047223999936 ], [ -70.616622058999951, -33.448044421999953 ], [ -70.616539700999908, -33.448030263999954 ], [ -70.61652250599991, -33.448027307999951 ], [ -70.616521747999911, -33.448027177999904 ], [ -70.616511487999901, -33.448025184999949 ], [ -70.616511336999906, -33.448025155999915 ], [ -70.616509579999899, -33.44802481499994 ], [ -70.616482488999907, -33.448019550999902 ], [ -70.616450565999912, -33.44801334899995 ], [ -70.616412795999906, -33.448006010999904 ], [ -70.616374510999947, -33.44799857299995 ], [ -70.616322883999942, -33.447988541999905 ], [ -70.616274995999902, -33.447979237999903 ], [ -70.616232908999905, -33.447971060999919 ], [ -70.616195785999935, -33.447963847999915 ], [ -70.616162986999939, -33.447957474999953 ], [ -70.616130765999912, -33.447951214999932 ], [ -70.615956990999905, -33.447917451999956 ], [ -70.615956267999934, -33.447917311999902 ], [ -70.615956131999951, -33.447917288999918 ], [ -70.615689891999921, -33.44787380799994 ], [ -70.615419365999912, -33.447829628999955 ], [ -70.615139133999946, -33.447783861999937 ], [ -70.614713304999952, -33.447714315999917 ], [ -70.614204794999921, -33.447631262999948 ], [ -70.613859543999922, -33.44757487499993 ], [ -70.613749640999913, -33.447558268999956 ], [ -70.613831442999924, -33.447164906999944 ], [ -70.61383160999992, -33.447164029999954 ], [ -70.613867687999914, -33.446974842999907 ], [ -70.613896095999905, -33.446825878999903 ], [ -70.613896014999909, -33.446825866999916 ], [ -70.613682699999913, -33.446794332999957 ], [ -70.613538131999917, -33.446772961999955 ], [ -70.613146811999911, -33.446715112999925 ], [ -70.612985981999941, -33.446691335999958 ], [ -70.612966788999927, -33.446688498999947 ], [ -70.612699889999931, -33.446649040999944 ], [ -70.612613737999936, -33.446636303999924 ], [ -70.612088873999937, -33.44655870999992 ], [ -70.611841773999913, -33.446522178999942 ], [ -70.611696515999938, -33.446500703999902 ], [ -70.611637421999944, -33.446491966999929 ], [ -70.611316945999931, -33.446444588999952 ], [ -70.611316823999914, -33.446444570999915 ], [ -70.611316740999939, -33.446444560999907 ], [ -70.611316700999907, -33.446444555999904 ], [ -70.611316592999913, -33.446444542999927 ], [ -70.611289652999915, -33.44644123899991 ], [ -70.611217210999939, -33.44643235399991 ], [ -70.611165874999926, -33.44641949399994 ], [ -70.610401628999909, -33.446194947999913 ], [ -70.610353042999918, -33.446182067999928 ], [ -70.610352980999949, -33.446182051999926 ], [ -70.610269548999952, -33.44616058999992 ], [ -70.609700905999944, -33.445987607999939 ], [ -70.609507323999935, -33.445936011999947 ], [ -70.609462709999946, -33.445923063999942 ], [ -70.609462337999901, -33.445922950999943 ], [ -70.609377514999949, -33.445897114999923 ], [ -70.608832563999954, -33.44575087599992 ], [ -70.608770809999953, -33.445738149999954 ], [ -70.608770313999912, -33.445738037999945 ], [ -70.608639149999931, -33.445708293999928 ], [ -70.608322338999926, -33.445664367999939 ], [ -70.608133595999902, -33.445638197999926 ], [ -70.608091500999933, -33.445634233999954 ], [ -70.608091371999933, -33.445634218999942 ], [ -70.608091230999946, -33.445634201999951 ], [ -70.608023442999922, -33.445626098999924 ], [ -70.60756301899994, -33.445576171999903 ], [ -70.607430441999952, -33.445561794999946 ], [ -70.607169197999951, -33.445533464999926 ], [ -70.607169023999916, -33.445533445999956 ], [ -70.606960025999911, -33.445510182999953 ], [ -70.606262020999907, -33.445432492999942 ], [ -70.606166541999926, -33.445420233999926 ], [ -70.606166456999915, -33.445420222999928 ], [ -70.606166321999922, -33.445420205999937 ], [ -70.606064571999923, -33.445407995999915 ], [ -70.606008751999923, -33.445399950999956 ], [ -70.605453522999937, -33.445319920999907 ], [ -70.604629337999938, -33.445201122999947 ], [ -70.604442307999932, -33.445176488999948 ], [ -70.604376062999904, -33.445168344999956 ], [ -70.604375931999925, -33.445168328999955 ], [ -70.604278971999918, -33.445160565999913 ], [ -70.603671599999927, -33.445098798999936 ], [ -70.603383896999901, -33.445069539999906 ], [ -70.603334913999902, -33.445064558999945 ], [ -70.602900777999935, -33.445020568999951 ], [ -70.602900751999925, -33.445020568999951 ], [ -70.602900577999947, -33.445020549999924 ], [ -70.602899890999936, -33.445020476999957 ], [ -70.602216348999946, -33.444948253999939 ], [ -70.602216253999927, -33.444948243999931 ], [ -70.602057773999945, -33.444932223999956 ], [ -70.601664048999908, -33.444892420999906 ], [ -70.601663472999917, -33.444892362999951 ], [ -70.601586893999922, -33.444885958999919 ], [ -70.601586701999906, -33.444885942999917 ], [ -70.601585924999938, -33.444885877999923 ], [ -70.601101291999953, -33.444845442999906 ], [ -70.601101058999916, -33.444845423999936 ], [ -70.601100985999949, -33.444845417999943 ], [ -70.60061180699995, -33.444802140999911 ], [ -70.600609690999931, -33.444801925999911 ], [ -70.600608026999907, -33.444801756999937 ], [ -70.600414778999948, -33.444782137999937 ], [ -70.600274093999928, -33.444769734999909 ], [ -70.599968630999911, -33.444742804999919 ], [ -70.599968498999942, -33.444742792999932 ], [ -70.599965119999922, -33.444742485999939 ], [ -70.599764077999907, -33.444724201999918 ], [ -70.599274811999919, -33.444679704999942 ], [ -70.599238939999907, -33.444676442999935 ], [ -70.599233654999921, -33.444675961999906 ], [ -70.599230152999951, -33.444675643999915 ], [ -70.599190740999916, -33.444672058999913 ], [ -70.599188349999906, -33.444671841999934 ], [ -70.599138705999906, -33.444667219999928 ], [ -70.599137938999945, -33.444667147999951 ], [ -70.599135059999924, -33.444666881999922 ], [ -70.599121841999931, -33.444665656999916 ], [ -70.59909850899993, -33.444663476999949 ], [ -70.599077646999945, -33.44466153399992 ], [ -70.59903765599995, -33.444657813999925 ], [ -70.599033843999905, -33.444657456999948 ], [ -70.598637862999908, -33.444620586999918 ], [ -70.598610141999927, -33.444618005999928 ], [ -70.59849842299991, -33.444607608999945 ], [ -70.598460268999929, -33.444604054999957 ], [ -70.598445235999918, -33.444602653999937 ], [ -70.59833595799995, -33.444592475999912 ], [ -70.598316782999916, -33.444590688999938 ], [ -70.598315030999913, -33.444590525999956 ], [ -70.598314168999934, -33.44459044599995 ], [ -70.598300188999929, -33.444589141999927 ], [ -70.598289496999939, -33.444588145999944 ], [ -70.598286970999936, -33.444587912999907 ], [ -70.59828320999992, -33.444587561999924 ], [ -70.598282871999913, -33.444587529999922 ], [ -70.598280950999936, -33.444587350999939 ], [ -70.598279107999929, -33.444587178999939 ], [ -70.598277377999921, -33.444587017999936 ], [ -70.598274870999944, -33.444586784999956 ], [ -70.598270133999904, -33.444586342999912 ], [ -70.598268259999941, -33.444586167999944 ], [ -70.598267485999941, -33.44458609599991 ], [ -70.598265466999919, -33.444585907999908 ], [ -70.598260925999909, -33.444585484999948 ], [ -70.598257034999904, -33.444585121999921 ], [ -70.598243717999935, -33.444668733999947 ], [ -70.598239202999935, -33.444697078999923 ], [ -70.598235490999912, -33.444720382999947 ], [ -70.598228372999927, -33.444765072999928 ], [ -70.598186734999899, -33.444819800999937 ], [ -70.598118294999949, -33.44482778899993 ], [ -70.597984746999941, -33.444843375999938 ], [ -70.597983621999902, -33.444843831999947 ], [ -70.597918473999925, -33.444870265999953 ], [ -70.597888388999934, -33.44488247299995 ], [ -70.59775308299993, -33.444937372999902 ], [ -70.597647924999933, -33.444999725999935 ], [ -70.597579754999913, -33.445040146999929 ], [ -70.597576950999951, -33.445041809999907 ], [ -70.597501347999923, -33.445086636999918 ], [ -70.597429692999924, -33.445129124999937 ], [ -70.597410411999931, -33.445140556999945 ], [ -70.597324765999929, -33.445191340999941 ], [ -70.597246468999913, -33.445237762999909 ], [ -70.597246320999943, -33.445237848999909 ], [ -70.597246256999938, -33.445237892999955 ], [ -70.597147942999925, -33.445318201999953 ], [ -70.597140504999913, -33.44532427799993 ], [ -70.597117667999953, -33.445342931999903 ], [ -70.597114869999928, -33.445345217999943 ], [ -70.597078059999944, -33.445375286999933 ], [ -70.596965614999931, -33.445445962999941 ], [ -70.596952638999937, -33.445454118999919 ], [ -70.5969400809999, -33.44546201199995 ], [ -70.596856781999918, -33.44551436799992 ], [ -70.596112310999899, -33.445982289999904 ], [ -70.59611175799995, -33.445982636999929 ], [ -70.596111698999948, -33.445982673999936 ], [ -70.596086992999915, -33.445996000999912 ], [ -70.595586263999905, -33.446266099999946 ], [ -70.595586229999924, -33.446266117999926 ], [ -70.595586193999907, -33.446266136999952 ], [ -70.595586155999911, -33.446266156999911 ], [ -70.595586115999936, -33.446266178999906 ], [ -70.59558607799994, -33.446266199999911 ], [ -70.595586041999923, -33.446266218999938 ], [ -70.595586004999916, -33.446266238999954 ], [ -70.595452632999923, -33.446338180999931 ], [ -70.595329515999936, -33.446404582999946 ], [ -70.595138964999933, -33.446507353999948 ], [ -70.594501575999914, -33.446851121999941 ], [ -70.594501073999936, -33.446851392999918 ], [ -70.594435742999906, -33.446883939999907 ], [ -70.5944179789999, -33.446892789999936 ], [ -70.594417454999927, -33.446893050999904 ], [ -70.593860243999927, -33.447192116999929 ], [ -70.593471654999917, -33.447400674999926 ], [ -70.592808284999933, -33.447756707999929 ], [ -70.592807820999951, -33.447756957999957 ], [ -70.592807397999934, -33.447756458999947 ], [ -70.592807313999913, -33.447756359999914 ], [ -70.592782021999938, -33.447726632999945 ], [ -70.592781161999937, -33.44772562299994 ], [ -70.592780847999904, -33.44772525399992 ], [ -70.592660614999943, -33.44758393199993 ], [ -70.592600253999933, -33.447512983999957 ], [ -70.592557485999919, -33.447462714999915 ], [ -70.592557362999912, -33.447462570999903 ], [ -70.592425027999923, -33.447307814999931 ], [ -70.592321427999934, -33.447186662999911 ], [ -70.591734372999952, -33.446500144999902 ], [ -70.591703025999948, -33.446463486999903 ], [ -70.5913565379999, -33.445935851999934 ], [ -70.591353426999945, -33.445929207999939 ], [ -70.591353360999904, -33.445929067999941 ], [ -70.591352339999901, -33.445926887999917 ], [ -70.591348406999941, -33.445920157999922 ], [ -70.591318331999901, -33.445868704999953 ], [ -70.591315575999943, -33.445864921999942 ], [ -70.591266263999898, -33.445797226999957 ], [ -70.591262961999917, -33.445793152999954 ], [ -70.59118964299995, -33.44570269399992 ], [ -70.591161366999927, -33.44566780699995 ], [ -70.591001634999941, -33.44536348999992 ], [ -70.591001500999937, -33.445363233999956 ], [ -70.59072894499991, -33.444940452999958 ], [ -70.590720081999905, -33.444926704999943 ], [ -70.590698775999954, -33.44489365499993 ], [ -70.590698203999921, -33.444892778999929 ], [ -70.5903920209999, -33.444424126999934 ], [ -70.59039161599992, -33.444423472999915 ], [ -70.590266714999927, -33.444221827999911 ], [ -70.590206363999926, -33.444124392999925 ], [ -70.590205963999949, -33.444123770999909 ], [ -70.589841341999943, -33.443556408999939 ], [ -70.589840913999922, -33.443555728999911 ], [ -70.589515774999938, -33.443039503999955 ], [ -70.589514534999921, -33.443037534999917 ], [ -70.589514075999944, -33.443036808999921 ], [ -70.589359506999926, -33.442792304999955 ], [ -70.589124631999937, -33.442420764999952 ], [ -70.588939712999945, -33.442128249999939 ], [ -70.588783021999916, -33.441880382999955 ], [ -70.588660587999925, -33.441686706999917 ], [ -70.588609024999926, -33.441624238999907 ], [ -70.58860872899993, -33.441623763999928 ], [ -70.588608595999915, -33.441623549999917 ], [ -70.588531708999938, -33.441500133999909 ], [ -70.588255817999936, -33.441057282999907 ], [ -70.588249798999925, -33.441047620999939 ], [ -70.588202133999914, -33.440971110999953 ], [ -70.588201790999904, -33.440970597999922 ], [ -70.588020039999947, -33.440699021999933 ], [ -70.587711431999935, -33.440237889999935 ], [ -70.587681043999908, -33.440175149999902 ], [ -70.587680152999951, -33.440173821999906 ], [ -70.587677508999946, -33.440169875999914 ], [ -70.587599232999935, -33.440053076999902 ], [ -70.587453328999914, -33.439835367999933 ], [ -70.587238714999899, -33.43951345499994 ], [ -70.587181284999929, -33.439424005999911 ], [ -70.587180770999908, -33.439423352999938 ], [ -70.587106519999907, -33.439328731999922 ], [ -70.587006118999909, -33.439200788999926 ], [ -70.587005714999918, -33.439200326999924 ], [ -70.586443815999928, -33.438558661999934 ], [ -70.586441619999903, -33.438556200999926 ], [ -70.586421998999924, -33.438534205999929 ], [ -70.586046106999902, -33.438112831999945 ], [ -70.586045681999906, -33.438112359999934 ], [ -70.586045576999936, -33.438112242999921 ], [ -70.585963572999901, -33.438021144999936 ], [ -70.585760612999934, -33.437795673999915 ], [ -70.585379900999953, -33.437372735999929 ], [ -70.585376698999937, -33.437369178999916 ], [ -70.585371955999904, -33.437363909999931 ], [ -70.585262188999934, -33.43723370999993 ], [ -70.585091164999938, -33.437030850999918 ], [ -70.585091057999932, -33.437030724999943 ], [ -70.585086118999925, -33.437024865999945 ], [ -70.584980135999899, -33.436927018999938 ], [ -70.584976791999907, -33.436923237999906 ], [ -70.584893825999927, -33.436829417999945 ], [ -70.584625268999901, -33.436525727999935 ], [ -70.5846248389999, -33.436525263999954 ], [ -70.584624695999935, -33.436525107999955 ], [ -70.58447058899992, -33.436358340999902 ], [ -70.584238152999944, -33.436106810999945 ], [ -70.584236807999901, -33.436106827999936 ], [ -70.584236109999949, -33.436106026999937 ], [ -70.583855752999909, -33.43566979499991 ], [ -70.583855355999901, -33.435669343999905 ], [ -70.58385525999995, -33.435669234999921 ], [ -70.583581344999914, -33.43535785499995 ], [ -70.583558417999939, -33.435331791999943 ], [ -70.583471660999919, -33.435233166999922 ], [ -70.583471340999949, -33.435232803999952 ], [ -70.58310507099992, -33.434813616999918 ], [ -70.583024063999915, -33.434722631999932 ], [ -70.58294315899991, -33.434631761999924 ], [ -70.582747561999952, -33.434412073999908 ], [ -70.582563283999946, -33.434205098999939 ], [ -70.582526482999924, -33.434163765999926 ], [ -70.58249173899992, -33.434124742999927 ], [ -70.582469935999939, -33.434100253999929 ], [ -70.582430979999913, -33.434046640999952 ], [ -70.582396133999907, -33.433998473999907 ], [ -70.582390759999953, -33.433991044999914 ], [ -70.582388554999909, -33.433987997999907 ], [ -70.582386674999952, -33.433985398999937 ], [ -70.58238543199991, -33.433983679999926 ], [ -70.582385411999951, -33.433983653999917 ], [ -70.582384820999948, -33.433982836999917 ], [ -70.582379402999948, -33.433975346999944 ], [ -70.582379332999949, -33.433975249999946 ], [ -70.582379266999908, -33.433975150999913 ], [ -70.582287944999905, -33.43383747799993 ], [ -70.582271386999935, -33.433812512999907 ], [ -70.582271291999916, -33.433812369999941 ], [ -70.5822709279999, -33.433811821999939 ], [ -70.582259973999953, -33.433795306999912 ], [ -70.582253382999909, -33.433785369999953 ], [ -70.582253076999905, -33.433784908999939 ], [ -70.582245874999899, -33.433774050999943 ], [ -70.582236098999942, -33.43375931199995 ], [ -70.582234254999946, -33.433756531999904 ], [ -70.582233647999942, -33.433755616999917 ], [ -70.582231312999909, -33.433752097999957 ], [ -70.582232169999941, -33.433751669999936 ], [ -70.582233849999909, -33.433750830999941 ], [ -70.58224025699991, -33.433747632999939 ], [ -70.582300177999912, -33.433717718999958 ], [ -70.582324663999941, -33.433705494999913 ], [ -70.582497041999943, -33.433602162999932 ], [ -70.582999287999939, -33.433248685999956 ], [ -70.583128913999928, -33.433149576999938 ], [ -70.583145427999909, -33.433136949999948 ], [ -70.583201175999932, -33.433094325999946 ], [ -70.583282643999951, -33.433032036999919 ], [ -70.583401102999915, -33.432941465999932 ], [ -70.583445384999948, -33.432901171999902 ], [ -70.583709206999913, -33.432661109999913 ], [ -70.583710542999938, -33.432659648999902 ], [ -70.583731492999902, -33.432636739999907 ], [ -70.583826674999898, -33.432532653999942 ], [ -70.583875453999951, -33.432479311999941 ], [ -70.584165853999934, -33.432124229999943 ], [ -70.584289723999916, -33.431950792999942 ], [ -70.584360308999919, -33.431854323999914 ], [ -70.584388757999932, -33.431815441999902 ], [ -70.584391768999922, -33.431811326999934 ], [ -70.584397805999913, -33.431803075999937 ], [ -70.584412865999923, -33.431782492999957 ], [ -70.584423711999932, -33.431767669999942 ], [ -70.584425740999905, -33.431764896999937 ], [ -70.584434005999924, -33.431758257999945 ], [ -70.584463049999954, -33.431734925999933 ], [ -70.584474426999918, -33.431725785999902 ], [ -70.584486105999929, -33.431716403999928 ], [ -70.584509673999946, -33.431697469999904 ], [ -70.58451221699994, -33.431694135999919 ], [ -70.584519748999924, -33.431683648999922 ], [ -70.584540428999901, -33.431654855999909 ], [ -70.584541367999918, -33.431653547999929 ], [ -70.58454381599995, -33.431650126999955 ], [ -70.58454385899995, -33.43165007999994 ], [ -70.58455387999993, -33.431636127999923 ], [ -70.584572297999898, -33.431610483999918 ], [ -70.584648625999932, -33.431519324999954 ], [ -70.584739225999954, -33.431400927999903 ], [ -70.584797286999901, -33.431328038999936 ], [ -70.584886016999917, -33.431200647999958 ], [ -70.584920741999952, -33.431147739999915 ], [ -70.584927800999935, -33.43113698499991 ], [ -70.584939891999909, -33.431120635999946 ], [ -70.58494819799995, -33.431109405999905 ], [ -70.58495473499994, -33.43110056699993 ], [ -70.585001317999911, -33.431045860999916 ], [ -70.58501967199993, -33.431026557999928 ], [ -70.585025058999918, -33.431021664999946 ], [ -70.585129299999949, -33.430926985999918 ], [ -70.585135550999951, -33.430920794999906 ], [ -70.585157548999916, -33.430899011999941 ], [ -70.585164483999904, -33.430892143999927 ], [ -70.585203108999906, -33.430853895999917 ], [ -70.58525077999991, -33.430819081999914 ], [ -70.585300022999945, -33.430777855999906 ], [ -70.585382410999898, -33.430708879999941 ], [ -70.585402222999903, -33.430689423999922 ], [ -70.58541155599994, -33.430680258999928 ], [ -70.58547707699995, -33.430615914999919 ], [ -70.585504134999951, -33.430592195999907 ], [ -70.585508601999948, -33.430588280999928 ], [ -70.585510178999925, -33.430586897999945 ], [ -70.58551293599993, -33.430584481999915 ], [ -70.58554122399994, -33.430559684999935 ], [ -70.585549686999912, -33.43055226599995 ], [ -70.585557557999948, -33.430545366999922 ], [ -70.58556023999995, -33.430543014999955 ], [ -70.585568289999912, -33.43053595899994 ], [ -70.585614221999947, -33.430495696999913 ], [ -70.585614276999934, -33.430495648999909 ], [ -70.58561799499995, -33.430492389999927 ], [ -70.585623660999943, -33.430487422999931 ], [ -70.585747782999931, -33.43036685699991 ], [ -70.585935746999951, -33.430213384999945 ], [ -70.586026951999941, -33.430130457999951 ], [ -70.586104097999907, -33.430066937999925 ], [ -70.586127715999908, -33.430052682999928 ], [ -70.586171240999931, -33.430021156999942 ], [ -70.586252071999922, -33.429956942999922 ], [ -70.586289775999944, -33.429926989999956 ], [ -70.586329149999926, -33.429891960999953 ], [ -70.586430618999941, -33.429793889999928 ], [ -70.586650748999944, -33.429608543999905 ], [ -70.586696499999903, -33.429575276999913 ], [ -70.586715651999953, -33.429557969999905 ], [ -70.586877040999923, -33.429429419999906 ], [ -70.586940679999941, -33.429361674999939 ], [ -70.586975081999924, -33.429334178999909 ], [ -70.587019944999952, -33.429288512999904 ], [ -70.587041804999899, -33.429269225999917 ], [ -70.587089093999907, -33.429227502999936 ], [ -70.587268870999935, -33.429068885999925 ], [ -70.58730608399992, -33.429032335999921 ], [ -70.587362398999915, -33.428986522999935 ], [ -70.587443330999918, -33.428913339999951 ], [ -70.587486081999941, -33.428876718999902 ], [ -70.587533686999905, -33.428831017999926 ], [ -70.587571849999904, -33.428802042999905 ], [ -70.587780636999923, -33.428622863999919 ], [ -70.58795596199991, -33.428486683999949 ], [ -70.58795731999993, -33.428485628999908 ], [ -70.587960663999922, -33.428483030999928 ], [ -70.587978323999948, -33.428469313999926 ], [ -70.588017559999912, -33.428430601999935 ], [ -70.588023681999914, -33.428424561999918 ], [ -70.588024888999939, -33.428423371999941 ], [ -70.588209377999931, -33.428241347999915 ], [ -70.588269421999939, -33.428189000999907 ], [ -70.588385056999925, -33.428095265999957 ], [ -70.5884466629999, -33.428046814999902 ], [ -70.588530282999898, -33.427984624999908 ], [ -70.588549438999905, -33.427967536999915 ], [ -70.5886522159999, -33.427888376999931 ], [ -70.588675077999937, -33.427868095999941 ], [ -70.588682061999918, -33.42786316999991 ], [ -70.588775532999932, -33.427797246999944 ], [ -70.588837851999926, -33.427746559999946 ], [ -70.58889949099995, -33.427699940999958 ], [ -70.588980961999937, -33.427632007999932 ], [ -70.589064713999903, -33.427571476999958 ], [ -70.589066207999906, -33.427570396999954 ], [ -70.589071860999923, -33.427566310999907 ], [ -70.589103039999941, -33.427543775999936 ], [ -70.589133650999941, -33.427518616999919 ], [ -70.589137775999916, -33.427515226999958 ], [ -70.589138981999952, -33.427514235999922 ], [ -70.589186753999911, -33.427474971999914 ], [ -70.589289821999898, -33.427394116999949 ], [ -70.589370315999929, -33.427325737999922 ], [ -70.589678743999912, -33.427081983999926 ], [ -70.589860883999904, -33.426924851999956 ], [ -70.590013349999936, -33.426799349999953 ], [ -70.590069671999913, -33.426758439999958 ], [ -70.590109943999948, -33.426729187999911 ], [ -70.590171652999913, -33.426686507999932 ], [ -70.590274299999919, -33.426600318999931 ], [ -70.590355992999946, -33.426526994999904 ], [ -70.59039837499995, -33.426491992999956 ], [ -70.590500364999912, -33.426428767999937 ], [ -70.59062313599992, -33.426325598999938 ], [ -70.590632497999934, -33.426316769999914 ], [ -70.590664476999905, -33.42628660999992 ], [ -70.590716952999912, -33.426243007999915 ], [ -70.590729633999899, -33.426232471999924 ], [ -70.590763378999952, -33.426205559999914 ], [ -70.59076816399994, -33.426201743999911 ], [ -70.590768702999924, -33.426201313999911 ], [ -70.590787699999908, -33.426186163999944 ], [ -70.59082527299995, -33.426156199999923 ], [ -70.590827730999933, -33.426154238999914 ], [ -70.590828620999901, -33.426153527999929 ], [ -70.590829736999922, -33.426152637999905 ], [ -70.590941610999948, -33.426063416999909 ], [ -70.590948901999923, -33.426057601999958 ], [ -70.590951617999906, -33.426055435999956 ], [ -70.590966307999906, -33.426043118999928 ], [ -70.591094624999926, -33.425935529999947 ], [ -70.591121155999929, -33.425915996999947 ], [ -70.591183947999923, -33.425873764999949 ], [ -70.591248499999949, -33.425821852999945 ], [ -70.591270283999904, -33.425802746999921 ], [ -70.591276022999921, -33.425797713999941 ], [ -70.591381147999925, -33.425735369999927 ], [ -70.591383698999948, -33.425733856999955 ], [ -70.591506771999946, -33.425641417999941 ], [ -70.591569292999907, -33.425590247999935 ], [ -70.591692345999945, -33.425496756999905 ], [ -70.591732382999908, -33.42546294999994 ], [ -70.59179497699995, -33.425415786999906 ], [ -70.591917864999914, -33.425313278999909 ], [ -70.591939324999942, -33.425298008999903 ], [ -70.591942158999927, -33.425295992999907 ], [ -70.591947045999916, -33.425292515999956 ], [ -70.591960332999918, -33.425283061999949 ], [ -70.591964793999921, -33.425277965999953 ], [ -70.591966056999922, -33.425276522999923 ], [ -70.591970304999904, -33.425271668999926 ], [ -70.5919784539999, -33.42526235899993 ], [ -70.591999646999909, -33.425244995999947 ], [ -70.592068730999927, -33.425199836999923 ], [ -70.592150249999918, -33.425140737999925 ], [ -70.592204300999924, -33.425096912999948 ], [ -70.592245783999942, -33.425071620999915 ], [ -70.592318119999902, -33.425016109999945 ], [ -70.592411137999932, -33.424938863999955 ], [ -70.59253739199994, -33.424844057999906 ], [ -70.592661639999903, -33.424745495999957 ], [ -70.592720043999918, -33.424704480999935 ], [ -70.592820108999945, -33.424623494999935 ], [ -70.592825067999911, -33.424619480999922 ], [ -70.592827478999936, -33.424617529999921 ], [ -70.592872765999914, -33.424580877999915 ], [ -70.592899472999932, -33.424559262999935 ], [ -70.5929227069999, -33.424542287999941 ], [ -70.592927568999926, -33.424538735999931 ], [ -70.592931678999946, -33.424535732999914 ], [ -70.592986183999926, -33.424495910999951 ], [ -70.593033596999931, -33.424457863999919 ], [ -70.593053084999951, -33.42444222499995 ], [ -70.593088787999932, -33.424413574999903 ], [ -70.593092984999942, -33.42441032399995 ], [ -70.59317468699993, -33.424347034999926 ], [ -70.593225691999919, -33.424311087999911 ], [ -70.593286664999937, -33.42426811699994 ], [ -70.593349669999952, -33.424217666999937 ], [ -70.593403550999938, -33.42417452299992 ], [ -70.59350771599992, -33.424091114999953 ], [ -70.593564018999928, -33.424041102999922 ], [ -70.59366379699992, -33.423968970999908 ], [ -70.593724704999943, -33.423927628999934 ], [ -70.59373155499992, -33.423922979999929 ], [ -70.593745694999939, -33.423913382999956 ], [ -70.593746444999908, -33.423912873999939 ], [ -70.593829274999905, -33.423843247999912 ], [ -70.593830871999899, -33.423841963999905 ], [ -70.593839874999901, -33.423834728999907 ], [ -70.593846225999926, -33.423829624999939 ], [ -70.593897109999943, -33.423788731999934 ], [ -70.593931798999904, -33.423756621999928 ], [ -70.594033550999939, -33.423674847999905 ], [ -70.59403457499991, -33.423674079999955 ], [ -70.594164153999941, -33.423576934999915 ], [ -70.594372506999946, -33.423414175999937 ], [ -70.594403684999918, -33.423389820999944 ], [ -70.594412725999916, -33.423382150999942 ], [ -70.594505353999921, -33.423303567999938 ], [ -70.59456793399994, -33.423255750999942 ], [ -70.594651724999949, -33.423185797999906 ], [ -70.594671319999918, -33.423171717999935 ], [ -70.59467384699991, -33.423169901999927 ], [ -70.594678409999915, -33.423166622999929 ], [ -70.594728386999918, -33.423130711999931 ], [ -70.594733407999911, -33.423127103999946 ], [ -70.594737602999942, -33.42312409099992 ], [ -70.594764450999946, -33.42310376599994 ], [ -70.594769682999924, -33.423099804999936 ], [ -70.5947710989999, -33.423098732999904 ], [ -70.594814191999944, -33.423066110999912 ], [ -70.594834181999943, -33.423053547999928 ], [ -70.594900093999911, -33.422999851999919 ], [ -70.59503948999992, -33.42287125699994 ], [ -70.595061993999934, -33.422853222999947 ], [ -70.595064080999919, -33.422851549999905 ], [ -70.595070703999909, -33.422846241999935 ], [ -70.595078129999933, -33.422840290999943 ], [ -70.595194316999937, -33.422755655999936 ], [ -70.595202454999935, -33.422749727999928 ], [ -70.595204702999922, -33.422748090999903 ], [ -70.595273993999911, -33.422697615999937 ], [ -70.595458315999906, -33.422543985999937 ], [ -70.595583628999918, -33.422445156999913 ], [ -70.595709960999898, -33.422355010999922 ], [ -70.595727841999917, -33.42233895499993 ], [ -70.595930208999903, -33.422178283999926 ], [ -70.596152149999909, -33.422007059999942 ], [ -70.5961963929999, -33.421972926999956 ], [ -70.596252589999949, -33.421923217999904 ], [ -70.596331125999939, -33.421860040999945 ], [ -70.596408616999952, -33.421803496999928 ], [ -70.596413693999921, -33.421799791999945 ], [ -70.596453917999952, -33.421768400999952 ], [ -70.596461407999925, -33.421762555999919 ], [ -70.596497378999914, -33.421730014999923 ], [ -70.596612887999925, -33.421641128999909 ], [ -70.596650814999919, -33.421613799999932 ], [ -70.596704098999908, -33.421575403999952 ], [ -70.596706945999927, -33.421573352999928 ], [ -70.596713607999902, -33.42156855199994 ], [ -70.596728205999909, -33.42155803299994 ], [ -70.59674033999994, -33.421549289999916 ], [ -70.596777967999913, -33.421522175999939 ], [ -70.59679802699992, -33.421507721999944 ], [ -70.596819109999899, -33.421492529999909 ], [ -70.5968275379999, -33.421485896999911 ], [ -70.596830347999912, -33.421483685999931 ], [ -70.596863425999913, -33.421457650999912 ], [ -70.5968634809999, -33.42145759999994 ], [ -70.596869044999949, -33.421452515999931 ], [ -70.596874154999909, -33.421447846999911 ], [ -70.596880349999935, -33.421442185999922 ], [ -70.59688419999992, -33.421439911999926 ], [ -70.596901628999944, -33.421429616999944 ], [ -70.597123545999921, -33.42127378899994 ], [ -70.597204642999941, -33.42121844299993 ], [ -70.597305916999915, -33.421149327999956 ], [ -70.597693921999905, -33.420872065999902 ], [ -70.597849086999929, -33.420765138999911 ], [ -70.59794007499994, -33.420698651999942 ], [ -70.597973994999904, -33.420673864999912 ], [ -70.59822984099992, -33.42048002599995 ], [ -70.598312455999917, -33.42042244299995 ], [ -70.598399685999937, -33.420358527999952 ], [ -70.598528032999923, -33.420261299999936 ], [ -70.598746492999908, -33.420099088999905 ], [ -70.59889723099991, -33.419994893999956 ], [ -70.598931399999913, -33.419971274999909 ], [ -70.599041617999944, -33.419895088999908 ], [ -70.599079082999936, -33.419868609999924 ], [ -70.599090299999943, -33.419860682999911 ], [ -70.599107667999931, -33.41984840799995 ], [ -70.599160817999916, -33.419810842999937 ], [ -70.599343204999911, -33.41968193799994 ], [ -70.599352002999922, -33.41967571899994 ], [ -70.599357486999907, -33.419671842999946 ], [ -70.599367765999943, -33.419664577999924 ], [ -70.599372665999908, -33.419661214999905 ], [ -70.599398993999898, -33.419643146999931 ], [ -70.599530262999906, -33.419553060999931 ], [ -70.59962984799995, -33.419482707999919 ], [ -70.599660567999933, -33.419457188999957 ], [ -70.599666974999934, -33.419454707999932 ], [ -70.599679800999922, -33.419444761999955 ], [ -70.599702072999946, -33.419427492999944 ], [ -70.599749776999943, -33.419393535999916 ], [ -70.59977202999994, -33.419377695999913 ], [ -70.599817598999948, -33.419340888999955 ], [ -70.599863120999942, -33.419301552999912 ], [ -70.599877172999925, -33.41929080299991 ], [ -70.599897330999909, -33.419275379999931 ], [ -70.599899179999909, -33.419273965999935 ], [ -70.59991746399993, -33.419262343999947 ], [ -70.599952240999926, -33.419235252999954 ], [ -70.599958647999927, -33.41923277199993 ], [ -70.600003379999919, -33.419197284999939 ], [ -70.600010641999916, -33.419194472999948 ], [ -70.60005646399992, -33.419159810999929 ], [ -70.600087942999949, -33.419138622999924 ], [ -70.60008962899991, -33.419137488999922 ], [ -70.600099912999951, -33.419130566999911 ], [ -70.600121114999922, -33.419113863999939 ], [ -70.600155030999929, -33.419092586999909 ], [ -70.600174202999938, -33.419076613999948 ], [ -70.600181833999898, -33.419071497999937 ], [ -70.600232632999905, -33.419037442999922 ], [ -70.600338725999904, -33.418958435999912 ], [ -70.600342185999921, -33.41895607999993 ], [ -70.600362335999932, -33.418942357999924 ], [ -70.60043761299994, -33.418891096999914 ], [ -70.600484076999919, -33.418856229999903 ], [ -70.600504292999915, -33.418844418999925 ], [ -70.600530836999951, -33.418825793999929 ], [ -70.600543308999931, -33.41881535899995 ], [ -70.600569072999917, -33.418793800999936 ], [ -70.60060739499994, -33.418766508999909 ], [ -70.600627397999915, -33.418754784999919 ], [ -70.600630681999917, -33.418752102999917 ], [ -70.600657170999909, -33.418730474999904 ], [ -70.600752315999898, -33.418656753999926 ], [ -70.600803716999906, -33.418615620999958 ], [ -70.600805820999938, -33.418613936999918 ], [ -70.6009335359999, -33.418511734999925 ], [ -70.60100259099994, -33.418456473999925 ], [ -70.601025931999914, -33.418437795999921 ], [ -70.601044061999914, -33.418423287999929 ], [ -70.601060539999935, -33.418411356999911 ], [ -70.601060684999936, -33.418411251999942 ], [ -70.601139677999925, -33.418354056999931 ], [ -70.601218793999919, -33.418296772999952 ], [ -70.601257600999929, -33.418268674999922 ], [ -70.601258832999918, -33.418267782999919 ], [ -70.601320222999902, -33.418223333999947 ], [ -70.601371870999913, -33.418186637999952 ], [ -70.601569678999908, -33.418046096999944 ], [ -70.601596687999916, -33.418026906999955 ], [ -70.601610559999926, -33.418018801999949 ], [ -70.601656213999945, -33.417992125999945 ], [ -70.601676566999913, -33.417980177999937 ], [ -70.601829361999933, -33.417890489999934 ], [ -70.601835339999923, -33.417886980999924 ], [ -70.601925004999941, -33.417834347999928 ], [ -70.6019255839999, -33.417834007999943 ], [ -70.602012737999928, -33.417782849999924 ], [ -70.602016983999931, -33.417780683999922 ], [ -70.602045954999937, -33.417765902999918 ], [ -70.602090442999952, -33.417743205999955 ], [ -70.602259576999927, -33.417672123999921 ], [ -70.602262915999916, -33.417670919999921 ], [ -70.602268322999919, -33.417668968999919 ], [ -70.602273177999905, -33.417667217999906 ], [ -70.602309681999941, -33.417654050999943 ], [ -70.602322295999898, -33.417648950999933 ], [ -70.602352131999908, -33.417636887999947 ], [ -70.60235771899994, -33.417634628999906 ], [ -70.602437889999919, -33.417608268999913 ], [ -70.602452912999922, -33.41760062499992 ], [ -70.602507553999942, -33.417579744999955 ], [ -70.602542617999916, -33.417566345999944 ], [ -70.602549048999947, -33.417565184999944 ], [ -70.602653544999953, -33.417528235999953 ], [ -70.602693251999938, -33.417512024999951 ], [ -70.602739044999907, -33.417499237999948 ], [ -70.602790444999926, -33.417481450999958 ], [ -70.602839573999916, -33.417468780999911 ], [ -70.602885724999908, -33.417452081999954 ], [ -70.60291445799993, -33.417447315999937 ], [ -70.60293688999991, -33.417439073999958 ], [ -70.602961719999939, -33.41743252099991 ], [ -70.603010164999944, -33.417422921999957 ], [ -70.603047460999903, -33.41741553199995 ], [ -70.603062845999943, -33.417412483999954 ], [ -70.6030785129999, -33.417409379999924 ], [ -70.603091463999931, -33.417405311999914 ], [ -70.603099897999925, -33.417402661999915 ], [ -70.603151140999898, -33.417391342999906 ], [ -70.60316797999991, -33.417387623999957 ], [ -70.603192544999899, -33.417382197999927 ], [ -70.603196511999897, -33.417382197999927 ], [ -70.603217816999916, -33.417382198999917 ], [ -70.6032767129999, -33.417368544999931 ], [ -70.603295338999942, -33.417365338999957 ], [ -70.603324953999902, -33.417360240999926 ], [ -70.603344684999911, -33.417358690999947 ], [ -70.603373277999935, -33.417356445999928 ], [ -70.603416148999941, -33.417348563999951 ], [ -70.60344843799993, -33.41734602799994 ], [ -70.603657233999911, -33.417341053999905 ], [ -70.603714655999909, -33.417335421999951 ], [ -70.603757511999902, -33.417326702999958 ], [ -70.603810111999906, -33.417321543999947 ], [ -70.603857368999911, -33.417312392999918 ], [ -70.603899391999903, -33.417311019999943 ], [ -70.603954014999943, -33.417304731999934 ], [ -70.603997972999935, -33.417303300999947 ], [ -70.604060238999921, -33.417295596999907 ], [ -70.604080505999946, -33.417293088999941 ], [ -70.604096899999945, -33.417291060999958 ], [ -70.604146338999954, -33.41728945199992 ], [ -70.60419460199995, -33.417282353999951 ], [ -70.604238541999905, -33.417279981999911 ], [ -70.604288845999918, -33.417272752999907 ], [ -70.604342562999932, -33.417269852999937 ], [ -70.604391430999954, -33.417262631999904 ], [ -70.604443376999939, -33.417254956999955 ], [ -70.604492788999949, -33.417251840999938 ], [ -70.604517778999934, -33.417247772999929 ], [ -70.604538034999905, -33.417244474999904 ], [ -70.604602472999943, -33.417239778999942 ], [ -70.604631047999931, -33.417232536999904 ], [ -70.604684680999924, -33.417218942999909 ], [ -70.604849494999939, -33.41718723799994 ], [ -70.604859836999935, -33.417183425999951 ], [ -70.604867330999923, -33.417180663999943 ], [ -70.604870362999918, -33.417179546999932 ], [ -70.604893860999937, -33.417170885999951 ], [ -70.604930075999903, -33.417151428999944 ], [ -70.604939428999899, -33.417146403999936 ], [ -70.604983911999909, -33.417122504999952 ], [ -70.605005976999905, -33.417109435999919 ], [ -70.605006211999921, -33.417109296999911 ], [ -70.605006828999933, -33.417108930999916 ], [ -70.605017, -33.417102905999911 ], [ -70.605030825999904, -33.417094715999951 ], [ -70.605138154999906, -33.417031138999903 ], [ -70.605164779999939, -33.417010616999903 ], [ -70.605171103999908, -33.417003676999911 ], [ -70.605186598999921, -33.416992698999934 ], [ -70.605205120999926, -33.416979567999931 ], [ -70.60521250499994, -33.416974343999925 ], [ -70.605217761999938, -33.416967808999914 ], [ -70.605224568999915, -33.416964020999956 ], [ -70.605239995999909, -33.41695543599991 ], [ -70.605240052999932, -33.416955403999907 ], [ -70.605242433999933, -33.416954078999936 ], [ -70.605251321999901, -33.416949136999904 ], [ -70.605260324999904, -33.416944121999904 ], [ -70.605269070999952, -33.416939254999932 ], [ -70.605277353999952, -33.416934145999903 ], [ -70.605306918999929, -33.416915912999912 ], [ -70.605326544999912, -33.416906771999948 ], [ -70.6053301419999, -33.416904849999923 ], [ -70.605346615999906, -33.416896051999913 ], [ -70.605430694999939, -33.416851141999928 ], [ -70.605510677999916, -33.416814647999956 ], [ -70.60551806299992, -33.416812678999918 ], [ -70.605568311999946, -33.416790851999906 ], [ -70.605623752999918, -33.416770637999946 ], [ -70.605732206999903, -33.416726783999934 ], [ -70.605806558999916, -33.416690307999943 ], [ -70.605820893999919, -33.416683275999958 ], [ -70.605836994999947, -33.416675376999933 ], [ -70.605893351999953, -33.416647729999909 ], [ -70.605982955999934, -33.41659644799995 ], [ -70.606261771999925, -33.416436874999931 ], [ -70.606329693999953, -33.416404859999943 ], [ -70.606384269999921, -33.416380511999932 ], [ -70.606402698999943, -33.416372289999913 ], [ -70.606425677999937, -33.416362037999932 ], [ -70.606474369999944, -33.416340314999957 ], [ -70.606507538999949, -33.416325515999915 ], [ -70.606513464999921, -33.416322872999956 ], [ -70.606529006999949, -33.416315140999927 ], [ -70.606554441999947, -33.416302486999939 ], [ -70.606643770999938, -33.416258047999918 ], [ -70.606714222999926, -33.416286319999926 ], [ -70.606752730999915, -33.416296170999942 ], [ -70.606798556999934, -33.416307894999932 ], [ -70.606884909999906, -33.416291918999946 ], [ -70.607089236999911, -33.416254117999927 ], [ -70.60709849999995, -33.41625240399992 ], [ -70.60715568899991, -33.41624182299995 ], [ -70.60717995199991, -33.416237333999902 ], [ -70.60721966199992, -33.416233598999952 ], [ -70.607337169999937, -33.416222541999957 ], [ -70.607489034999901, -33.416208251999933 ], [ -70.607510888999911, -33.416206196999951 ], [ -70.607538335999948, -33.416203614999915 ], [ -70.60781169899991, -33.416177891999951 ], [ -70.607727742999941, -33.416080205999947 ], [ -70.607723823999947, -33.416075646999957 ], [ -70.607712601999935, -33.41606258999991 ], [ -70.607695065999906, -33.416042186999903 ], [ -70.607663191999904, -33.41600509999995 ], [ -70.607654656999898, -33.415995169999917 ], [ -70.607645071999912, -33.415984017999904 ], [ -70.60759526399994, -33.41592606599994 ], [ -70.607588864999911, -33.415918620999946 ], [ -70.607481226999937, -33.415793381999947 ], [ -70.607476532999954, -33.415779610999948 ], [ -70.607446318999905, -33.415690979999908 ], [ -70.607426737999901, -33.415633538999941 ], [ -70.607364010999902, -33.415483494999933 ], [ -70.607051399999932, -33.414323794999916 ], [ -70.607013613999925, -33.414156901999945 ], [ -70.606976802999952, -33.413994313999922 ], [ -70.606965061999915, -33.413822058999926 ], [ -70.606959241999903, -33.413506052999935 ], [ -70.606957124999951, -33.413391142999956 ], [ -70.606929316999924, -33.413276562999954 ], [ -70.606875288999902, -33.413133590999905 ], [ -70.606794642999944, -33.412940676999938 ], [ -70.606695679999916, -33.412683347999916 ], [ -70.606632349999927, -33.412518674999944 ], [ -70.606596716999945, -33.412426018999952 ], [ -70.606550591999905, -33.412247024999942 ], [ -70.606504995999899, -33.412096758999951 ], [ -70.606417109999938, -33.411975774999917 ], [ -70.606319472999928, -33.411790263999933 ], [ -70.606245541999954, -33.411496691999957 ], [ -70.606174652999925, -33.411368304999939 ], [ -70.606103234999921, -33.411211188999914 ], [ -70.606060848999903, -33.411031666999918 ], [ -70.60605013299994, -33.410986282999943 ], [ -70.606046086999925, -33.41096914499991 ], [ -70.606043360999934, -33.410957598999914 ], [ -70.606040635999932, -33.410946055999943 ], [ -70.606032376999906, -33.41091107099993 ], [ -70.606027726999912, -33.410891376999928 ], [ -70.605999977999943, -33.410773847999906 ], [ -70.605967276999934, -33.410701617999905 ], [ -70.605916093999951, -33.410588565999944 ], [ -70.605903492999914, -33.410560732999954 ], [ -70.605861966999953, -33.410469009999929 ], [ -70.605729826999948, -33.410090694999951 ], [ -70.605705176999948, -33.410020120999945 ], [ -70.605679205999934, -33.409952552999926 ], [ -70.60566485499993, -33.409915216999934 ], [ -70.605651990999945, -33.409881747999918 ], [ -70.605629294999915, -33.409822698999903 ], [ -70.605615579999949, -33.409772050999948 ], [ -70.605591520999951, -33.409683208999922 ], [ -70.605590356999926, -33.409678908999922 ], [ -70.605572393999921, -33.409634049999909 ], [ -70.605525671999942, -33.40953813099992 ], [ -70.605511278999927, -33.409508582999933 ], [ -70.605504554999925, -33.40949682899992 ], [ -70.60546142599992, -33.409421437999924 ], [ -70.60545430399992, -33.409408988999928 ], [ -70.605446733999941, -33.409395756999913 ], [ -70.605442600999936, -33.409388532999913 ], [ -70.605440130999909, -33.409384214999932 ], [ -70.605434491999915, -33.409374358999912 ], [ -70.605429341999923, -33.40936535499992 ], [ -70.605424491999941, -33.409356878999915 ], [ -70.605417951999925, -33.409345446999907 ], [ -70.605408853999904, -33.409329541999909 ], [ -70.605405738999934, -33.409321106999926 ], [ -70.605405472999905, -33.409320387999912 ], [ -70.605398953999952, -33.409302738999941 ], [ -70.605390645999933, -33.409280247999902 ], [ -70.605383844999949, -33.409261855999944 ], [ -70.605382321999912, -33.409257734999926 ], [ -70.60536841399994, -33.409220969999922 ], [ -70.605352758999913, -33.409179587999915 ], [ -70.605354298999941, -33.409179585999937 ], [ -70.605457664999903, -33.409179420999919 ], [ -70.605484736999927, -33.40917937699993 ], [ -70.605640146999917, -33.409179128999938 ], [ -70.605640696999899, -33.409179125999913 ], [ -70.605672048999907, -33.40917907599993 ], [ -70.605754379999951, -33.409178942999915 ], [ -70.605810377999944, -33.409178852999958 ], [ -70.605866376999927, -33.409178762999943 ], [ -70.605964428999926, -33.409178604999909 ], [ -70.605998122999949, -33.409178550999911 ], [ -70.606028800999923, -33.409178501999918 ], [ -70.606084410999927, -33.40917841299995 ], [ -70.606299088999947, -33.409178067999903 ], [ -70.606340538999916, -33.40917800099993 ], [ -70.606381987999953, -33.409177933999956 ], [ -70.60640994399995, -33.40917788899992 ], [ -70.606448830999909, -33.409177826999951 ], [ -70.606487714999901, -33.409177764999924 ], [ -70.606487769999944, -33.409177765999914 ], [ -70.606487834999939, -33.409177765999914 ], [ -70.60648862599993, -33.409177763999935 ] ] ] ] } },
{ "type": "Feature", "properties": { "OBJECTID": 288, "CUT": 13132, "COD_REGION": 13, "REGION": "METROPOLITANA DE SANTIAGO", "COD_PROVINCIA": 131, "PROVINCIA": "SANTIAGO", "COMUNA": "VITACURA", "SHAPE_Length": 0.26290262513558627, "SHAPE_Area": 0.002755757404112285 }, "geometry": { "type": "MultiPolygon", "coordinates": [ [ [ [ -70.573951517999944, -33.35431785399993 ], [ -70.573953893999942, -33.354316307999909 ], [ -70.573954919999949, -33.354315639999925 ], [ -70.574002818999929, -33.354284470999914 ], [ -70.574004760999912, -33.354283206999924 ], [ -70.57410596099993, -33.354217354999946 ], [ -70.5741103229999, -33.354214516999946 ], [ -70.57422902199994, -33.354137278999929 ], [ -70.574233711999909, -33.354134226999918 ], [ -70.574288637999928, -33.354098485999941 ], [ -70.574352298999941, -33.354057061999924 ], [ -70.574359075999951, -33.35405265199995 ], [ -70.574440117999927, -33.353999916999953 ], [ -70.57447338399993, -33.353978270999903 ], [ -70.57447693499995, -33.353975959999957 ], [ -70.574588731999938, -33.353903214999946 ], [ -70.574592968999923, -33.353900457999941 ], [ -70.574682928999948, -33.353841921999958 ], [ -70.574694635999947, -33.353834303999918 ], [ -70.574797300999933, -33.353767500999936 ], [ -70.574824347999936, -33.353749900999958 ], [ -70.574886668999909, -33.353709346999949 ], [ -70.57489808899993, -33.35370191599992 ], [ -70.575096677999909, -33.353572691999943 ], [ -70.575103432999924, -33.353568295999935 ], [ -70.575243762999946, -33.353476980999915 ], [ -70.575272693999921, -33.353458154999942 ], [ -70.575280508999924, -33.353453069999944 ], [ -70.575285954999913, -33.353449525999906 ], [ -70.575286594999909, -33.353449118999947 ], [ -70.575313163999908, -33.353432229999953 ], [ -70.575318208999931, -33.353429022999933 ], [ -70.575352925999937, -33.353406953999922 ], [ -70.575374988999954, -33.353392928999938 ], [ -70.5753786759999, -33.353390584999943 ], [ -70.575430714999925, -33.353357503999916 ], [ -70.575434451999911, -33.353356301999952 ], [ -70.575609861999908, -33.353299875999937 ], [ -70.575780959999918, -33.35324483699992 ], [ -70.575802430999943, -33.353237809999939 ], [ -70.576210957999933, -33.353104099999939 ], [ -70.576401418999922, -33.353052605999949 ], [ -70.57656795999992, -33.353007577999904 ], [ -70.576928463999934, -33.352910108999936 ], [ -70.577121722999948, -33.352808325999945 ], [ -70.5780076019999, -33.352341758999955 ], [ -70.578081581999925, -33.352309701999957 ], [ -70.578929590999905, -33.351942240999904 ], [ -70.579292771999917, -33.351790475999906 ], [ -70.579890704999912, -33.351540609999915 ], [ -70.580376434999948, -33.351337627999953 ], [ -70.58055369099992, -33.351254858999937 ], [ -70.580852958999913, -33.351115117999939 ], [ -70.580906565999953, -33.351087181999958 ], [ -70.581456100999901, -33.350800806999928 ], [ -70.581902835999927, -33.350713948999953 ], [ -70.581976482999949, -33.350709819999906 ], [ -70.582236695999939, -33.350695230999918 ], [ -70.58232999899991, -33.35069 ], [ -70.582332504999954, -33.350709819999906 ], [ -70.582335748999924, -33.350735487999941 ], [ -70.582340354999928, -33.350742561999937 ], [ -70.582484274999899, -33.350963565999905 ], [ -70.582703371999912, -33.351316403999931 ], [ -70.582748190999951, -33.351388579999934 ], [ -70.583011701999908, -33.351791052999943 ], [ -70.583151854999926, -33.351926869999943 ], [ -70.583337790999906, -33.352107050999905 ], [ -70.583709523999914, -33.352291697999931 ], [ -70.584112264999931, -33.352408308999941 ], [ -70.584596055999953, -33.352587013999937 ], [ -70.584604745999911, -33.352590893999945 ], [ -70.585011551999912, -33.352772536999908 ], [ -70.585014110999907, -33.352773680999917 ], [ -70.585096781999937, -33.352810593999948 ], [ -70.585929708999913, -33.353241861999948 ], [ -70.586069818999931, -33.35355704299991 ], [ -70.586105111999927, -33.353636433999952 ], [ -70.586236873999951, -33.353846684999951 ], [ -70.586569239999903, -33.354063390999954 ], [ -70.586933265999903, -33.354248125999902 ], [ -70.587097779999908, -33.354283391999957 ], [ -70.587218911999912, -33.354309358999956 ], [ -70.587270737999916, -33.354320468999958 ], [ -70.587272982999934, -33.354320439999924 ], [ -70.587575258999948, -33.354316574999928 ], [ -70.587620928999911, -33.354313719999936 ], [ -70.587663894999935, -33.35431103399992 ], [ -70.588039471999934, -33.354287553999939 ], [ -70.588119346999918, -33.354282560999934 ], [ -70.588120321999952, -33.354282648999913 ], [ -70.588533010999924, -33.354319793999935 ], [ -70.588777292999907, -33.354341780999903 ], [ -70.589676444999952, -33.354461037999954 ], [ -70.59032024499993, -33.354628652999907 ], [ -70.590578141999913, -33.354720042999929 ], [ -70.590964785999915, -33.354836836999937 ], [ -70.591351431999954, -33.354953630999944 ], [ -70.591721715999938, -33.355057105999947 ], [ -70.592028373999938, -33.355170413999929 ], [ -70.592239738999922, -33.355343562999906 ], [ -70.59266567599991, -33.355865679999908 ], [ -70.592877701999953, -33.356074893999903 ], [ -70.593127546999938, -33.356590249999954 ], [ -70.593197293999935, -33.356677604999902 ], [ -70.593450540999925, -33.356994785999916 ], [ -70.593455414999937, -33.357000890999927 ], [ -70.593763642999932, -33.357199849999915 ], [ -70.59432993799993, -33.357517242999904 ], [ -70.594533182999953, -33.357645869999942 ], [ -70.5947838539999, -33.357804511999916 ], [ -70.595367013999919, -33.358162266999955 ], [ -70.595853574999921, -33.358489695999936 ], [ -70.596358807999934, -33.358956668999951 ], [ -70.596573813999953, -33.359328169999912 ], [ -70.596858635999922, -33.360009909999917 ], [ -70.597041209999929, -33.36020567199995 ], [ -70.597112126999946, -33.360281710999914 ], [ -70.59729991699993, -33.360486719999926 ], [ -70.597463043999937, -33.360646952999957 ], [ -70.597690385999954, -33.36081086799993 ], [ -70.597879828999908, -33.36092560599991 ], [ -70.597909092999942, -33.360943329999941 ], [ -70.598183873999915, -33.361075068999924 ], [ -70.598370107999926, -33.361176383999918 ], [ -70.598506588999953, -33.361201680999955 ], [ -70.598579274999906, -33.361227800999927 ], [ -70.59870877599991, -33.361293770999907 ], [ -70.598816351999915, -33.361375091999946 ], [ -70.598919921999936, -33.361453383999958 ], [ -70.598942696999927, -33.361471341999902 ], [ -70.599102918999904, -33.361597671999903 ], [ -70.599139374999936, -33.361626416999911 ], [ -70.599417789999904, -33.361956511999949 ], [ -70.599476817999914, -33.362014723999948 ], [ -70.599646272999905, -33.362181833999955 ], [ -70.599670546999903, -33.362205771999925 ], [ -70.600045079999916, -33.362539136999942 ], [ -70.600091809999924, -33.362555444999941 ], [ -70.600319208999906, -33.362634805999903 ], [ -70.600520326999913, -33.362668285999916 ], [ -70.60055886899994, -33.362689262999936 ], [ -70.600576979999914, -33.362699119999945 ], [ -70.600545817999944, -33.362758141999905 ], [ -70.600544031999902, -33.362758865999922 ], [ -70.60046908399994, -33.362789263999957 ], [ -70.600442470999951, -33.362800057999948 ], [ -70.600234537999938, -33.362816265999925 ], [ -70.600051434999898, -33.362886264999929 ], [ -70.599845480999932, -33.363010668999948 ], [ -70.599774470999932, -33.363057105999928 ], [ -70.599592253999901, -33.363176264999936 ], [ -70.599378052999953, -33.363355787999922 ], [ -70.599308110999914, -33.363414405999947 ], [ -70.59911388699993, -33.363604768999949 ], [ -70.59909793199995, -33.363620406999928 ], [ -70.5990563659999, -33.363661146999902 ], [ -70.598782332999917, -33.363892684999939 ], [ -70.598606549999943, -33.364041206999957 ], [ -70.598533949999933, -33.364097109999932 ], [ -70.598267073999921, -33.364302604999921 ], [ -70.598264233999942, -33.364305475999913 ], [ -70.598054698999931, -33.364517267999929 ], [ -70.598054610999952, -33.364517350999904 ], [ -70.598054517999913, -33.364517428999932 ], [ -70.59769943099991, -33.36481494599991 ], [ -70.597413316999905, -33.364989868999942 ], [ -70.597390529999927, -33.365003799999954 ], [ -70.597122327999898, -33.365232712999955 ], [ -70.597121914999946, -33.365233500999921 ], [ -70.597029505999899, -33.365409766999903 ], [ -70.597027055999945, -33.365424200999939 ], [ -70.596965181999906, -33.365788774999942 ], [ -70.596964313999933, -33.365793889999907 ], [ -70.597019663999902, -33.366194498999903 ], [ -70.597146585999951, -33.366712957999937 ], [ -70.597158316999923, -33.366760876999933 ], [ -70.597099535999916, -33.367054732999918 ], [ -70.597097985999937, -33.36741098199991 ], [ -70.597178667999913, -33.367874393999955 ], [ -70.597206098999948, -33.368051943999944 ], [ -70.597305903999938, -33.368697943999905 ], [ -70.597305835999919, -33.368699751999941 ], [ -70.597295059999908, -33.368986673999927 ], [ -70.597280342999909, -33.369289340999956 ], [ -70.597277727999938, -33.369343125999933 ], [ -70.597261931999924, -33.369664587999921 ], [ -70.597254225999905, -33.369821405999915 ], [ -70.597233879999919, -33.370339516999934 ], [ -70.597232615999928, -33.370371705999958 ], [ -70.597221450999939, -33.370656033999921 ], [ -70.597241525999948, -33.370872218999921 ], [ -70.597275135999951, -33.370982278999918 ], [ -70.597360855999909, -33.37126298499993 ], [ -70.597436707999918, -33.371392761999914 ], [ -70.597510762999946, -33.371519464999949 ], [ -70.59756750899993, -33.371616553999957 ], [ -70.598034847999941, -33.372192226999914 ], [ -70.598109527999952, -33.372350259999905 ], [ -70.598551639999926, -33.373285820999911 ], [ -70.598774917999947, -33.373666228999923 ], [ -70.59900476599995, -33.373983421999924 ], [ -70.599088049999921, -33.374102705999917 ], [ -70.599174369999901, -33.374226338999904 ], [ -70.599312348999945, -33.374423959999945 ], [ -70.599482167999952, -33.37466718099995 ], [ -70.599526271999935, -33.374812242999951 ], [ -70.599626924999939, -33.375143291999905 ], [ -70.599631944999942, -33.375219074999904 ], [ -70.599634411999943, -33.375256323999906 ], [ -70.599640158999932, -33.375343078999947 ], [ -70.599660349999908, -33.37564789399994 ], [ -70.599693468999931, -33.375912238999945 ], [ -70.599707164999927, -33.376021554999909 ], [ -70.599705051999933, -33.376060406999954 ], [ -70.599686126999927, -33.376408362999939 ], [ -70.5996818509999, -33.376486979999925 ], [ -70.599665197999911, -33.376793171999907 ], [ -70.599657355999909, -33.376874208999936 ], [ -70.599654957999917, -33.376898991999951 ], [ -70.599647477999952, -33.376976288999913 ], [ -70.599639945999911, -33.377054127999941 ], [ -70.599619541999914, -33.37726497999995 ], [ -70.599615697999923, -33.377304690999949 ], [ -70.599615684999947, -33.377304829999957 ], [ -70.599615671999914, -33.377304968999908 ], [ -70.599613035999937, -33.377332204999902 ], [ -70.599613032999912, -33.377332234999926 ], [ -70.599609868999949, -33.377364928999953 ], [ -70.599605566999912, -33.377409392999937 ], [ -70.599604468999928, -33.37742073599992 ], [ -70.599606908999931, -33.377553987999931 ], [ -70.599608446999923, -33.377637963999916 ], [ -70.599613156999908, -33.377895124999952 ], [ -70.599617182999907, -33.378114990999904 ], [ -70.599617518999935, -33.378120430999957 ], [ -70.599617521999903, -33.378120474999946 ], [ -70.599617524999928, -33.378120518999935 ], [ -70.599640071999943, -33.378484451999952 ], [ -70.599700201999951, -33.378704627999923 ], [ -70.599832950999939, -33.378946414999916 ], [ -70.599850419999939, -33.378987102999929 ], [ -70.599908039999946, -33.379121305999945 ], [ -70.599913772999912, -33.379127758999914 ], [ -70.600153620999947, -33.37939771099991 ], [ -70.600336956999911, -33.379551677999928 ], [ -70.600355560999901, -33.379567301999941 ], [ -70.60047090799992, -33.379664171999934 ], [ -70.60100497499991, -33.379954890999954 ], [ -70.601337973999932, -33.380198600999904 ], [ -70.60173735199993, -33.380563201999905 ], [ -70.602840644999901, -33.381301994999944 ], [ -70.603117153999904, -33.381523883999932 ], [ -70.603297942999916, -33.381765044999952 ], [ -70.603382177999947, -33.381998435999947 ], [ -70.603419136999946, -33.382254982999939 ], [ -70.603535366999949, -33.382474431999924 ], [ -70.603609969999923, -33.382622271999935 ], [ -70.603604723999922, -33.382775652999953 ], [ -70.603586839999934, -33.382822476999934 ], [ -70.603532403999907, -33.382964996999931 ], [ -70.603474911999911, -33.383115520999922 ], [ -70.603376342999923, -33.383418911999911 ], [ -70.603348293999943, -33.383517924999921 ], [ -70.603330704999905, -33.383580011999925 ], [ -70.603324477999934, -33.383601992999957 ], [ -70.603311546999919, -33.383647639999936 ], [ -70.603292577999923, -33.383714600999951 ], [ -70.603281635999906, -33.383753224999907 ], [ -70.603269750999914, -33.383795180999925 ], [ -70.603255825999952, -33.383844334999935 ], [ -70.603244429999904, -33.383905945999913 ], [ -70.6032431779999, -33.383912715999941 ], [ -70.603237426999954, -33.383943810999938 ], [ -70.603233791999912, -33.383963463999919 ], [ -70.603212708999934, -33.383980205999933 ], [ -70.603155787999924, -33.384025407999957 ], [ -70.603117282999904, -33.384077305999938 ], [ -70.60306413099994, -33.384194091999916 ], [ -70.603031848999933, -33.384244431999946 ], [ -70.603005512999914, -33.384285500999908 ], [ -70.602866162999931, -33.384397064999916 ], [ -70.602776839999933, -33.384483228999954 ], [ -70.602661649999902, -33.384605652999937 ], [ -70.602543798999932, -33.384772030999954 ], [ -70.602516831999935, -33.384810101999904 ], [ -70.602514109999902, -33.384814238999923 ], [ -70.602489447999915, -33.384851725999908 ], [ -70.602481003999912, -33.384864560999915 ], [ -70.6024684489999, -33.384883644999945 ], [ -70.602410809999924, -33.384971256999904 ], [ -70.602405528999952, -33.38497928399994 ], [ -70.60239294899992, -33.384998404999919 ], [ -70.602377905999901, -33.385021270999914 ], [ -70.602366110999924, -33.385039198999948 ], [ -70.602343765999933, -33.385073163999948 ], [ -70.602318354999909, -33.385120773999915 ], [ -70.602313863999939, -33.38512918899994 ], [ -70.602304807999928, -33.385148437999931 ], [ -70.602288629999919, -33.385182826999937 ], [ -70.602254239999922, -33.385255928999925 ], [ -70.602235730999951, -33.385285707999913 ], [ -70.602227939999921, -33.385306279999952 ], [ -70.602222342999937, -33.385321055999952 ], [ -70.602214825999908, -33.38534090099995 ], [ -70.602209266999921, -33.385355575999938 ], [ -70.602206222999939, -33.385363611999935 ], [ -70.602205119999951, -33.385366524999938 ], [ -70.602192799999898, -33.385399048999943 ], [ -70.602190573999906, -33.385404926999911 ], [ -70.602177321999932, -33.385439911999924 ], [ -70.602166574999899, -33.385468283999955 ], [ -70.602173275999917, -33.385471500999927 ], [ -70.602188921999925, -33.385479012999951 ], [ -70.602203089999932, -33.385485814999925 ], [ -70.602228214999911, -33.38549787799991 ], [ -70.60222161899992, -33.385507546999918 ], [ -70.602155858999936, -33.385603939999953 ], [ -70.60209188999994, -33.385706369999923 ], [ -70.60203206999995, -33.385802154999908 ], [ -70.601957697999921, -33.38596537199993 ], [ -70.601933966999923, -33.386024889999931 ], [ -70.601881287999902, -33.38615700999992 ], [ -70.601849358999914, -33.386263744999951 ], [ -70.601849228999924, -33.386263806999921 ], [ -70.601846097999953, -33.386265289999926 ], [ -70.601818406999939, -33.386278402999949 ], [ -70.601811998999949, -33.386281436999923 ], [ -70.601803385999915, -33.38628551599993 ], [ -70.601801306999903, -33.386286499999926 ], [ -70.601794251999934, -33.386289839999904 ], [ -70.601787333999937, -33.386293115999933 ], [ -70.601777768999909, -33.386297644999956 ], [ -70.601778195999941, -33.386299961999953 ], [ -70.601783304999913, -33.386351807999915 ], [ -70.601783302999934, -33.386351881999929 ], [ -70.60178243799993, -33.386364556999922 ], [ -70.601779784999906, -33.386403411999936 ], [ -70.601779776999933, -33.386403462999908 ], [ -70.601768889999903, -33.386448566999945 ], [ -70.601767731999928, -33.386453361999941 ], [ -70.601767718999952, -33.386453397999958 ], [ -70.601750090999928, -33.386494224999922 ], [ -70.601747471999943, -33.386500290999948 ], [ -70.60174743999994, -33.386500346999924 ], [ -70.60171956399995, -33.386542921999933 ], [ -70.60170686999993, -33.38655794899995 ], [ -70.601705996999954, -33.386558980999951 ], [ -70.60170510599994, -33.386559625999951 ], [ -70.601687605999928, -33.386572281999918 ], [ -70.60168129099992, -33.386576849999926 ], [ -70.601680211999906, -33.38657762999992 ], [ -70.601657293999949, -33.386594204999938 ], [ -70.601637847999939, -33.386608269999954 ], [ -70.601623667999945, -33.38661852599995 ], [ -70.601582926999924, -33.386647991999951 ], [ -70.60151611099991, -33.386696317999906 ], [ -70.601496682999937, -33.386710368999957 ], [ -70.601466677999952, -33.386762247999911 ], [ -70.601385722999908, -33.386854757999913 ], [ -70.601321442999904, -33.386945576999949 ], [ -70.601287998999908, -33.387046664999957 ], [ -70.601284373999931, -33.387118307999913 ], [ -70.601286874999914, -33.387170257999912 ], [ -70.601292392999937, -33.387279353999929 ], [ -70.601295655999934, -33.387292415999923 ], [ -70.601315167999928, -33.387370524999938 ], [ -70.60133623999991, -33.387429550999911 ], [ -70.601393093999945, -33.387520826999946 ], [ -70.601431192999939, -33.387581992999912 ], [ -70.601478893999911, -33.387679849999927 ], [ -70.601507968999954, -33.387739494999948 ], [ -70.601607346999913, -33.387943364999956 ], [ -70.601695237999934, -33.388126395999905 ], [ -70.601704963999907, -33.388146648999907 ], [ -70.601718325999911, -33.388174474999914 ], [ -70.601756788999921, -33.388254572999926 ], [ -70.60184511999995, -33.388438518999919 ], [ -70.601904113999922, -33.38857786199992 ], [ -70.601931817999912, -33.388705185999925 ], [ -70.601933136999946, -33.388711250999904 ], [ -70.601934525999923, -33.388717691999943 ], [ -70.601937049999947, -33.388729394999928 ], [ -70.601938484999948, -33.388756484999931 ], [ -70.601943845999926, -33.38885771899993 ], [ -70.601952799999935, -33.389061330999937 ], [ -70.601955173999897, -33.389153212999929 ], [ -70.6019566679999, -33.389211076999914 ], [ -70.601956789999917, -33.389215462999914 ], [ -70.601956878999943, -33.389218653999933 ], [ -70.601956933999929, -33.389220621999925 ], [ -70.601958192999916, -33.389266045999932 ], [ -70.601958592999949, -33.389281419999918 ], [ -70.601959693999902, -33.389323802999911 ], [ -70.601960042999906, -33.389439839999909 ], [ -70.601960986999927, -33.389480502999902 ], [ -70.601962514999911, -33.389541687999952 ], [ -70.601951397999926, -33.389576337999927 ], [ -70.60195041399993, -33.389579405999939 ], [ -70.601942335999922, -33.389604583999926 ], [ -70.601914018999935, -33.389650285999949 ], [ -70.601889377999953, -33.38966906099995 ], [ -70.601867030999927, -33.389686087999905 ], [ -70.601817518999951, -33.38971641899991 ], [ -70.601789541999949, -33.389733557999932 ], [ -70.601798411999937, -33.389748511999926 ], [ -70.601799343999915, -33.389750083999957 ], [ -70.601800354999909, -33.389751787999955 ], [ -70.601800688999901, -33.389752351999903 ], [ -70.601801263999903, -33.389753321999933 ], [ -70.60180203099992, -33.389754614999902 ], [ -70.601802104999933, -33.389754738999954 ], [ -70.601802400999929, -33.389755237999907 ], [ -70.601802433999922, -33.389755292999951 ], [ -70.60180820599993, -33.389765025999907 ], [ -70.601811375999944, -33.38977037099994 ], [ -70.60182285399992, -33.389789725999947 ], [ -70.601828724999905, -33.389799625999956 ], [ -70.601835072999904, -33.389810328999943 ], [ -70.601857680999899, -33.389832188999947 ], [ -70.601868634999903, -33.389842781999903 ], [ -70.601886135999905, -33.389859704999935 ], [ -70.601896329999931, -33.389869561999944 ], [ -70.601906676999931, -33.389879566999923 ], [ -70.601936312999953, -33.389908223999953 ], [ -70.601972443999898, -33.38991849599995 ], [ -70.602016674999902, -33.389931070999921 ], [ -70.602047275999951, -33.389939770999945 ], [ -70.602061797999909, -33.389943899999935 ], [ -70.602102460999902, -33.389955460999943 ], [ -70.602133541999933, -33.389964296999949 ], [ -70.602177628999925, -33.389975374999949 ], [ -70.602216066999915, -33.389985032999903 ], [ -70.602253022999946, -33.389994318999925 ], [ -70.602269721999903, -33.389997446999928 ], [ -70.602319727999941, -33.390006813999946 ], [ -70.602365620999933, -33.390015410999922 ], [ -70.602434295999899, -33.390059615999917 ], [ -70.602441838999937, -33.390069567999944 ], [ -70.602480948999926, -33.390121169999929 ], [ -70.602491377999911, -33.39013493099992 ], [ -70.602498459999936, -33.390144273999908 ], [ -70.602545800999906, -33.390206734999936 ], [ -70.60261367499993, -33.390296286999956 ], [ -70.602627346999952, -33.390313690999903 ], [ -70.602640842999904, -33.390330869999957 ], [ -70.602660647999926, -33.390356080999936 ], [ -70.602683981999917, -33.390385783999932 ], [ -70.602746551999928, -33.390465433999907 ], [ -70.602774262999901, -33.390500707999934 ], [ -70.602853445999926, -33.390601502999914 ], [ -70.60291783699995, -33.390683468999953 ], [ -70.602966404999904, -33.390745292999952 ], [ -70.6029742959999, -33.390755337999906 ], [ -70.603083579999918, -33.390894449999905 ], [ -70.603136255999914, -33.390937118999943 ], [ -70.603188419999924, -33.390979373999926 ], [ -70.603267528999936, -33.391043453999941 ], [ -70.603302278999934, -33.391071601999954 ], [ -70.60333014899993, -33.391094177999946 ], [ -70.603348485999902, -33.391119403999937 ], [ -70.603375729999925, -33.39115688399994 ], [ -70.603408840999919, -33.391202436999947 ], [ -70.603449819999923, -33.391258812999922 ], [ -70.603492391999907, -33.391317379999919 ], [ -70.603497653999909, -33.391324619999921 ], [ -70.603622945999916, -33.391496985999936 ], [ -70.6036386319999, -33.391518565999945 ], [ -70.603646652999942, -33.391527628999938 ], [ -70.603774431999909, -33.391672012999948 ], [ -70.603821225999923, -33.391724886999953 ], [ -70.60386199699991, -33.391770955999903 ], [ -70.603871278999918, -33.391781444999936 ], [ -70.603914816999918, -33.39183063999991 ], [ -70.603947363999907, -33.391869147999955 ], [ -70.603959471999929, -33.39188347299995 ], [ -70.604080694999936, -33.392026899999905 ], [ -70.604168642999923, -33.392066625999917 ], [ -70.604222722999907, -33.392091053999934 ], [ -70.604245679999906, -33.392101423999918 ], [ -70.604347645999951, -33.392120433999935 ], [ -70.604431753999904, -33.392136114999914 ], [ -70.6044944759999, -33.392147807999947 ], [ -70.604506150999953, -33.392149189999941 ], [ -70.604574259999936, -33.392157250999958 ], [ -70.604662104999932, -33.39216764899993 ], [ -70.604769223999938, -33.392180327999938 ], [ -70.604781682999942, -33.392184066999903 ], [ -70.60480263799991, -33.392190354999912 ], [ -70.604845532999946, -33.392203225999936 ], [ -70.604956535999918, -33.392236534999938 ], [ -70.604970908999917, -33.392240847999915 ], [ -70.604990957999917, -33.392261139999903 ], [ -70.605058889999952, -33.392329893999943 ], [ -70.605068953999933, -33.392393371999958 ], [ -70.605085769999903, -33.392499440999927 ], [ -70.60509315999991, -33.392546054999912 ], [ -70.605099554999924, -33.392586391999941 ], [ -70.605166588999907, -33.392833530999951 ], [ -70.605220202999931, -33.392990481999902 ], [ -70.605272403999948, -33.393143296999938 ], [ -70.605451027999948, -33.393434174999925 ], [ -70.605537630999947, -33.393575200999919 ], [ -70.60555114899995, -33.393597214999943 ], [ -70.605555366999909, -33.393604082999957 ], [ -70.605642522999915, -33.39371034699991 ], [ -70.605752982999945, -33.393845021999937 ], [ -70.605779388999906, -33.393858386999909 ], [ -70.605860717999917, -33.393899549999958 ], [ -70.6058980439999, -33.393918441999915 ], [ -70.605970579999905, -33.393955154999958 ], [ -70.605978844999925, -33.393959337999945 ], [ -70.606133855999929, -33.393995065999945 ], [ -70.606164079999928, -33.394002031999946 ], [ -70.606291767999949, -33.394065030999911 ], [ -70.606297666999922, -33.394067940999946 ], [ -70.606301195999947, -33.394073442999911 ], [ -70.606443981999917, -33.394296015999942 ], [ -70.606468621999909, -33.39435163099995 ], [ -70.606515490999925, -33.394457420999913 ], [ -70.606544919999919, -33.394497509999951 ], [ -70.606623699999943, -33.394604822999952 ], [ -70.606647317999943, -33.39463406099992 ], [ -70.606689604999929, -33.394686408999917 ], [ -70.606742658999906, -33.394752085999926 ], [ -70.606755088999932, -33.394756546999929 ], [ -70.606833318999918, -33.394784620999928 ], [ -70.606858510999928, -33.394793661999927 ], [ -70.606891080999901, -33.394805350999945 ], [ -70.606912440999906, -33.394813015999944 ], [ -70.606982546999916, -33.394844051999939 ], [ -70.607050984999944, -33.394874349999952 ], [ -70.607062322999923, -33.394897868999919 ], [ -70.607083983999928, -33.394942801999946 ], [ -70.607133074999922, -33.395044635999909 ], [ -70.607141542999898, -33.395108998999945 ], [ -70.607142319999923, -33.395114903999911 ], [ -70.607151434999935, -33.395184183999902 ], [ -70.607166056999915, -33.395237267999903 ], [ -70.607171225999934, -33.395256035999921 ], [ -70.607174032999922, -33.395266224999943 ], [ -70.607186389999924, -33.395311084999946 ], [ -70.607188872999927, -33.395320098999946 ], [ -70.607191039999918, -33.395327964999922 ], [ -70.60721789999991, -33.395382831999939 ], [ -70.607256471999904, -33.395461621999914 ], [ -70.607322654999905, -33.395596811999951 ], [ -70.607398292999903, -33.395699520999926 ], [ -70.60741082699991, -33.39571653999991 ], [ -70.607464321999942, -33.395789180999941 ], [ -70.607476984999948, -33.395806375999939 ], [ -70.607540329999949, -33.395892390999904 ], [ -70.607561130999898, -33.395920636999904 ], [ -70.607585182999912, -33.395953296999949 ], [ -70.607612116999917, -33.395989870999927 ], [ -70.607631724999919, -33.396008224999946 ], [ -70.607655174999934, -33.396030176999943 ], [ -70.607671095999933, -33.396045080999954 ], [ -70.607792109999934, -33.396158361999937 ], [ -70.607797414999936, -33.396163327999943 ], [ -70.607797735999952, -33.39617090899992 ], [ -70.607802539999909, -33.396284543999911 ], [ -70.607803617999934, -33.396310051999933 ], [ -70.607804087999909, -33.396321164999904 ], [ -70.607806801999914, -33.396385368999915 ], [ -70.607806940999922, -33.396388663999915 ], [ -70.607834685999933, -33.396437746999936 ], [ -70.607888952999929, -33.396533750999936 ], [ -70.607948639999904, -33.396639342999947 ], [ -70.607955388999926, -33.396651206999934 ], [ -70.607976123999947, -33.396687656999916 ], [ -70.607980875999942, -33.396696009999914 ], [ -70.608071802999916, -33.396855848999905 ], [ -70.608139615999903, -33.396975056999906 ], [ -70.608144583999945, -33.396991560999936 ], [ -70.608155405999923, -33.397027514999934 ], [ -70.608231900999954, -33.39728164099995 ], [ -70.608285636999938, -33.397460157999944 ], [ -70.6082933429999, -33.397478874999933 ], [ -70.608298661999925, -33.397491793999905 ], [ -70.608335720999946, -33.397581809999906 ], [ -70.608340706999911, -33.397593919999906 ], [ -70.608393556999943, -33.397722290999923 ], [ -70.60839643199995, -33.397729272999925 ], [ -70.608391544999904, -33.397768002999953 ], [ -70.608380126999919, -33.397858497999948 ], [ -70.608379199999945, -33.397865845999945 ], [ -70.608362308999915, -33.397999714999912 ], [ -70.608357317999946, -33.398039274999917 ], [ -70.608347628999923, -33.398116062999918 ], [ -70.608346234999942, -33.398127109999905 ], [ -70.608345712999949, -33.398131248999903 ], [ -70.608307286999946, -33.398234662999926 ], [ -70.60830025599995, -33.398253585999953 ], [ -70.608312825999917, -33.398302145999935 ], [ -70.608318653999902, -33.398324659999957 ], [ -70.60833492799992, -33.398387528999933 ], [ -70.60839091899993, -33.398603830999946 ], [ -70.60839834199993, -33.398632508999924 ], [ -70.608398372999943, -33.398632629999952 ], [ -70.608398404999946, -33.398632750999923 ], [ -70.608398467999905, -33.398632993999911 ], [ -70.608402628999897, -33.398649067999941 ], [ -70.608402845999933, -33.398649991999946 ], [ -70.608414829999901, -33.39870103699991 ], [ -70.6084239139999, -33.398739727999953 ], [ -70.608458617999929, -33.398887538999929 ], [ -70.608466227999941, -33.398919952999904 ], [ -70.608482843999923, -33.398990726999955 ], [ -70.60848633899991, -33.39899732899994 ], [ -70.608498974999918, -33.399021193999943 ], [ -70.608527448999951, -33.399074974999905 ], [ -70.608605359999899, -33.399222129999941 ], [ -70.608608511999932, -33.399228084999947 ], [ -70.608722955999951, -33.399441385999921 ], [ -70.608783832999904, -33.399554847999923 ], [ -70.608785768999951, -33.399558455999909 ], [ -70.60879669499991, -33.399578819999931 ], [ -70.608814278999944, -33.399611592999918 ], [ -70.608887218999939, -33.399747536999939 ], [ -70.608889088999945, -33.399759270999937 ], [ -70.608890231999908, -33.399766445999944 ], [ -70.60889551899993, -33.399799633999919 ], [ -70.608914209999909, -33.399916958999938 ], [ -70.6089161619999, -33.399929211999904 ], [ -70.608936982999921, -33.400059907999946 ], [ -70.608945517999928, -33.400113484999906 ], [ -70.608963738999933, -33.40022786499992 ], [ -70.608967844999938, -33.400253634999956 ], [ -70.608974160999935, -33.400293279999914 ], [ -70.608994749999908, -33.400422520999939 ], [ -70.608995289999939, -33.400424190999956 ], [ -70.609012596999946, -33.40047771199994 ], [ -70.609033740999905, -33.400543096999911 ], [ -70.60903798399994, -33.400556216999917 ], [ -70.609043409999913, -33.400572994999948 ], [ -70.609051929999907, -33.400599342999953 ], [ -70.609070202999931, -33.400655846999939 ], [ -70.609083631999908, -33.400697373999947 ], [ -70.609088345999908, -33.400711952999927 ], [ -70.609103479999931, -33.400758753999924 ], [ -70.609140236999906, -33.400872413999934 ], [ -70.609165936999943, -33.400951887999952 ], [ -70.609170969999923, -33.400967450999929 ], [ -70.609178755999949, -33.400991528999953 ], [ -70.609244778999937, -33.401195691999931 ], [ -70.609274574999915, -33.401287830999934 ], [ -70.609319518999939, -33.401426809999919 ], [ -70.609341801999904, -33.401495716999932 ], [ -70.609342691999927, -33.401501067999902 ], [ -70.609361741999919, -33.401615585999934 ], [ -70.609366467999905, -33.40164399899993 ], [ -70.609399391999943, -33.401841926999907 ], [ -70.609402537999927, -33.401860841999905 ], [ -70.60941889399993, -33.401959162999958 ], [ -70.609421590999943, -33.401962789999914 ], [ -70.609488566999914, -33.402052880999918 ], [ -70.609501778999913, -33.402070652999953 ], [ -70.609549097999945, -33.402134301999922 ], [ -70.609562429999926, -33.402152235999949 ], [ -70.609571341999924, -33.402164223999932 ], [ -70.60971107499995, -33.402352180999912 ], [ -70.609716905999903, -33.40236679599991 ], [ -70.609747052999921, -33.402442349999944 ], [ -70.609751730999903, -33.402454072999944 ], [ -70.609756043999937, -33.402464882999936 ], [ -70.609757176999949, -33.402467722999916 ], [ -70.609760294999944, -33.40247553699993 ], [ -70.609764748999908, -33.40248669999994 ], [ -70.609789114999899, -33.402547765999941 ], [ -70.609794879999924, -33.402562213999943 ], [ -70.609820121999917, -33.402625475999912 ], [ -70.609828651999919, -33.402646852999908 ], [ -70.609838462999903, -33.402671440999939 ], [ -70.609844405999922, -33.402686336999921 ], [ -70.609858061999944, -33.40272056099991 ], [ -70.609888278999904, -33.402796290999902 ], [ -70.609890270999927, -33.402803108999933 ], [ -70.6099188419999, -33.402900920999912 ], [ -70.609942077999904, -33.402980469999932 ], [ -70.609955748999937, -33.403006840999922 ], [ -70.609980151999935, -33.40305388999991 ], [ -70.610002565999935, -33.403097145999936 ], [ -70.610068180999917, -33.403223711999942 ], [ -70.610074438999902, -33.403235791999919 ], [ -70.610074496999914, -33.403235911999957 ], [ -70.610074509999947, -33.403235941999924 ], [ -70.610074549999922, -33.403236034999907 ], [ -70.610074761999954, -33.403236592999917 ], [ -70.610076109999909, -33.403240948999951 ], [ -70.610076342999946, -33.403241702999935 ], [ -70.610086793999926, -33.403275490999931 ], [ -70.610097318999919, -33.403309517999958 ], [ -70.610107482999922, -33.403342375999955 ], [ -70.610117765999917, -33.403375617999927 ], [ -70.610119213999951, -33.403380299999924 ], [ -70.610121604999904, -33.403388029999917 ], [ -70.610124521999921, -33.403397459999951 ], [ -70.61012291499992, -33.403412074999949 ], [ -70.610122902999933, -33.403412181999954 ], [ -70.610122897999929, -33.403412231999937 ], [ -70.610122880999938, -33.403412388999925 ], [ -70.6101226319999, -33.403414654999949 ], [ -70.61012261299993, -33.403414828999928 ], [ -70.610122606999937, -33.403414884999904 ], [ -70.610122593999904, -33.403415003999953 ], [ -70.610122457999921, -33.403416240999945 ], [ -70.610122154999942, -33.403418994999925 ], [ -70.610121941999921, -33.403420927999946 ], [ -70.610121124999921, -33.403428358999918 ], [ -70.610118144999944, -33.403455467999947 ], [ -70.610117577999915, -33.403460626999902 ], [ -70.610110186999918, -33.403475243999935 ], [ -70.610106446999907, -33.403482638999947 ], [ -70.610105250999936, -33.403485002999957 ], [ -70.610103316999925, -33.403488826999933 ], [ -70.610102182999924, -33.403491069999916 ], [ -70.610101921999899, -33.403491586999905 ], [ -70.610101437999901, -33.403492541999924 ], [ -70.610101010999927, -33.403493383999944 ], [ -70.610099997999953, -33.403495381999903 ], [ -70.610099236999929, -33.403496882999946 ], [ -70.610097927999902, -33.403499463999935 ], [ -70.610097248999921, -33.40350080199994 ], [ -70.610097057999951, -33.403501178999932 ], [ -70.610097013999905, -33.403501263999942 ], [ -70.610096993999946, -33.403501303999917 ], [ -70.61009693099993, -33.403501428999903 ], [ -70.610095825999906, -33.403503607999937 ], [ -70.610082840999951, -33.403529212999956 ], [ -70.610078767999937, -33.403537243999949 ], [ -70.61007307299991, -33.403548472999944 ], [ -70.610071559999938, -33.403551455999946 ], [ -70.610064593999937, -33.403564948999929 ], [ -70.610044200999937, -33.403604447999953 ], [ -70.610028475999911, -33.403634904999933 ], [ -70.609989316999929, -33.403710750999949 ], [ -70.609988140999917, -33.403713029999949 ], [ -70.609973295999907, -33.40374178199994 ], [ -70.609969765999949, -33.403748618999941 ], [ -70.609963259999915, -33.403761220999911 ], [ -70.609954049999942, -33.40377905999992 ], [ -70.60994315399995, -33.40380016499995 ], [ -70.609900916999948, -33.403881972999955 ], [ -70.609899620999897, -33.403884482999956 ], [ -70.609841870999901, -33.403996337999956 ], [ -70.609809850999909, -33.404118501999903 ], [ -70.609760396999945, -33.404199763999941 ], [ -70.609735167999929, -33.404241218999914 ], [ -70.609733089999906, -33.404248212999903 ], [ -70.609703673999945, -33.404347246999919 ], [ -70.609686763999946, -33.404404177999936 ], [ -70.609677892999912, -33.404453205999914 ], [ -70.609669933999953, -33.404497194999919 ], [ -70.609650781999903, -33.404603048999945 ], [ -70.609652426999901, -33.404612853999936 ], [ -70.609676704999913, -33.404757532999952 ], [ -70.60967736899994, -33.404761490999931 ], [ -70.609681737999949, -33.404787523999914 ], [ -70.609704459999932, -33.404905403999919 ], [ -70.609707831999913, -33.404922897999938 ], [ -70.609723497999937, -33.405004165999912 ], [ -70.60972595599992, -33.405016918999934 ], [ -70.609734042999946, -33.40504429899994 ], [ -70.609753156999943, -33.405109015999926 ], [ -70.609796531999905, -33.405255874999909 ], [ -70.609801578999907, -33.405272960999923 ], [ -70.609805576999918, -33.405277615999921 ], [ -70.609806634999927, -33.405278847999909 ], [ -70.609960429999944, -33.405457893999937 ], [ -70.609987516999922, -33.405489427999953 ], [ -70.609987537999928, -33.405489452999916 ], [ -70.609987559999922, -33.405489478999925 ], [ -70.610073546999899, -33.405589583999927 ], [ -70.610111767999911, -33.405661065999936 ], [ -70.610133407999911, -33.405701536999914 ], [ -70.610141617999943, -33.405717049999907 ], [ -70.610160278999899, -33.405752308999922 ], [ -70.610204559999943, -33.405835977999914 ], [ -70.6102409209999, -33.405904682999903 ], [ -70.61024630299994, -33.40591485199991 ], [ -70.610269463999941, -33.405958613999928 ], [ -70.6102865229999, -33.405990846999941 ], [ -70.610379905999935, -33.406167291999907 ], [ -70.610400618999904, -33.406188331999942 ], [ -70.610411678999924, -33.406199564999952 ], [ -70.610433547999946, -33.406221777999917 ], [ -70.610443210999904, -33.406231592999916 ], [ -70.610548688999927, -33.406338730999948 ], [ -70.610551595999937, -33.406341683999926 ], [ -70.610581335999939, -33.406371892999914 ], [ -70.610596299999941, -33.406387091999932 ], [ -70.610604835999936, -33.40639576399991 ], [ -70.610688926999899, -33.406481178999911 ], [ -70.610783968999954, -33.406577716999948 ], [ -70.610788971999909, -33.406582796999942 ], [ -70.610860756999898, -33.406655712999907 ], [ -70.610946293999916, -33.406742596999948 ], [ -70.610970319999922, -33.406767000999935 ], [ -70.610970929999951, -33.406767619999926 ], [ -70.611016995999933, -33.406814410999914 ], [ -70.611019988999942, -33.406817451999927 ], [ -70.611022527999921, -33.406820030999938 ], [ -70.611029754999947, -33.406827370999906 ], [ -70.611031589999925, -33.406829233999929 ], [ -70.611047309999947, -33.406845200999953 ], [ -70.611051948999943, -33.406849912999917 ], [ -70.611064274999933, -33.406862432999958 ], [ -70.611074975999941, -33.406873301999951 ], [ -70.6110895569999, -33.406888112999923 ], [ -70.611093904999905, -33.406892529999936 ], [ -70.611103146999938, -33.406901916999914 ], [ -70.611105250999913, -33.40690371799991 ], [ -70.611327371999948, -33.407093830999941 ], [ -70.611352198999953, -33.407115080999915 ], [ -70.611368286999948, -33.407128849999935 ], [ -70.611413557999924, -33.407167596999955 ], [ -70.61144358599995, -33.407193296999935 ], [ -70.611443706999921, -33.407193400999915 ], [ -70.611443745999907, -33.407193433999907 ], [ -70.611443828999938, -33.407193504999952 ], [ -70.61144685499994, -33.407196094999904 ], [ -70.611447720999934, -33.407196836999958 ], [ -70.611459169999932, -33.407206635999955 ], [ -70.611473344999922, -33.40721876799995 ], [ -70.611475681999934, -33.407220768999935 ], [ -70.611485180999921, -33.407228898999904 ], [ -70.611500128999921, -33.407241692999946 ], [ -70.611504406999927, -33.40724535399994 ], [ -70.611519737999913, -33.407258475999924 ], [ -70.611533859999952, -33.40727056299994 ], [ -70.611543844999915, -33.407279108999944 ], [ -70.611567824999952, -33.407299633999912 ], [ -70.611586071999909, -33.407315251999933 ], [ -70.611615809999932, -33.407340703999921 ], [ -70.611633430999916, -33.407355785999926 ], [ -70.611674003999951, -33.407390511999949 ], [ -70.611680322999916, -33.407397117999949 ], [ -70.61170504699993, -33.407422962999931 ], [ -70.61174150699992, -33.407461075999947 ], [ -70.61175271399992, -33.407472790999918 ], [ -70.611769604999949, -33.40749044699993 ], [ -70.611790698999926, -33.407512497999903 ], [ -70.611794628999917, -33.407516608999913 ], [ -70.611813827999924, -33.40753667599995 ], [ -70.611821318999944, -33.407544506999955 ], [ -70.6118319549999, -33.407555624999929 ], [ -70.611832026999934, -33.407555699999932 ], [ -70.611832098999912, -33.407555775999924 ], [ -70.611832684999911, -33.407556387999932 ], [ -70.611834764999912, -33.407558562999952 ], [ -70.611836985999901, -33.407560884999953 ], [ -70.611837059999914, -33.407560961999934 ], [ -70.611837133999927, -33.407561039999905 ], [ -70.611855680999952, -33.40758042899995 ], [ -70.61188319799993, -33.407609194999907 ], [ -70.611892928999907, -33.407619366999938 ], [ -70.611894808999921, -33.407621332999952 ], [ -70.611898845999917, -33.407625552999946 ], [ -70.611946366999916, -33.407675229999938 ], [ -70.611950446999913, -33.407679495999957 ], [ -70.611961009999902, -33.40769053799994 ], [ -70.611975783999924, -33.407705980999935 ], [ -70.611993645999917, -33.407724652999946 ], [ -70.612064815999929, -33.407799050999927 ], [ -70.612095797999928, -33.407831439999939 ], [ -70.612221331999933, -33.407927214999916 ], [ -70.612249664999922, -33.407948831999931 ], [ -70.612269537999907, -33.407963993999942 ], [ -70.612286635999908, -33.407977038999945 ], [ -70.612328414999922, -33.408008914999925 ], [ -70.6124188309999, -33.408077896999941 ], [ -70.612520292999932, -33.408155306999902 ], [ -70.612558915999898, -33.408184773999949 ], [ -70.6125606949999, -33.408186131999912 ], [ -70.612562812999897, -33.408187703999943 ], [ -70.612583604999941, -33.408203134999951 ], [ -70.612613370999952, -33.408225226999946 ], [ -70.612686366999924, -33.408279402999938 ], [ -70.612729661999936, -33.408311535999928 ], [ -70.612732248999919, -33.408313455999917 ], [ -70.612966947999951, -33.408487644999923 ], [ -70.613016823999942, -33.408524659999955 ], [ -70.613195250999922, -33.408657085999948 ], [ -70.613265271999921, -33.408709053999928 ], [ -70.613270007999915, -33.408712772999934 ], [ -70.613342969999906, -33.408770076999929 ], [ -70.613434168999902, -33.408841704999929 ], [ -70.613466970999923, -33.408867466999936 ], [ -70.613518960999897, -33.40890829999995 ], [ -70.613546629999917, -33.408930030999954 ], [ -70.613660065999909, -33.409019121999904 ], [ -70.61375182699993, -33.409091190999902 ], [ -70.613810719999947, -33.409137444999942 ], [ -70.613846990999946, -33.40916593299994 ], [ -70.613846070999898, -33.409165942999948 ], [ -70.61296871199994, -33.409167359999913 ], [ -70.612619884999901, -33.409167922999927 ], [ -70.612116959999923, -33.409168734999923 ], [ -70.609366522999949, -33.409173142999919 ], [ -70.608615846999953, -33.409174345999929 ], [ -70.608270311999945, -33.409174900999915 ], [ -70.60763628199993, -33.409175919999939 ], [ -70.607029492999914, -33.409176894999916 ], [ -70.606942739999909, -33.409177033999924 ], [ -70.606927741999925, -33.409177057999955 ], [ -70.606908613999906, -33.409177088999911 ], [ -70.606823805999909, -33.409177224999951 ], [ -70.606746400999953, -33.409177349999936 ], [ -70.606656766999947, -33.409177493999948 ], [ -70.606581599999913, -33.409177614999919 ], [ -70.606524749999949, -33.409177705999923 ], [ -70.606512852999913, -33.40917772499995 ], [ -70.606511541999907, -33.409177726999928 ], [ -70.606489361999934, -33.409177762999946 ], [ -70.60648862599993, -33.409177763999935 ], [ -70.606487834999939, -33.409177765999914 ], [ -70.606487769999944, -33.409177765999914 ], [ -70.606487714999901, -33.409177764999924 ], [ -70.606448830999909, -33.409177826999951 ], [ -70.60640994399995, -33.40917788899992 ], [ -70.606381987999953, -33.409177933999956 ], [ -70.606340538999916, -33.40917800099993 ], [ -70.606299088999947, -33.409178067999903 ], [ -70.606084410999927, -33.40917841299995 ], [ -70.606028800999923, -33.409178501999918 ], [ -70.605998122999949, -33.409178550999911 ], [ -70.605964428999926, -33.409178604999909 ], [ -70.605866376999927, -33.409178762999943 ], [ -70.605810377999944, -33.409178852999958 ], [ -70.605754379999951, -33.409178942999915 ], [ -70.605672048999907, -33.40917907599993 ], [ -70.605640696999899, -33.409179125999913 ], [ -70.605640146999917, -33.409179128999938 ], [ -70.605484736999927, -33.40917937699993 ], [ -70.605457664999903, -33.409179420999919 ], [ -70.605354298999941, -33.409179585999937 ], [ -70.605352758999913, -33.409179587999915 ], [ -70.605325794999942, -33.409170668999934 ], [ -70.605237420999913, -33.409141434999924 ], [ -70.605077293999898, -33.409088464999911 ], [ -70.605067470999927, -33.409085215999937 ], [ -70.605048861999933, -33.409079060999943 ], [ -70.605047465999917, -33.40907859899994 ], [ -70.605024709999952, -33.409071071999904 ], [ -70.604970394999953, -33.409053104999941 ], [ -70.604874424999934, -33.409021357999904 ], [ -70.604861200999949, -33.409016982999958 ], [ -70.604801266999914, -33.408997156999931 ], [ -70.604770295999913, -33.408986148999929 ], [ -70.604702194999902, -33.408963245999928 ], [ -70.604607312999917, -33.40893133599991 ], [ -70.604201603999911, -33.408794890999957 ], [ -70.604075854999905, -33.408752599999957 ], [ -70.604033723999919, -33.408738430999904 ], [ -70.603955360999919, -33.408714624999902 ], [ -70.603932433999944, -33.408707659999948 ], [ -70.60371966699995, -33.408643024999947 ], [ -70.603691199999901, -33.408634376999942 ], [ -70.603648774999954, -33.408621488999927 ], [ -70.603622248999898, -33.408613430999935 ], [ -70.603531481999937, -33.408585836999919 ], [ -70.603476585999942, -33.408569147999913 ], [ -70.603356324999936, -33.408531297999957 ], [ -70.603265920999945, -33.408502843999941 ], [ -70.603103251999926, -33.408451645999946 ], [ -70.6027439799999, -33.408271119999938 ], [ -70.602742030999934, -33.408270123999955 ], [ -70.602740080999922, -33.40826913099994 ], [ -70.602738129999921, -33.408268138999915 ], [ -70.60273617699994, -33.408267150999905 ], [ -70.602734223999903, -33.40826616399994 ], [ -70.602732268999944, -33.408265179999944 ], [ -70.602730312999938, -33.408264197999927 ], [ -70.60272853999993, -33.408263311999917 ], [ -70.602726765999932, -33.408262428999933 ], [ -70.602724989999899, -33.408261546999938 ], [ -70.602723213999923, -33.408260667999912 ], [ -70.6027214369999, -33.408259790999921 ], [ -70.602719657999899, -33.408258914999919 ], [ -70.602717878999954, -33.408258041999943 ], [ -70.602711643999953, -33.408255001999919 ], [ -70.602707181999904, -33.408252845999925 ], [ -70.602702714999907, -33.408250703999954 ], [ -70.602698240999928, -33.408248573999913 ], [ -70.602693759999909, -33.408246456999905 ], [ -70.602689273999943, -33.40824435299993 ], [ -70.602684781999926, -33.40824226299992 ], [ -70.602680282999927, -33.408240184999954 ], [ -70.602679198999908, -33.408239685999945 ], [ -70.602677526999912, -33.408238918999928 ], [ -70.602675854999916, -33.408238152999957 ], [ -70.60267418199993, -33.408237388999908 ], [ -70.602672507999898, -33.408236626999951 ], [ -70.602670832999934, -33.408235866999917 ], [ -70.602669156999923, -33.408235108999918 ], [ -70.602667480999912, -33.408234351999909 ], [ -70.602661062999914, -33.408231473999933 ], [ -70.60265396199992, -33.408228332999954 ], [ -70.602647858999944, -33.408225663999929 ], [ -70.602641745999904, -33.408223019999923 ], [ -70.602635621999923, -33.408220398999958 ], [ -70.602629488999924, -33.408217802999957 ], [ -70.602623344999927, -33.408215229999939 ], [ -70.602617190999922, -33.408212681999942 ], [ -70.602611026999909, -33.408210157999918 ], [ -70.602608963999899, -33.408209319999912 ], [ -70.602606900999945, -33.408208483999942 ], [ -70.602604835999898, -33.408207650999941 ], [ -70.602602769999919, -33.408206820999908 ], [ -70.60260070299995, -33.408205993999957 ], [ -70.602598634999936, -33.408205168999928 ], [ -70.602596565999931, -33.408204346999923 ], [ -70.602585500999908, -33.408199998999919 ], [ -70.602574404999928, -33.408195728999942 ], [ -70.602563279999913, -33.408191537999926 ], [ -70.602552125999921, -33.408187424999937 ], [ -70.602540941999905, -33.40818338999992 ], [ -70.602529730999947, -33.408179434999909 ], [ -70.602518491999945, -33.408175557999925 ], [ -70.602513310999939, -33.40817379799995 ], [ -70.602508124999929, -33.408172054999909 ], [ -70.602502932999926, -33.408170328999915 ], [ -70.602497735999918, -33.408168619999913 ], [ -70.602492532999918, -33.408166927999957 ], [ -70.602487323999924, -33.408165252999936 ], [ -70.602482109999926, -33.408163594999905 ], [ -70.602469787999951, -33.408159567999917 ], [ -70.602457433999916, -33.408155640999951 ], [ -70.602445047999936, -33.40815181399995 ], [ -70.602432631999932, -33.408148088999951 ], [ -70.602420185999904, -33.408144463999918 ], [ -70.602407710999898, -33.408140940999942 ], [ -70.602395206999915, -33.408137518999922 ], [ -70.602393161999942, -33.40813696999993 ], [ -70.602391115999922, -33.408136423999906 ], [ -70.602389069999901, -33.408135880999907 ], [ -70.602387022999949, -33.408135340999934 ], [ -70.60238497499995, -33.408134802999939 ], [ -70.602382925999905, -33.408134266999923 ], [ -70.602380876999916, -33.408133734999922 ], [ -70.602378826999939, -33.408133204999956 ], [ -70.602376775999915, -33.408132678999948 ], [ -70.602374723999901, -33.408132153999929 ], [ -70.602372671999944, -33.408131632999925 ], [ -70.602370618999942, -33.408131113999957 ], [ -70.602368564999949, -33.408130597999957 ], [ -70.6023665109999, -33.408130083999936 ], [ -70.602365924999901, -33.408129939999924 ], [ -70.602361920999954, -33.408128950999924 ], [ -70.602359315999934, -33.408128307999903 ], [ -70.602358582999898, -33.408128130999955 ], [ -70.602356629999917, -33.40812765599992 ], [ -70.602354676999937, -33.40812718299992 ], [ -70.602352721999921, -33.408126712999945 ], [ -70.602350767999951, -33.408126244999949 ], [ -70.602348811999946, -33.408125779999921 ], [ -70.60234685699993, -33.408125316999929 ], [ -70.602344899999935, -33.408124856999905 ], [ -70.602341596999906, -33.40812408599993 ], [ -70.602338292999946, -33.408123321999938 ], [ -70.602334986999949, -33.408122564999928 ], [ -70.602331678999917, -33.408121814999902 ], [ -70.602328369999952, -33.408121071999915 ], [ -70.602325058999952, -33.408120335999911 ], [ -70.602321746999905, -33.408119606999946 ], [ -70.602318050999941, -33.408118806999937 ], [ -70.602314355999908, -33.408118007999917 ], [ -70.602310655999929, -33.408117225999945 ], [ -70.602306956999939, -33.408116444999905 ], [ -70.60229955099993, -33.408114916999921 ], [ -70.602292137999939, -33.408113423999907 ], [ -70.602284717999908, -33.408111966999911 ], [ -70.602268517999903, -33.408108912999921 ], [ -70.602252286999942, -33.408106025999928 ], [ -70.602236027999936, -33.408103308999955 ], [ -70.602219740999942, -33.408100759999911 ], [ -70.602203427999939, -33.408098379999956 ], [ -70.602187090999905, -33.408096168999919 ], [ -70.602170732999923, -33.408094127999902 ], [ -70.602168623999944, -33.408093876999942 ], [ -70.602166514999908, -33.408093627999904 ], [ -70.602164405999929, -33.408093382999937 ], [ -70.60216229699995, -33.408093139999949 ], [ -70.602160186999924, -33.408092899999929 ], [ -70.602158076999899, -33.408092661999945 ], [ -70.602155965999941, -33.408092427999918 ], [ -70.602145445999952, -33.408091302999935 ], [ -70.602134918999923, -33.408090247999951 ], [ -70.602124383999922, -33.408089263999955 ], [ -70.602113843999916, -33.408088349999957 ], [ -70.602103296999928, -33.408087506999948 ], [ -70.602092745999926, -33.408086733999937 ], [ -70.60208218899993, -33.408086030999925 ], [ -70.602074791999939, -33.408085580999909 ], [ -70.602072684999939, -33.408085460999928 ], [ -70.602067242999908, -33.408085151999956 ], [ -70.602030984999942, -33.408083564999913 ], [ -70.601994699999921, -33.408082786999955 ], [ -70.601958406999927, -33.408082818999958 ], [ -70.601922122999952, -33.408083660999921 ], [ -70.601885867999954, -33.408085310999923 ], [ -70.601849657999935, -33.408087769999952 ], [ -70.601813511999922, -33.408091035999917 ], [ -70.601591439999936, -33.408109129999957 ], [ -70.601457154999935, -33.408120071999917 ], [ -70.601367099999948, -33.408127409999906 ], [ -70.601174019999917, -33.408134042999905 ], [ -70.60102050699993, -33.408139315999904 ], [ -70.600868761999948, -33.408144528999912 ], [ -70.600864251999951, -33.408144683999922 ], [ -70.6007924029999, -33.408147151999913 ], [ -70.600777032999929, -33.408147679999956 ], [ -70.600764221999952, -33.408148119999908 ], [ -70.600763776999941, -33.408148134999919 ], [ -70.600668601999928, -33.408151403999909 ], [ -70.600631131999933, -33.408152690999941 ], [ -70.600605683999902, -33.408153564999907 ], [ -70.60060547899991, -33.408153571999947 ], [ -70.600574191999954, -33.408154646999947 ], [ -70.600537795999912, -33.408155896999915 ], [ -70.600492757999916, -33.408157444999915 ], [ -70.600313079999921, -33.408163615999911 ], [ -70.600281542999937, -33.40816469899994 ], [ -70.600156515999913, -33.408168993999936 ], [ -70.600091738999936, -33.408168511999918 ], [ -70.599895744999912, -33.408167051999953 ], [ -70.599752363999926, -33.408165983999936 ], [ -70.599678403999917, -33.408165432999908 ], [ -70.599663968999948, -33.408165324999914 ], [ -70.599652098999911, -33.408165281999914 ], [ -70.599648741999943, -33.408165264999923 ], [ -70.599645385999906, -33.408165243999917 ], [ -70.599642028999938, -33.408165219999944 ], [ -70.599638672999902, -33.408165192999945 ], [ -70.599635315999933, -33.408165161999932 ], [ -70.599631958999908, -33.408165127999951 ], [ -70.599628602999928, -33.408165090999944 ], [ -70.599574910999934, -33.408164151999927 ], [ -70.59952123599993, -33.408162475999916 ], [ -70.599467589999904, -33.408160062999912 ], [ -70.59941398199993, -33.408156912999914 ], [ -70.599360421999904, -33.408153026999912 ], [ -70.599306920999936, -33.408148405999953 ], [ -70.599253487999931, -33.408143049999921 ], [ -70.599250150999922, -33.408142692999945 ], [ -70.599246814999901, -33.408142332999944 ], [ -70.599243478999938, -33.408141969999917 ], [ -70.599240143999907, -33.408141603999923 ], [ -70.599236807999944, -33.408141234999903 ], [ -70.599233473999902, -33.408140861999925 ], [ -70.599230138999928, -33.408140485999922 ], [ -70.599224454999899, -33.408139840999922 ], [ -70.599218771999915, -33.408139186999904 ], [ -70.599213089999921, -33.408138524999913 ], [ -70.599207409999906, -33.408137853999904 ], [ -70.599201729999947, -33.408137174999922 ], [ -70.599196050999922, -33.408136486999922 ], [ -70.599190372999942, -33.40813579099995 ], [ -70.599187006999898, -33.408135373999926 ], [ -70.5991836419999, -33.408134953999934 ], [ -70.599180276999903, -33.408134530999916 ], [ -70.599176911999905, -33.40813410599992 ], [ -70.599173547999953, -33.408133677999956 ], [ -70.599170183999945, -33.40813324699991 ], [ -70.599166819999937, -33.408132813999941 ], [ -70.599155257999939, -33.408131295999908 ], [ -70.599150277999911, -33.408130632999928 ], [ -70.599145297999939, -33.408129963999954 ], [ -70.599140319999947, -33.408129287999941 ], [ -70.599135342999944, -33.408128603999955 ], [ -70.59913036599994, -33.40812791399992 ], [ -70.599125390999916, -33.408127216999958 ], [ -70.599120415999948, -33.408126512999957 ], [ -70.599119771999938, -33.408126420999906 ], [ -70.599108826999952, -33.408124850999911 ], [ -70.59910220699993, -33.408123884999952 ], [ -70.599095588999944, -33.408122908999928 ], [ -70.599088971999947, -33.408121920999918 ], [ -70.599082356999929, -33.40812092199991 ], [ -70.599075743999947, -33.408119911999904 ], [ -70.599069131999897, -33.408118890999958 ], [ -70.59906252199994, -33.408117858999958 ], [ -70.599061076999931, -33.408117629999936 ], [ -70.599050968999904, -33.408116027999938 ], [ -70.599045714999932, -33.40811518299995 ], [ -70.599040462999938, -33.408114330999922 ], [ -70.599035211999933, -33.408113471999911 ], [ -70.599029961999918, -33.408112605999918 ], [ -70.599024712999949, -33.408111732999942 ], [ -70.599019464999913, -33.408110851999936 ], [ -70.599014218999912, -33.408109963999948 ], [ -70.599004836999939, -33.40810836199995 ], [ -70.598993911999912, -33.408106467999914 ], [ -70.598993324999924, -33.408106363999934 ], [ -70.598981818999903, -33.408104328999912 ], [ -70.598978533999912, -33.408103742999913 ], [ -70.59897524899992, -33.408103153999946 ], [ -70.598971964999919, -33.408102561999954 ], [ -70.598968681999906, -33.408101965999947 ], [ -70.598965398999951, -33.408101366999915 ], [ -70.598962116999928, -33.408100763999926 ], [ -70.598958835999952, -33.408100157999911 ], [ -70.598952277999899, -33.408098942999914 ], [ -70.598945722999929, -33.408097715999929 ], [ -70.598939169999937, -33.408096476999958 ], [ -70.598932618999925, -33.408095226999933 ], [ -70.598926069999948, -33.40809396599991 ], [ -70.59891952299995, -33.408092692999958 ], [ -70.59891297899992, -33.408091408999951 ], [ -70.598902223999914, -33.408089273999906 ], [ -70.598894869999924, -33.408087792999936 ], [ -70.598890105999942, -33.408086832999913 ], [ -70.598881960999904, -33.408085169999936 ], [ -70.598873819999937, -33.40808348999991 ], [ -70.598865682999929, -33.408081791999905 ], [ -70.598857548999945, -33.408080075999919 ], [ -70.598849419999908, -33.408078342999943 ], [ -70.598841292999907, -33.408076591999929 ], [ -70.59883317099991, -33.408074823999925 ], [ -70.598826675999931, -33.408073395999907 ], [ -70.59882018299993, -33.408071955999958 ], [ -70.598813692999897, -33.408070506999934 ], [ -70.5988072049999, -33.408069045999923 ], [ -70.598800719999929, -33.408067574999905 ], [ -70.598794236999936, -33.408066092999945 ], [ -70.598787755999922, -33.408064599999932 ], [ -70.598782921999941, -33.408063476999928 ], [ -70.59877808899995, -33.40806234799993 ], [ -70.598773257999937, -33.408061212999939 ], [ -70.598768426999925, -33.408060071999955 ], [ -70.598763598999938, -33.40805892599991 ], [ -70.59875877099995, -33.408057773999928 ], [ -70.598753944999942, -33.408056616999943 ], [ -70.598749120999912, -33.408055453999907 ], [ -70.598744297999929, -33.408054284999935 ], [ -70.598739476999924, -33.408053108999923 ], [ -70.598734656999909, -33.408051925999928 ], [ -70.59872983899993, -33.40805073599995 ], [ -70.598725022999929, -33.408049538999933 ], [ -70.598720208999907, -33.408048335999922 ], [ -70.598720077999928, -33.408048303999919 ], [ -70.598719870999901, -33.408048254999926 ], [ -70.598708899999906, -33.408045487999914 ], [ -70.59870861099995, -33.408045414999947 ], [ -70.598705422999899, -33.40804460499993 ], [ -70.598702235999951, -33.408043791999944 ], [ -70.598699049999937, -33.408042976999923 ], [ -70.598695863999922, -33.408042158999933 ], [ -70.598692678999953, -33.408041338999908 ], [ -70.598689494999917, -33.408040516999904 ], [ -70.598686310999938, -33.408039691999932 ], [ -70.598686126999951, -33.408039643999928 ], [ -70.598674902999903, -33.408036707999941 ], [ -70.598671698999908, -33.408035863999942 ], [ -70.598668495999902, -33.408035016999918 ], [ -70.598665293999943, -33.408034166999926 ], [ -70.598662091999927, -33.408033313999908 ], [ -70.5986588909999, -33.408032457999923 ], [ -70.598655690999919, -33.408031598999912 ], [ -70.598652491999928, -33.408030737999923 ], [ -70.598646283999926, -33.408029057999954 ], [ -70.598640078999949, -33.408027367999921 ], [ -70.598633875999951, -33.408025666999947 ], [ -70.598627676999911, -33.408023954999919 ], [ -70.598621479999906, -33.40802223399993 ], [ -70.598615286999916, -33.408020501999943 ], [ -70.598609095999905, -33.408018758999958 ], [ -70.598608622999905, -33.408018624999954 ], [ -70.598597677999919, -33.408015515999921 ], [ -70.598594416999902, -33.408014583999943 ], [ -70.59859115699993, -33.40801364899994 ], [ -70.598587897999948, -33.408012711999902 ], [ -70.59858463899991, -33.408011771999952 ], [ -70.598581380999917, -33.40801082999991 ], [ -70.598578123999914, -33.408009884999956 ], [ -70.598574867999901, -33.40800893699992 ], [ -70.598567346999914, -33.408006730999944 ], [ -70.598563477999903, -33.408005595999953 ], [ -70.598524848999944, -33.407994032999909 ], [ -70.598486339999909, -33.407982076999929 ], [ -70.598447954999926, -33.407969726999909 ], [ -70.598409697999898, -33.407956985999931 ], [ -70.598371573999941, -33.407943854999928 ], [ -70.598333584999921, -33.407930334999946 ], [ -70.598295736999944, -33.407916427999908 ], [ -70.598288028999946, -33.407913541999903 ], [ -70.59828032799993, -33.407910639999955 ], [ -70.598272631999919, -33.407907721999948 ], [ -70.598264941999901, -33.407904787999939 ], [ -70.598257258999922, -33.40790183799993 ], [ -70.598249581999937, -33.407898871999919 ], [ -70.598241910999946, -33.407895889999907 ], [ -70.597989329999905, -33.407801058999951 ], [ -70.597945435999918, -33.407784578999951 ], [ -70.597888359999899, -33.407763149999937 ], [ -70.597882879999929, -33.40776109299992 ], [ -70.5978123189999, -33.407734599999912 ], [ -70.597748759999945, -33.407711690999918 ], [ -70.597685005999949, -33.407689326999957 ], [ -70.597621063999952, -33.407667511999932 ], [ -70.597556935999933, -33.407646245999956 ], [ -70.597492627999941, -33.407625530999951 ], [ -70.597428144999924, -33.407605368999953 ], [ -70.597363490999953, -33.407585759999904 ], [ -70.597198313999911, -33.407530806999944 ], [ -70.596982001999947, -33.407458841999926 ], [ -70.596940405999931, -33.407445002999907 ], [ -70.596910533999903, -33.407435064999902 ], [ -70.596665267999924, -33.407353465999904 ], [ -70.596094476999951, -33.407137277999936 ], [ -70.595852811999919, -33.407045744999948 ], [ -70.595756635999919, -33.407009316999904 ], [ -70.595731207999904, -33.406999685999949 ], [ -70.595490759999905, -33.406908613999917 ], [ -70.59525614699993, -33.406828796999946 ], [ -70.595242963999908, -33.406824311999912 ], [ -70.595047946999898, -33.40675796599993 ], [ -70.594140788999937, -33.406449338999948 ], [ -70.593991571999936, -33.406398571999944 ], [ -70.593647111999928, -33.40628137899995 ], [ -70.593617009999946, -33.406270221999932 ], [ -70.593396859999928, -33.406188623999924 ], [ -70.592830256999946, -33.405978611999956 ], [ -70.592796310999915, -33.405966029999945 ], [ -70.592751133999911, -33.405949284999906 ], [ -70.592312885999945, -33.405794067999921 ], [ -70.592151518999913, -33.40573691599991 ], [ -70.592097177999904, -33.405717668999955 ], [ -70.591636395999899, -33.405554466999945 ], [ -70.591409942999917, -33.405474260999938 ], [ -70.591289611999912, -33.40543164099995 ], [ -70.591196946999901, -33.405400243999907 ], [ -70.591186285999925, -33.405396182999937 ], [ -70.591175628999906, -33.405392111999902 ], [ -70.591164974999913, -33.405388030999916 ], [ -70.591154325999923, -33.405383938999933 ], [ -70.591143680999949, -33.405379836999941 ], [ -70.591133038999942, -33.405375723999953 ], [ -70.591122401999939, -33.405371600999956 ], [ -70.591061758999899, -33.405347869999957 ], [ -70.59100124999992, -33.405323798999916 ], [ -70.590940877999913, -33.405299389999925 ], [ -70.590880641999945, -33.405274641999938 ], [ -70.590820546999907, -33.405249557999923 ], [ -70.590760592999914, -33.405224135999958 ], [ -70.590700782999932, -33.405198378999955 ], [ -70.590693974999908, -33.405195420999917 ], [ -70.590687168999921, -33.40519245899992 ], [ -70.590680364999912, -33.405189492999909 ], [ -70.590673561999949, -33.405186521999951 ], [ -70.590666761999898, -33.405183546999922 ], [ -70.59065996299995, -33.405180566999945 ], [ -70.590653166999914, -33.405177582999954 ], [ -70.590648194999915, -33.405175396999937 ], [ -70.590643223999905, -33.40517320899994 ], [ -70.590638253999941, -33.405171017999919 ], [ -70.59063328499991, -33.405168824999919 ], [ -70.590628316999926, -33.40516662999994 ], [ -70.59062335099992, -33.405164431999935 ], [ -70.590618384999914, -33.405162231999952 ], [ -70.590609490999952, -33.405158338999911 ], [ -70.590608839999902, -33.405158053999912 ], [ -70.590605117999928, -33.405156434999924 ], [ -70.590601392999929, -33.40515481999995 ], [ -70.59059766699994, -33.405153210999913 ], [ -70.590593937999927, -33.405151606999937 ], [ -70.590590206999934, -33.405150007999907 ], [ -70.590586472999917, -33.405148413999939 ], [ -70.59058273799991, -33.405146824999917 ], [ -70.590577407999945, -33.405144574999952 ], [ -70.590572073999908, -33.405142334999937 ], [ -70.590566734999925, -33.40514010399994 ], [ -70.590561392999916, -33.405137883999942 ], [ -70.590556045999904, -33.405135673999951 ], [ -70.590550694999934, -33.405133473999911 ], [ -70.590545339999949, -33.405131283999935 ], [ -70.590539292999949, -33.405128822999927 ], [ -70.5905332399999, -33.405126375999942 ], [ -70.590527182999949, -33.405123940999943 ], [ -70.590521119999948, -33.405121519999909 ], [ -70.590515051999944, -33.405119110999919 ], [ -70.590508977999946, -33.405116715999952 ], [ -70.590502899999933, -33.405114332999915 ], [ -70.590499041999919, -33.405112826999925 ], [ -70.590495180999937, -33.40511132499995 ], [ -70.590491318999909, -33.405109829999958 ], [ -70.590487454999902, -33.405108338999923 ], [ -70.590483587999927, -33.405106853999939 ], [ -70.590479719999905, -33.405105373999902 ], [ -70.590475848999915, -33.405103899999915 ], [ -70.590468585999929, -33.405101148999904 ], [ -70.590461316999949, -33.40509841599993 ], [ -70.590454039999941, -33.405095700999937 ], [ -70.590446756999938, -33.405093004999912 ], [ -70.590439466999953, -33.405090326999925 ], [ -70.590432169999929, -33.405087666999918 ], [ -70.590424866999911, -33.405085025999938 ], [ -70.590420912999946, -33.405083603999913 ], [ -70.590416957999935, -33.405082186999948 ], [ -70.590412999999899, -33.405080774999931 ], [ -70.59040903999994, -33.405079368999907 ], [ -70.590405078999936, -33.405077968999933 ], [ -70.590401114999906, -33.405076573999906 ], [ -70.590397149999944, -33.405075183999941 ], [ -70.590347580999946, -33.40505831899992 ], [ -70.590297733999932, -33.405042291999905 ], [ -70.590247623999915, -33.405027107999956 ], [ -70.590197265999905, -33.405012769999928 ], [ -70.590146672999936, -33.404999282999938 ], [ -70.590095859999906, -33.404986650999945 ], [ -70.590044840999951, -33.404974876999916 ], [ -70.589808744999914, -33.404917103999935 ], [ -70.589587982999944, -33.404863082999952 ], [ -70.589494447999925, -33.404840194999906 ], [ -70.589127956999903, -33.404763889999913 ], [ -70.589044399999921, -33.404746492999948 ], [ -70.589027244999897, -33.404743591999932 ], [ -70.589004592999913, -33.404739716999927 ], [ -70.588981948999901, -33.404735789999904 ], [ -70.588959314999897, -33.404731812999955 ], [ -70.588936688999922, -33.404727783999931 ], [ -70.588914072999899, -33.404723703999935 ], [ -70.58889146599995, -33.404719572999909 ], [ -70.588868867999906, -33.404715390999911 ], [ -70.588849181999933, -33.404711706999933 ], [ -70.588829503999932, -33.404707983999913 ], [ -70.588809831999924, -33.404704222999953 ], [ -70.588790168999935, -33.404700422999952 ], [ -70.588770512999929, -33.404696583999907 ], [ -70.588750863999906, -33.404692705999935 ], [ -70.588731222999911, -33.404688789999909 ], [ -70.588701384999922, -33.404682763999915 ], [ -70.588671565999903, -33.404676647999906 ], [ -70.588641763999931, -33.404670443999919 ], [ -70.588611981999918, -33.404664150999906 ], [ -70.588582217999942, -33.404657768999925 ], [ -70.588552472999936, -33.404651298999909 ], [ -70.588522747999946, -33.404644739999924 ], [ -70.588517374999924, -33.404643544999942 ], [ -70.588512002999948, -33.404642345999946 ], [ -70.588506631999905, -33.404641144999914 ], [ -70.588501260999919, -33.404639940999914 ], [ -70.588495890999923, -33.404638733999946 ], [ -70.588490521999915, -33.404637523999952 ], [ -70.588485152999908, -33.404636310999933 ], [ -70.588466790999917, -33.404632139999933 ], [ -70.588448436999897, -33.40462793599994 ], [ -70.588430090999907, -33.40462369699992 ], [ -70.588411752999946, -33.404619424999908 ], [ -70.5883934229999, -33.404615118999914 ], [ -70.588375099999951, -33.404610778999938 ], [ -70.588356785999906, -33.404606404999925 ], [ -70.58833889999994, -33.404603353999903 ], [ -70.588159166999901, -33.404572697999924 ], [ -70.587940953999919, -33.404535477999957 ], [ -70.587842221999949, -33.404518637999956 ], [ -70.587835134999921, -33.404517428999952 ], [ -70.5875803429999, -33.404473970999902 ], [ -70.587493392999932, -33.404459139999915 ], [ -70.587159149999934, -33.404402129999937 ], [ -70.58715503399992, -33.404401427999915 ], [ -70.587000636999903, -33.404375092999942 ], [ -70.586925819999919, -33.404359676999945 ], [ -70.586713680999935, -33.404315965999956 ], [ -70.586632535999911, -33.404299245999937 ], [ -70.586617801999921, -33.404296209999927 ], [ -70.58661683899993, -33.404296010999929 ], [ -70.586605370999905, -33.404292461999944 ], [ -70.586584438999921, -33.404285983999955 ], [ -70.586504253999919, -33.404261166999902 ], [ -70.586479765999911, -33.404253587999904 ], [ -70.586450973999945, -33.404244677999941 ], [ -70.586423852999928, -33.404236283999921 ], [ -70.586391103999915, -33.404226148999953 ], [ -70.586382860999947, -33.40422359799993 ], [ -70.586376304999931, -33.404221568999958 ], [ -70.586263687999917, -33.404186714999923 ], [ -70.586220535999928, -33.404173359999902 ], [ -70.586212355999919, -33.404170827999906 ], [ -70.586198966999916, -33.404166683999904 ], [ -70.58617879499991, -33.404160440999931 ], [ -70.586136899999929, -33.404147474999945 ], [ -70.586108118999903, -33.404138567999951 ], [ -70.5860874789999, -33.40413217999992 ], [ -70.585806505999926, -33.404045221999922 ], [ -70.585785389999899, -33.404038686999911 ], [ -70.585696, -33.40399887399991 ], [ -70.585651261999942, -33.403978947999917 ], [ -70.585310425999921, -33.403827142999944 ], [ -70.585215299999902, -33.403773024999907 ], [ -70.585101606999899, -33.403708342999948 ], [ -70.58482807799993, -33.403552729999944 ], [ -70.584820208999929, -33.40354825299994 ], [ -70.584806153999921, -33.403540256999918 ], [ -70.584771511999918, -33.403520547999904 ], [ -70.58474181999992, -33.403503655999941 ], [ -70.584729179999954, -33.403496464999932 ], [ -70.58472274099995, -33.403492801999903 ], [ -70.58468522499993, -33.403471458999945 ], [ -70.584672023999929, -33.40346394799991 ], [ -70.584671555999932, -33.403463681999938 ], [ -70.584649087999935, -33.403450899999939 ], [ -70.58464555899991, -33.403448891999915 ], [ -70.584639933999938, -33.403445691999934 ], [ -70.5846184749999, -33.403433483999947 ], [ -70.584578932999932, -33.403410987999905 ], [ -70.584536185999923, -33.403386667999939 ], [ -70.584533281999938, -33.403385015999902 ], [ -70.584494570999937, -33.403362992999917 ], [ -70.584461103999899, -33.403343953999922 ], [ -70.584455858999945, -33.403340969999931 ], [ -70.58445295599995, -33.403339317999951 ], [ -70.584432849999928, -33.403327879999949 ], [ -70.584392592999905, -33.403304976999948 ], [ -70.58430381799991, -33.403254470999912 ], [ -70.584301137999944, -33.403252945999952 ], [ -70.5842792709999, -33.403240505999918 ], [ -70.584246212999915, -33.403219575999913 ], [ -70.58421941499995, -33.403202608999948 ], [ -70.584197657999937, -33.403188832999945 ], [ -70.584110687999953, -33.403133767999918 ], [ -70.58404298499994, -33.403090901999917 ], [ -70.583928913999898, -33.40301867799991 ], [ -70.583671319999951, -33.402897364999944 ], [ -70.58358826999995, -33.40285825299992 ], [ -70.583471526999915, -33.402803272999904 ], [ -70.583276225999953, -33.402717542999937 ], [ -70.583114994999903, -33.402646768999944 ], [ -70.583013724999944, -33.402602314999911 ], [ -70.5828531169999, -33.402531975999921 ], [ -70.582595319999939, -33.402419072999919 ], [ -70.582272107999927, -33.402277519999927 ], [ -70.58218784099995, -33.402240614999926 ], [ -70.582086353999898, -33.402199744999905 ], [ -70.582020886999942, -33.402173380999955 ], [ -70.581730372999914, -33.402056386999902 ], [ -70.581501005999939, -33.401964017999944 ], [ -70.581230140999935, -33.401854936999939 ], [ -70.581177016999902, -33.401833542999952 ], [ -70.581066746999909, -33.401789135999934 ], [ -70.580890674999921, -33.401714209999909 ], [ -70.580802472999949, -33.401676676999955 ], [ -70.580632604999948, -33.401604391999911 ], [ -70.580385990999901, -33.401499447999925 ], [ -70.580348681999908, -33.401483570999915 ], [ -70.580204367999897, -33.401422159999925 ], [ -70.579865602999917, -33.401287226999955 ], [ -70.579800332999923, -33.401261229999932 ], [ -70.579583821999904, -33.401174991999937 ], [ -70.579281421999951, -33.401054543999919 ], [ -70.579281306999917, -33.401054494999926 ], [ -70.579281192999929, -33.401054446999922 ], [ -70.579191731999913, -33.401016653999932 ], [ -70.579077941999913, -33.400970293999933 ], [ -70.579052804999947, -33.400960052999949 ], [ -70.579029471999945, -33.400950546999923 ], [ -70.579015304999928, -33.400944774999914 ], [ -70.578952891999904, -33.400919346999956 ], [ -70.578776423999898, -33.400847451999937 ], [ -70.578518429999917, -33.400742340999955 ], [ -70.578383363999933, -33.400687312999935 ], [ -70.578370530999905, -33.400682084999914 ], [ -70.578359194999905, -33.400677466999923 ], [ -70.578316585999914, -33.400660106999908 ], [ -70.578163341999925, -33.400597672999936 ], [ -70.577806581999937, -33.400452322999911 ], [ -70.577583253999933, -33.400361335999946 ], [ -70.5775514259999, -33.400348368999914 ], [ -70.577550062999933, -33.400347812999939 ], [ -70.577548699999909, -33.400347257999954 ], [ -70.577474663999908, -33.400317094999934 ], [ -70.577443145999951, -33.400304253999934 ], [ -70.577422567999918, -33.400295869999923 ], [ -70.5773419759999, -33.400263034999909 ], [ -70.577317122999943, -33.400252909999949 ], [ -70.577279060999899, -33.400237402999949 ], [ -70.577198548999945, -33.400204600999928 ], [ -70.577091211999914, -33.400160869999922 ], [ -70.577087856999924, -33.400159500999905 ], [ -70.577059941999948, -33.400148104999914 ], [ -70.576986049999903, -33.400117941999952 ], [ -70.576888329999917, -33.400078051999913 ], [ -70.576779089999945, -33.400033458999928 ], [ -70.576677952999944, -33.399992173999919 ], [ -70.576676014999919, -33.399991382999929 ], [ -70.576472714999909, -33.399908393999908 ], [ -70.576438606999943, -33.399894470999925 ], [ -70.57625803399992, -33.399820759999955 ], [ -70.576256734999902, -33.399820229999932 ], [ -70.576256240999953, -33.399820027999908 ], [ -70.576253952999934, -33.399819093999952 ], [ -70.576173185999949, -33.399786134999943 ], [ -70.576167939999948, -33.399784006999937 ], [ -70.575966176999941, -33.399702569999931 ], [ -70.575899233999905, -33.399675549999927 ], [ -70.575804946999938, -33.399637492999943 ], [ -70.575748218999934, -33.399614595999935 ], [ -70.575729890999924, -33.399607455999956 ], [ -70.575655111999936, -33.399578322999957 ], [ -70.575439969999934, -33.399494506999929 ], [ -70.575395236999952, -33.39947707999994 ], [ -70.574963427999933, -33.399308854999958 ], [ -70.574873571999944, -33.39927384899994 ], [ -70.574558617999912, -33.39915114799993 ], [ -70.574546108999925, -33.399146274999907 ], [ -70.574491154999919, -33.399124865999909 ], [ -70.574112747999948, -33.398977444999957 ], [ -70.57391337699994, -33.398899773999915 ], [ -70.573872623999932, -33.398883896999905 ], [ -70.57371724099994, -33.398823362999906 ], [ -70.573418087999926, -33.398706817999937 ], [ -70.573402572999953, -33.398700773999906 ], [ -70.573401721999915, -33.398700441999949 ], [ -70.573361029999944, -33.398684589999903 ], [ -70.573360517999902, -33.398684389999914 ], [ -70.573132108999914, -33.398595405999913 ], [ -70.57297309799992, -33.398533461999932 ], [ -70.572811324999918, -33.398470440999915 ], [ -70.572629007999922, -33.39839941799994 ], [ -70.572459232999904, -33.398333279999918 ], [ -70.572421522999946, -33.398318589999917 ], [ -70.572046640999929, -33.398172549999913 ], [ -70.571924974999945, -33.398125153999956 ], [ -70.571830866999903, -33.398088492999932 ], [ -70.571765446999905, -33.398063007999951 ], [ -70.571702855999945, -33.398038624999913 ], [ -70.571607453999945, -33.398001459999932 ], [ -70.571580536999932, -33.397991299999944 ], [ -70.571505686999899, -33.397963019999906 ], [ -70.571438275999924, -33.397937568999907 ], [ -70.571360673999948, -33.397908270999949 ], [ -70.571344746999898, -33.397902266999949 ], [ -70.571286063999935, -33.39788014599992 ], [ -70.5712860349999, -33.397880134999923 ], [ -70.571285168999907, -33.397879794999938 ], [ -70.571283467999933, -33.397879127999943 ], [ -70.571283399999913, -33.397879100999944 ], [ -70.571283346999905, -33.397879079999939 ], [ -70.571275101999902, -33.397875733999911 ], [ -70.571266197999933, -33.397872118999942 ], [ -70.571263801999919, -33.397871149999958 ], [ -70.571259437999913, -33.397869383999932 ], [ -70.571254471999907, -33.397867374999919 ], [ -70.571216657999912, -33.397852075999936 ], [ -70.571195564999925, -33.397843541999919 ], [ -70.571142970999915, -33.39782226299991 ], [ -70.571126750999952, -33.397815700999956 ], [ -70.571125536999944, -33.397815231999914 ], [ -70.571125131999906, -33.397815074999926 ], [ -70.571107946999916, -33.397808637999958 ], [ -70.571054764999928, -33.397788717999958 ], [ -70.571041685999944, -33.397783818999926 ], [ -70.571028607999949, -33.397778919999951 ], [ -70.570996879999939, -33.397767035999948 ], [ -70.570974857999943, -33.39775878699993 ], [ -70.570849246999899, -33.397711737999941 ], [ -70.570757140999945, -33.397677237999915 ], [ -70.570640565999952, -33.397633572999951 ], [ -70.570327604999932, -33.397516347999954 ], [ -70.570284407999907, -33.397500167999908 ], [ -70.570274887999915, -33.397496601999933 ], [ -70.570221085999947, -33.397476448999953 ], [ -70.569973583999911, -33.397383674999958 ], [ -70.569801732999906, -33.397319357999947 ], [ -70.569777209999927, -33.39731017999992 ], [ -70.569769730999951, -33.397307380999905 ], [ -70.569762250999929, -33.397304580999958 ], [ -70.56972199899991, -33.397289516999933 ], [ -70.569704177999938, -33.397282846999929 ], [ -70.569701573999907, -33.397281871999951 ], [ -70.569689008999944, -33.397277168999949 ], [ -70.569675142999927, -33.397271979999914 ], [ -70.569435246999944, -33.39718219699995 ], [ -70.569254722999915, -33.397114633999934 ], [ -70.569240842999932, -33.397109438999905 ], [ -70.569226964999928, -33.397104244999923 ], [ -70.569175379999933, -33.39708493899991 ], [ -70.569163949999904, -33.397080660999904 ], [ -70.56916227399995, -33.397080033999941 ], [ -70.56915562599994, -33.397077543999956 ], [ -70.569131261999928, -33.397068419999925 ], [ -70.568934757999898, -33.396994781999922 ], [ -70.568934429999899, -33.396994658999915 ], [ -70.568803203999948, -33.396949385999903 ], [ -70.568770386999915, -33.396938053999918 ], [ -70.568659417999925, -33.396899234999921 ], [ -70.568471085999931, -33.396833353999909 ], [ -70.567845156999908, -33.396614392999936 ], [ -70.567427635999934, -33.396468333999906 ], [ -70.5673785379999, -33.396451157999934 ], [ -70.567030832999933, -33.396329523999952 ], [ -70.566901308999945, -33.396284218999938 ], [ -70.566860637999923, -33.396269992999919 ], [ -70.566329199999927, -33.396084105999932 ], [ -70.566259670999898, -33.39605978599991 ], [ -70.565519562999953, -33.395800910999924 ], [ -70.565318090999938, -33.395730436999941 ], [ -70.565068814999904, -33.395643241999949 ], [ -70.564933345999918, -33.395595854999954 ], [ -70.564770493999902, -33.395538890999944 ], [ -70.563964856999917, -33.39526725099995 ], [ -70.563935701999924, -33.39525742099994 ], [ -70.563700733999951, -33.395178193999925 ], [ -70.563456730999917, -33.39509592099995 ], [ -70.563307915999928, -33.395043864999934 ], [ -70.563026656999909, -33.394945478999944 ], [ -70.563016649999952, -33.394941978999952 ], [ -70.562568061999912, -33.394785058999958 ], [ -70.562456123999937, -33.394745901999954 ], [ -70.562357382999949, -33.394711361999953 ], [ -70.562025330999916, -33.394595206999952 ], [ -70.561831197999936, -33.394527296999911 ], [ -70.561802650999937, -33.394517310999902 ], [ -70.561763646999907, -33.394503665999935 ], [ -70.561737925999921, -33.394494668999926 ], [ -70.561719635999907, -33.394488270999943 ], [ -70.56171142799991, -33.394485399999951 ], [ -70.561638624999944, -33.394459931999904 ], [ -70.561606243999904, -33.394448603999933 ], [ -70.561494187999926, -33.394410212999958 ], [ -70.561479132999921, -33.394405054999936 ], [ -70.561309441999924, -33.39434691699995 ], [ -70.561058426999921, -33.394260915999951 ], [ -70.560691196999926, -33.394135098999925 ], [ -70.560623668999938, -33.394111962999943 ], [ -70.560183320999897, -33.393961091999927 ], [ -70.559965384999941, -33.393886423999902 ], [ -70.55987521499992, -33.393855529999939 ], [ -70.559699769999952, -33.393795419999947 ], [ -70.559246007999946, -33.393639950999955 ], [ -70.558996832999924, -33.393554577999907 ], [ -70.558982230999902, -33.393549574999952 ], [ -70.55846178999991, -33.393367578999914 ], [ -70.557903372999931, -33.393172299999947 ], [ -70.557551572999898, -33.393049272999917 ], [ -70.557490458999951, -33.393028316999903 ], [ -70.557292413999903, -33.392960408999954 ], [ -70.55726797199992, -33.392952027999911 ], [ -70.557168874999945, -33.392918047999956 ], [ -70.556811658999948, -33.392795559999911 ], [ -70.556703539999944, -33.392758485999934 ], [ -70.556560718999947, -33.392709511999954 ], [ -70.556427324999902, -33.392662317999907 ], [ -70.556011165999905, -33.392515083999911 ], [ -70.555556234999926, -33.392354131999923 ], [ -70.555530936999901, -33.392345181999929 ], [ -70.555507544999898, -33.392336905999912 ], [ -70.555095129999927, -33.392190994999908 ], [ -70.554829409999911, -33.392096982999931 ], [ -70.554396660999942, -33.39194778399991 ], [ -70.553945093999914, -33.391792095999904 ], [ -70.553915820999919, -33.391782002999946 ], [ -70.553680437999901, -33.391693996999948 ], [ -70.553424731999939, -33.391598390999945 ], [ -70.553403229999901, -33.391590351999923 ], [ -70.553338863999898, -33.391566286999932 ], [ -70.552921872999946, -33.391410378999922 ], [ -70.552679517999934, -33.391319764999935 ], [ -70.552345044999925, -33.391194707999944 ], [ -70.552101274999927, -33.391103562999945 ], [ -70.551970646999905, -33.391051681999954 ], [ -70.551612416999944, -33.39090940299991 ], [ -70.551527219999912, -33.390875563999941 ], [ -70.551116954999941, -33.390712616999906 ], [ -70.550928774999932, -33.390637874999925 ], [ -70.550567935999936, -33.390509010999949 ], [ -70.550404281999931, -33.390450565999913 ], [ -70.550197496999942, -33.390376717999914 ], [ -70.5500083579999, -33.390309171999945 ], [ -70.549693623999929, -33.39020559599993 ], [ -70.549624993999942, -33.39018300999993 ], [ -70.549621095999953, -33.390181726999913 ], [ -70.549621066999919, -33.390181718999941 ], [ -70.549388402999909, -33.390105149999954 ], [ -70.549294097999905, -33.390074114999948 ], [ -70.549288019999949, -33.390072114999953 ], [ -70.54913720199994, -33.390022481999949 ], [ -70.549135986999943, -33.390022026999929 ], [ -70.548979373999941, -33.389960489999908 ], [ -70.548840692999931, -33.389906 ], [ -70.548763545999918, -33.389875686999915 ], [ -70.548762431999933, -33.389875248999942 ], [ -70.548761004999903, -33.389874687999907 ], [ -70.548757035999927, -33.389873128999909 ], [ -70.548656305999941, -33.389833548999945 ], [ -70.548540919999937, -33.389788209999949 ], [ -70.548501480999903, -33.38977308199992 ], [ -70.548493901999905, -33.38977017499991 ], [ -70.548493822999944, -33.389770144999943 ], [ -70.548489164999921, -33.389768357999912 ], [ -70.548486383999943, -33.389767290999941 ], [ -70.548481082999899, -33.389765257999954 ], [ -70.548462945999916, -33.389758300999915 ], [ -70.548462625999946, -33.389758177999909 ], [ -70.548461563999922, -33.38975777099995 ], [ -70.548460820999935, -33.389757485999951 ], [ -70.548460748999901, -33.389757457999906 ], [ -70.548460698999918, -33.389757438999936 ], [ -70.548449593999919, -33.389753202999941 ], [ -70.548447621999912, -33.389752450999936 ], [ -70.548442066999939, -33.389750331999949 ], [ -70.548437707999938, -33.389748669999904 ], [ -70.548437434999926, -33.389748594999958 ], [ -70.548421658999928, -33.389742229999911 ], [ -70.548408819999906, -33.389737048999905 ], [ -70.548408555999913, -33.389736942999946 ], [ -70.548408246999941, -33.389736817999903 ], [ -70.548408020999943, -33.389736726999956 ], [ -70.548407952999924, -33.389736698999911 ], [ -70.548407884999904, -33.389736671999913 ], [ -70.548386717999904, -33.389728199999922 ], [ -70.54836378199991, -33.389719018999926 ], [ -70.548250422999899, -33.389673645999949 ], [ -70.548241452999946, -33.389670055999943 ], [ -70.548238620999939, -33.389668922999931 ], [ -70.548227625999914, -33.389664521999919 ], [ -70.548200791999932, -33.389653780999936 ], [ -70.548197402999904, -33.389652463999937 ], [ -70.548178682999946, -33.389645190999943 ], [ -70.54817526599993, -33.389643862999947 ], [ -70.548166168999899, -33.389640327999928 ], [ -70.54815442499995, -33.389635765999913 ], [ -70.548152608999942, -33.389635059999932 ], [ -70.548150372999942, -33.389634190999914 ], [ -70.548149295999906, -33.389633772999957 ], [ -70.548140272999945, -33.389630266999916 ], [ -70.548066948999917, -33.389598375999924 ], [ -70.548044831999903, -33.38958875599991 ], [ -70.548044804999904, -33.389588743999923 ], [ -70.548038153999926, -33.389585850999936 ], [ -70.548024396999949, -33.389579867999942 ], [ -70.547996776999923, -33.389567854999939 ], [ -70.547958601999937, -33.389551250999943 ], [ -70.547760523999898, -33.389465098999949 ], [ -70.547745916999929, -33.389458443999956 ], [ -70.547680028999935, -33.389428425999938 ], [ -70.547679992999917, -33.389428408999947 ], [ -70.547602168999902, -33.389392954999948 ], [ -70.547279092999929, -33.389247962999946 ], [ -70.54721124699995, -33.389217514999928 ], [ -70.54720470399991, -33.389214568999932 ], [ -70.546821994999902, -33.389071285999933 ], [ -70.546820441999898, -33.389070703999948 ], [ -70.546817242999907, -33.389069506999931 ], [ -70.5468134649999, -33.389068092999935 ], [ -70.546813071999907, -33.389067945999955 ], [ -70.546678665999934, -33.389017622999916 ], [ -70.546185969999954, -33.388833150999915 ], [ -70.545979940999928, -33.388767002999941 ], [ -70.545979899999907, -33.388766989999908 ], [ -70.545979859999932, -33.388766976999932 ], [ -70.545947786999932, -33.388756643999955 ], [ -70.545947569999953, -33.388756573999956 ], [ -70.545934278999937, -33.388752293999914 ], [ -70.54592121099995, -33.388748048999958 ], [ -70.545920998999918, -33.388747979999948 ], [ -70.545920787999933, -33.388747911999928 ], [ -70.545276240999954, -33.388538579999931 ], [ -70.545034220999923, -33.388459976999911 ], [ -70.54493453799995, -33.388428242999908 ], [ -70.544880288999934, -33.388410971999917 ], [ -70.544864610999923, -33.388405980999948 ], [ -70.544823077999922, -33.388392758999942 ], [ -70.54467980599992, -33.388347148999912 ], [ -70.544334448999905, -33.388233506999939 ], [ -70.544133033999913, -33.388167229999908 ], [ -70.544114513999943, -33.388161135999951 ], [ -70.544113318999905, -33.388160708999919 ], [ -70.543783128999905, -33.388042660999929 ], [ -70.543517588999919, -33.387927451999929 ], [ -70.543508437999947, -33.387923481999906 ], [ -70.543507653999939, -33.387923148999903 ], [ -70.542530499999941, -33.387532083999929 ], [ -70.542252197999915, -33.387420035999924 ], [ -70.541653807999921, -33.387179114999924 ], [ -70.541594547999921, -33.387155323999934 ], [ -70.541459131999943, -33.387100958999952 ], [ -70.541329121999922, -33.387048763999928 ], [ -70.541189378999945, -33.386965191999934 ], [ -70.540717915999949, -33.386683234999907 ], [ -70.540462129999923, -33.386530260999905 ], [ -70.540364782999916, -33.386458765999919 ], [ -70.540342665999901, -33.386445906999938 ], [ -70.540241632999937, -33.386387165999906 ], [ -70.540235064999933, -33.386383346999935 ], [ -70.540228497999919, -33.386379528999953 ], [ -70.540194785999915, -33.386359928999923 ], [ -70.540178388999948, -33.386350394999909 ], [ -70.540120724999952, -33.386319444999913 ], [ -70.540006540999912, -33.386270700999944 ], [ -70.539470039999912, -33.386037596999927 ], [ -70.539137739999944, -33.385893213999907 ], [ -70.539122841999927, -33.385886740999922 ], [ -70.539094556999942, -33.385874449999903 ], [ -70.539094515999921, -33.385874431999923 ], [ -70.538844390999941, -33.385765724999942 ], [ -70.538729613999919, -33.385715841999911 ], [ -70.538728202999948, -33.385715228999914 ], [ -70.53872649099992, -33.385714484999937 ], [ -70.5387244879999, -33.385713614999929 ], [ -70.538721899999928, -33.385712489999946 ], [ -70.538720496999929, -33.385711909999941 ], [ -70.538707162999913, -33.385706539999944 ], [ -70.538706863999948, -33.385706419999906 ], [ -70.538701185999912, -33.385704133999923 ], [ -70.538701100999901, -33.385704098999952 ], [ -70.538701024999909, -33.385704068999928 ], [ -70.538700971999901, -33.385704047999923 ], [ -70.538700581999933, -33.385703890999935 ], [ -70.538700298999913, -33.385703776999947 ], [ -70.538693226999953, -33.385700940999925 ], [ -70.538686635999909, -33.385698297999909 ], [ -70.538685057999942, -33.385697663999906 ], [ -70.538683027999923, -33.385696849999931 ], [ -70.538680239999906, -33.385695728999906 ], [ -70.538679797999919, -33.385695551999902 ], [ -70.5382693869999, -33.385521832999927 ], [ -70.538209225999935, -33.385496367999906 ], [ -70.53819348199994, -33.385489703999951 ], [ -70.538186384999904, -33.38548753099991 ], [ -70.538039125999944, -33.385442432999923 ], [ -70.538003398999933, -33.385425611999949 ], [ -70.537985038999921, -33.385416966999912 ], [ -70.537973662999946, -33.385411610999938 ], [ -70.537658416999932, -33.385263183999939 ], [ -70.537428788999932, -33.385155067999904 ], [ -70.537376120999909, -33.385132557999952 ], [ -70.537253323999948, -33.385080073999916 ], [ -70.537205248999953, -33.385059526999953 ], [ -70.537158832999921, -33.385039873999915 ], [ -70.537032224999905, -33.38498626899991 ], [ -70.537002535999932, -33.384973697999953 ], [ -70.536883209999928, -33.384923174999926 ], [ -70.536714642999925, -33.384851803999936 ], [ -70.536486537999906, -33.384755364999933 ], [ -70.536485569999911, -33.384754992999945 ], [ -70.536483277999935, -33.384754112999929 ], [ -70.536480985999901, -33.384753235999938 ], [ -70.536478691999946, -33.384752361999915 ], [ -70.536476397999934, -33.384751489999928 ], [ -70.536474101999943, -33.38475062099991 ], [ -70.536471804999906, -33.384749753999927 ], [ -70.536469507999925, -33.384748889999912 ], [ -70.536467070999947, -33.384747974999925 ], [ -70.536464632999923, -33.384747062999907 ], [ -70.536462194999899, -33.384746153999913 ], [ -70.536459754999953, -33.384745247999945 ], [ -70.536457312999914, -33.384744344999945 ], [ -70.536454870999933, -33.384743443999923 ], [ -70.536452427999905, -33.384742546999917 ], [ -70.536445271999924, -33.384739933999924 ], [ -70.536443870999904, -33.384739423999918 ], [ -70.536438106999924, -33.384737345999952 ], [ -70.536435300999926, -33.384736333999911 ], [ -70.536433652999904, -33.384735742999908 ], [ -70.536432004999938, -33.384735153999941 ], [ -70.536430355999926, -33.384734565999906 ], [ -70.536428706999914, -33.384733978999918 ], [ -70.536427056999912, -33.384733393999909 ], [ -70.536425406999911, -33.384732810999935 ], [ -70.53642375599992, -33.384732228999951 ], [ -70.536418125999944, -33.384730258999923 ], [ -70.536416145999908, -33.384729571999912 ], [ -70.536409518999903, -33.384727272999953 ], [ -70.536408527999924, -33.384726933999957 ], [ -70.536400900999922, -33.384724323999933 ], [ -70.536398436999946, -33.384723485999928 ], [ -70.536395971999923, -33.384722650999947 ], [ -70.536393505999911, -33.384721818999935 ], [ -70.536391038999909, -33.384720989999948 ], [ -70.536388570999918, -33.38472016299994 ], [ -70.536386101999938, -33.384719339999947 ], [ -70.536383631999911, -33.384718518999932 ], [ -70.536369255999944, -33.384713794999925 ], [ -70.536354850999942, -33.384709160999932 ], [ -70.536340415999916, -33.384704618999933 ], [ -70.536325952999903, -33.384700167999938 ], [ -70.536311462999947, -33.384695807999947 ], [ -70.536296944999947, -33.384691539999949 ], [ -70.536282399999948, -33.384687363999944 ], [ -70.536277938999945, -33.384686104999957 ], [ -70.536273476999952, -33.384684850999918 ], [ -70.536269010999945, -33.384683609999911 ], [ -70.536264543999948, -33.384682372999919 ], [ -70.536260073999927, -33.384681148999903 ], [ -70.536255601999926, -33.384679927999912 ], [ -70.5362511269999, -33.384678721999933 ], [ -70.536246649999953, -33.384677518999922 ], [ -70.536242169999923, -33.384676328999944 ], [ -70.536237688999904, -33.384675143999914 ], [ -70.536233204999917, -33.384673971999916 ], [ -70.536228718999951, -33.384672803999933 ], [ -70.536224229999902, -33.384671649999916 ], [ -70.536219738999932, -33.384670498999924 ], [ -70.536215245999927, -33.384669361999954 ], [ -70.536210750999942, -33.384668227999953 ], [ -70.536206253999922, -33.384667107999917 ], [ -70.536201754999922, -33.384665991999952 ], [ -70.536197252999898, -33.384664889999954 ], [ -70.536192748999952, -33.384663790999923 ], [ -70.536188241999923, -33.384662704999926 ], [ -70.536183734999952, -33.384661623999932 ], [ -70.536179223999909, -33.384660555999915 ], [ -70.536174712999923, -33.384659492999958 ], [ -70.536170197999922, -33.384658442999921 ], [ -70.536165681999933, -33.384657395999909 ], [ -70.536155351999923, -33.384655042999952 ], [ -70.536145010999917, -33.384652734999918 ], [ -70.536134660999949, -33.384650472999908 ], [ -70.536124299999926, -33.384648256999924 ], [ -70.536113929999942, -33.384646085999918 ], [ -70.53610355099994, -33.384643960999938 ], [ -70.536093161999929, -33.384641881999926 ], [ -70.535860635999938, -33.384564922999914 ], [ -70.535826630999907, -33.384549776999904 ], [ -70.535504885999899, -33.384406465999916 ], [ -70.53510822699991, -33.384229786999924 ], [ -70.534966704999931, -33.384166750999952 ], [ -70.534819616999926, -33.384079573999941 ], [ -70.534814808999897, -33.384074279999936 ], [ -70.534810095999944, -33.384068900999921 ], [ -70.534805481999911, -33.384063437999941 ], [ -70.534800965999921, -33.38405789199993 ], [ -70.534796550999943, -33.384052265999912 ], [ -70.534792237999909, -33.384046560999934 ], [ -70.534788028999913, -33.384040779999907 ], [ -70.534787229999949, -33.384039664999932 ], [ -70.534783784999945, -33.384034786999905 ], [ -70.534780422999916, -33.384029851999912 ], [ -70.534777144999907, -33.384024860999943 ], [ -70.53477395199991, -33.384019813999942 ], [ -70.534770844999912, -33.384014714999921 ], [ -70.534767823999914, -33.38400956299995 ], [ -70.534764891999941, -33.384004360999938 ], [ -70.534763180999903, -33.384001206999926 ], [ -70.534761910999919, -33.38399880399993 ], [ -70.534761516999936, -33.383998036999913 ], [ -70.534760658999915, -33.383996392999904 ], [ -70.534756229999914, -33.383987470999955 ], [ -70.534752049999952, -33.38397842899991 ], [ -70.53474812099995, -33.383969274999913 ], [ -70.534744446999923, -33.383960015999946 ], [ -70.534741029999907, -33.383950658999936 ], [ -70.534737872999926, -33.383941211999911 ], [ -70.53473497899995, -33.383931679999932 ], [ -70.534733183999947, -33.383925241999918 ], [ -70.534731508999926, -33.383918770999912 ], [ -70.534729953999943, -33.383912270999929 ], [ -70.534728518999941, -33.383905742999957 ], [ -70.5347272059999, -33.383899188999919 ], [ -70.534726013999943, -33.383892612999944 ], [ -70.534724943999947, -33.383886014999916 ], [ -70.5347246689999, -33.383884208999916 ], [ -70.534724467999922, -33.383882758999903 ], [ -70.534724425999912, -33.383882453999945 ], [ -70.534723934999931, -33.383878887999913 ], [ -70.534722246999934, -33.383870080999941 ], [ -70.53471580799993, -33.383836488999918 ], [ -70.534715166999945, -33.383833144999926 ], [ -70.534673473999931, -33.383615634999956 ], [ -70.534673420999923, -33.383615358999918 ], [ -70.534671423999953, -33.38360494199992 ], [ -70.534662288999925, -33.383557283999949 ], [ -70.534655710999914, -33.383522969999945 ], [ -70.534651697999948, -33.383525453999937 ], [ -70.534649844999933, -33.383526600999915 ], [ -70.534645105999914, -33.383529532999944 ], [ -70.534642155999904, -33.383531357999914 ], [ -70.534640353999919, -33.383532472999946 ], [ -70.534635106999929, -33.383535719999941 ], [ -70.534600205999936, -33.383560820999946 ], [ -70.534573344999899, -33.38358104799994 ], [ -70.534571875999916, -33.383582153999953 ], [ -70.534555492999914, -33.383593595999912 ], [ -70.534548914999903, -33.38359818999993 ], [ -70.534525781999946, -33.383614345999945 ], [ -70.534516441999926, -33.383620868999913 ], [ -70.534499048999919, -33.383633015999919 ], [ -70.534494625999912, -33.383636104999937 ], [ -70.534493792999911, -33.383636686999921 ], [ -70.534489779999944, -33.38363948999995 ], [ -70.534464011999944, -33.383657486999937 ], [ -70.534453454999948, -33.383664859999953 ], [ -70.534444820999909, -33.383670889999905 ], [ -70.534427586999925, -33.383682925999949 ], [ -70.534418831999915, -33.383689040999911 ], [ -70.534410147999949, -33.383695105999948 ], [ -70.534408801999916, -33.383696045999955 ], [ -70.53439783999994, -33.383703701999934 ], [ -70.534394018999933, -33.383705884999927 ], [ -70.534353593999924, -33.383728985999937 ], [ -70.534341226999913, -33.38373605299995 ], [ -70.534310989999938, -33.383753330999923 ], [ -70.534293738999907, -33.383763188999922 ], [ -70.534279821999917, -33.383768913999916 ], [ -70.534278167999901, -33.383769593999943 ], [ -70.534232757999916, -33.383788272999936 ], [ -70.534227796999915, -33.383790313999953 ], [ -70.534204873999897, -33.38379974299994 ], [ -70.534158380999941, -33.383818867999935 ], [ -70.534143495999899, -33.383824990999926 ], [ -70.534119283999928, -33.383841480999934 ], [ -70.534110110999904, -33.383847727999921 ], [ -70.534091167999918, -33.383860628999912 ], [ -70.534069579999937, -33.383875330999956 ], [ -70.534060986999918, -33.383881256999928 ], [ -70.533986474999949, -33.383932643999913 ], [ -70.533984754999949, -33.383933829999933 ], [ -70.533954517999916, -33.383954682999956 ], [ -70.533948961999954, -33.383958514999904 ], [ -70.533892607999917, -33.383997378999936 ], [ -70.533892032999916, -33.383997774999955 ], [ -70.533877464999932, -33.384007821999944 ], [ -70.533693304999929, -33.383812635999902 ], [ -70.533555824999951, -33.383666923999954 ], [ -70.53340004699993, -33.383501817999957 ], [ -70.533237922999945, -33.383329846999914 ], [ -70.532868326999903, -33.382937798999933 ], [ -70.532812770999953, -33.382878866999931 ], [ -70.532755198999951, -33.382817797999905 ], [ -70.532674037999925, -33.382731705999902 ], [ -70.532260839999935, -33.382301904999906 ], [ -70.532238600999904, -33.382272224999952 ], [ -70.532041560999915, -33.382009260999951 ], [ -70.531962918999909, -33.381904307999946 ], [ -70.531363919999933, -33.381342774999951 ], [ -70.531307480999942, -33.381286822999925 ], [ -70.530730258999938, -33.380749006999906 ], [ -70.530636577999928, -33.380661721999957 ], [ -70.530474744999935, -33.38051093699994 ], [ -70.530104837999943, -33.38016706499991 ], [ -70.529854522999926, -33.379934366999919 ], [ -70.529389345999903, -33.379500144999952 ], [ -70.529145187999916, -33.379262800999925 ], [ -70.5289005489999, -33.378996854999912 ], [ -70.528900119999946, -33.378996388999951 ], [ -70.528699328999949, -33.378781974999924 ], [ -70.528679565999937, -33.37876087199993 ], [ -70.52867739699991, -33.378759098999922 ], [ -70.528413998999952, -33.378432983999915 ], [ -70.528220542999918, -33.378193463999935 ], [ -70.528154653999934, -33.378109476999953 ], [ -70.528128347999939, -33.37807594599991 ], [ -70.528112496999938, -33.378055741999958 ], [ -70.52810693899994, -33.378048656999908 ], [ -70.528051821999952, -33.37797840099995 ], [ -70.527954742999952, -33.377880959999914 ], [ -70.527954516999898, -33.377880732999927 ], [ -70.527946204999921, -33.377872389999936 ], [ -70.527753377999943, -33.377678842999956 ], [ -70.527677428999937, -33.377605455999912 ], [ -70.527639286999943, -33.377568599999904 ], [ -70.527504930999953, -33.377442680999934 ], [ -70.527411695999945, -33.377374470999939 ], [ -70.527408748999903, -33.377372314999946 ], [ -70.527201052999942, -33.377221996999936 ], [ -70.527186851999943, -33.377211718999945 ], [ -70.527152094999906, -33.377186563999942 ], [ -70.527121131999934, -33.377164154999946 ], [ -70.526876171999902, -33.377007103999915 ], [ -70.52662167099993, -33.376843039999926 ], [ -70.526612923999949, -33.376837400999932 ], [ -70.526611189999926, -33.376836282999932 ], [ -70.526567759999921, -33.376813708999919 ], [ -70.526546226999926, -33.376802516999931 ], [ -70.526521049999928, -33.376789429999917 ], [ -70.526520991999917, -33.37678939999995 ], [ -70.526520934999951, -33.376789369999926 ], [ -70.526503574999936, -33.376780319999909 ], [ -70.526478131999909, -33.376767054999902 ], [ -70.526473085999953, -33.376764442999956 ], [ -70.526471571999934, -33.376763658999948 ], [ -70.526427463999937, -33.376741007999954 ], [ -70.526366459999906, -33.376709679999919 ], [ -70.52635171299994, -33.376702106999915 ], [ -70.526336603999937, -33.376694347999944 ], [ -70.526237394999953, -33.376641718999906 ], [ -70.526190156999917, -33.376616658999922 ], [ -70.526190104999898, -33.376616631999923 ], [ -70.526190053999926, -33.376616604999924 ], [ -70.526174171999912, -33.376608268999917 ], [ -70.526094856999919, -33.376566897999908 ], [ -70.526082158999941, -33.376560273999928 ], [ -70.526020801999948, -33.376529143999903 ], [ -70.525999154999909, -33.376518160999922 ], [ -70.525993451999909, -33.376515266999945 ], [ -70.525892882999926, -33.376468852999949 ], [ -70.525849394999909, -33.376448782999944 ], [ -70.525849225999934, -33.376448704999916 ], [ -70.525849056999903, -33.376448626999945 ], [ -70.525753701999918, -33.376404619999903 ], [ -70.525652264999906, -33.376358957999912 ], [ -70.525648298999897, -33.376357172999917 ], [ -70.525642650999941, -33.376354629999923 ], [ -70.525642499999947, -33.376354561999904 ], [ -70.525642047999952, -33.376354358999947 ], [ -70.525606356999901, -33.376334646999908 ], [ -70.525555431999919, -33.376306520999947 ], [ -70.525503560999937, -33.376277872999935 ], [ -70.525406717999942, -33.376224947999958 ], [ -70.525379456999929, -33.376210049999941 ], [ -70.525297173999945, -33.376165080999954 ], [ -70.52516027899992, -33.376090266999938 ], [ -70.525156098999901, -33.376087981999945 ], [ -70.524991389999911, -33.375997966999932 ], [ -70.524924464999913, -33.375960382999949 ], [ -70.524813025999947, -33.375897799999905 ], [ -70.524764743999924, -33.375868964999938 ], [ -70.524661225999921, -33.375807141999928 ], [ -70.524507512999946, -33.375728646999903 ], [ -70.524384613999928, -33.375670322999952 ], [ -70.52426969499993, -33.375616825999941 ], [ -70.523939345999906, -33.375482967999915 ], [ -70.522799063999912, -33.375020908999943 ], [ -70.522513394999919, -33.374905149999904 ], [ -70.521463143999938, -33.374479558999951 ], [ -70.521368998999947, -33.374441407999939 ], [ -70.520989837999934, -33.374261144999934 ], [ -70.520693638999944, -33.374120324999922 ], [ -70.520689734999905, -33.374118651999936 ], [ -70.52066937099994, -33.374110264999956 ], [ -70.520629870999926, -33.374093996999932 ], [ -70.52062791499992, -33.374093162999941 ], [ -70.520605227999908, -33.37408348799994 ], [ -70.520602332999943, -33.374082252999926 ], [ -70.520596956999952, -33.374079959999904 ], [ -70.520595107999952, -33.374079171999938 ], [ -70.520585236999921, -33.374074961999952 ], [ -70.520537769999919, -33.374053161999939 ], [ -70.520468596999933, -33.374021393999953 ], [ -70.520450636999954, -33.374013126999955 ], [ -70.520450582999899, -33.374013101999935 ], [ -70.520450543999914, -33.374013083999955 ], [ -70.520443063999949, -33.37400965899991 ], [ -70.520441096999946, -33.374008757999945 ], [ -70.520437874999914, -33.374007281999923 ], [ -70.520435649999911, -33.374006262999956 ], [ -70.520395819999919, -33.373988022999924 ], [ -70.520312218999948, -33.373949736999919 ], [ -70.520263814999907, -33.373927569999921 ], [ -70.520206489999907, -33.373901316999934 ], [ -70.520203780999907, -33.373900054999922 ], [ -70.520203710999908, -33.37390002199993 ], [ -70.52020362199994, -33.373899980999909 ], [ -70.520202666999921, -33.373899535999954 ], [ -70.519997368999952, -33.373803924999947 ], [ -70.519995803999905, -33.373803184999929 ], [ -70.519995337999944, -33.373802968999939 ], [ -70.51999283899994, -33.373801809999918 ], [ -70.519944134999946, -33.373779132999914 ], [ -70.519914798999935, -33.373765714999934 ], [ -70.519534966999913, -33.373591989999909 ], [ -70.519532021999908, -33.373590642999943 ], [ -70.519523188999926, -33.373586602999922 ], [ -70.519501139999932, -33.373577395999916 ], [ -70.519385752999938, -33.373529212999927 ], [ -70.519385324999917, -33.373529033999944 ], [ -70.519304138999928, -33.373495131999903 ], [ -70.519304025999929, -33.373495084999945 ], [ -70.519303985999898, -33.373495067999954 ], [ -70.519303854999919, -33.373495013999957 ], [ -70.519096391999938, -33.373408380999933 ], [ -70.5190794479999, -33.373401305999948 ], [ -70.518943134999915, -33.37334438399995 ], [ -70.518861472999902, -33.373307106999903 ], [ -70.518845650999936, -33.373299884999938 ], [ -70.51881573299994, -33.373286227999927 ], [ -70.518773757999952, -33.373267067999905 ], [ -70.518760581999913, -33.373261052999908 ], [ -70.518676875999915, -33.373222052999949 ], [ -70.518536099999949, -33.37315646199994 ], [ -70.518520443999932, -33.373149167999941 ], [ -70.518516842999929, -33.373147489999951 ], [ -70.518361227999947, -33.373071274999916 ], [ -70.518311129999915, -33.373046738999903 ], [ -70.518292205999899, -33.373038450999957 ], [ -70.518032264999931, -33.372924493999903 ], [ -70.517872593999925, -33.372854460999918 ], [ -70.517789833999927, -33.372818178999921 ], [ -70.517789305999941, -33.37281794699993 ], [ -70.517788778999943, -33.372817715999929 ], [ -70.517743714999938, -33.372797971999944 ], [ -70.517734570999949, -33.372793965999904 ], [ -70.517725415999905, -33.372789954999917 ], [ -70.517723223999951, -33.372789015999956 ], [ -70.517723187999934, -33.372789000999944 ], [ -70.517723143999945, -33.372788982999907 ], [ -70.517670738999925, -33.37276838899993 ], [ -70.51766198699994, -33.372764948999929 ], [ -70.517623890999914, -33.372748270999921 ], [ -70.517624374999912, -33.372747390999905 ], [ -70.517625075999945, -33.372746115999917 ], [ -70.5176250909999, -33.372746087999928 ], [ -70.517625118999945, -33.372746037999946 ], [ -70.517625129999942, -33.372746013999915 ], [ -70.517625178999936, -33.372745929999951 ], [ -70.51762524399993, -33.372745812999938 ], [ -70.517634839999914, -33.37272835999994 ], [ -70.517640748999952, -33.372717612999907 ], [ -70.517647931999932, -33.372704549999924 ], [ -70.517665424999905, -33.372672737999949 ], [ -70.517671582999924, -33.37266153999991 ], [ -70.517682269999909, -33.372642103999908 ], [ -70.517714956999953, -33.37258266099991 ], [ -70.517800535999925, -33.372441818999903 ], [ -70.517891626999926, -33.37229190599993 ], [ -70.517975091999915, -33.372146587999907 ], [ -70.518078813999921, -33.371975560999942 ], [ -70.518132888999901, -33.371886396999912 ], [ -70.518195505999927, -33.371783148999953 ], [ -70.518200139999919, -33.371775857999921 ], [ -70.518220590999931, -33.371743676999927 ], [ -70.518246468999905, -33.371702955999922 ], [ -70.518264820999946, -33.371674077999955 ], [ -70.51826907599991, -33.371669246999943 ], [ -70.518290231999913, -33.371645223999906 ], [ -70.518291353999928, -33.371643949999907 ], [ -70.51831154599995, -33.371621021999943 ], [ -70.518329052999945, -33.371601142999907 ], [ -70.518398500999922, -33.371519126999942 ], [ -70.518452263999905, -33.371459457999947 ], [ -70.518499300999906, -33.371407252999916 ], [ -70.518521747999898, -33.371382339999911 ], [ -70.518583175999936, -33.371306527999934 ], [ -70.518588173999945, -33.371300359999907 ], [ -70.518596055999922, -33.371293130999902 ], [ -70.518601665999938, -33.371287984999924 ], [ -70.518607708999923, -33.371282441999938 ], [ -70.518617738999922, -33.371273241999916 ], [ -70.518624551999949, -33.371266993999939 ], [ -70.518629011999906, -33.371262903999934 ], [ -70.5186361559999, -33.371256350999943 ], [ -70.518636729999912, -33.371255823999945 ], [ -70.518642100999898, -33.371250897999914 ], [ -70.518644445999939, -33.371248746999925 ], [ -70.518646034999904, -33.371247288999939 ], [ -70.518648169999949, -33.371245330999955 ], [ -70.518649138999933, -33.37124444199992 ], [ -70.518653421999943, -33.371240513999908 ], [ -70.518657934999908, -33.371236375999956 ], [ -70.5186604189999, -33.371233711999935 ], [ -70.518703570999946, -33.371187439999915 ], [ -70.518709555999919, -33.371181021999917 ], [ -70.51874670199993, -33.371141189999946 ], [ -70.518785546999936, -33.371099535999917 ], [ -70.518843183999934, -33.371037349999938 ], [ -70.518887415999927, -33.370989626999915 ], [ -70.518903912999917, -33.370971827999938 ], [ -70.518917919999922, -33.370957479999902 ], [ -70.5189573749999, -33.370917061999933 ], [ -70.518974777999915, -33.370900009999957 ], [ -70.519023028999925, -33.370852731999946 ], [ -70.519041006999942, -33.370835117999945 ], [ -70.519041261999917, -33.370834867999918 ], [ -70.519079903999909, -33.370797792999952 ], [ -70.51918674399991, -33.370707890999938 ], [ -70.519196293999926, -33.370699854999941 ], [ -70.519313326999907, -33.37057834299992 ], [ -70.519315868999911, -33.370575703999918 ], [ -70.519486400999938, -33.370398644999909 ], [ -70.519487928999922, -33.370397058999913 ], [ -70.519488010999908, -33.370396974999949 ], [ -70.51955500999992, -33.370329663999939 ], [ -70.519574083999942, -33.370307614999945 ], [ -70.519638554999915, -33.370233087999907 ], [ -70.519706145999919, -33.370154955999908 ], [ -70.519706200999906, -33.370154898999942 ], [ -70.519706255999949, -33.370154842999909 ], [ -70.519712836999929, -33.370148130999951 ], [ -70.519713642999932, -33.370147308999947 ], [ -70.519716366999944, -33.370144530999937 ], [ -70.51972072399991, -33.370140087999914 ], [ -70.519741600999907, -33.370118796999918 ], [ -70.519755712999938, -33.370104405999939 ], [ -70.519762324999931, -33.37009766299991 ], [ -70.519768937999913, -33.370090918999949 ], [ -70.519787385999905, -33.370072105999952 ], [ -70.519854151999937, -33.370004015999939 ], [ -70.519909583999947, -33.369947485999944 ], [ -70.519929177999927, -33.369927503999918 ], [ -70.519948754999916, -33.369907538999939 ], [ -70.519963319999931, -33.369892684999911 ], [ -70.519968071999926, -33.369887838999944 ], [ -70.519986039999935, -33.369869514999948 ], [ -70.519995141999914, -33.369860231999951 ], [ -70.519997479999915, -33.369857847999924 ], [ -70.520003766999935, -33.369851436999909 ], [ -70.520007189999944, -33.369847946999926 ], [ -70.520008615999927, -33.369846491999908 ], [ -70.520009881999954, -33.369845200999919 ], [ -70.520016348999945, -33.369838605999917 ], [ -70.520020427999953, -33.369834445999913 ], [ -70.520022598999901, -33.369832231999908 ], [ -70.520025751999924, -33.369829015999926 ], [ -70.520028786999944, -33.369825920999915 ], [ -70.520030870999904, -33.369823795999935 ], [ -70.520031607999954, -33.369823043999929 ], [ -70.520034905999921, -33.36981968099991 ], [ -70.520038590999945, -33.369815922999919 ], [ -70.520042217999901, -33.369812223999929 ], [ -70.520042493999938, -33.369811941999956 ], [ -70.520048528999951, -33.369805787999951 ], [ -70.520050911999931, -33.369803357999956 ], [ -70.520051064999905, -33.369803201999957 ], [ -70.52006627399993, -33.369787690999942 ], [ -70.520066306999922, -33.36978765799995 ], [ -70.520074216999944, -33.36977959099994 ], [ -70.520082311999943, -33.369771334999939 ], [ -70.520094270999948, -33.369759138999939 ], [ -70.520099269999946, -33.369754040999908 ], [ -70.520100493999905, -33.369752792999918 ], [ -70.520100864999904, -33.369752415999926 ], [ -70.520113516999913, -33.369739510999921 ], [ -70.520114781999951, -33.369734985999912 ], [ -70.520130853999945, -33.369721847999926 ], [ -70.520136230999924, -33.369717451999918 ], [ -70.520146731999944, -33.369708866999929 ], [ -70.520147416999919, -33.369708306999939 ], [ -70.520148433999907, -33.369707474999927 ], [ -70.520159813999953, -33.369698172999904 ], [ -70.520160349999912, -33.369697734999932 ], [ -70.520164629999954, -33.36969423599993 ], [ -70.520185260999938, -33.36967736999992 ], [ -70.520210212999928, -33.369656970999927 ], [ -70.520217302999924, -33.369651174999944 ], [ -70.520221140999922, -33.369648037999923 ], [ -70.520228662999898, -33.369641888999922 ], [ -70.520237977999898, -33.369634272999917 ], [ -70.520247422999944, -33.369630257999916 ], [ -70.520250787999942, -33.369628827999918 ], [ -70.520263909999926, -33.369623249999904 ], [ -70.520266468999921, -33.369622161999928 ], [ -70.520281989999944, -33.369615564999947 ], [ -70.520293309999943, -33.369610752999904 ], [ -70.520309618999931, -33.369603820999941 ], [ -70.520323257999905, -33.369598022999924 ], [ -70.520377627999949, -33.369574910999916 ], [ -70.520399607999934, -33.369565567999928 ], [ -70.520413349999899, -33.36955972599992 ], [ -70.520511050999914, -33.369518194999955 ], [ -70.520550203999903, -33.369507751999947 ], [ -70.520614654999918, -33.369490560999907 ], [ -70.520719430999918, -33.369462613999929 ], [ -70.52078287799992, -33.369445690999953 ], [ -70.520785427999954, -33.369445009999936 ], [ -70.520811800999923, -33.369437975999915 ], [ -70.520830004999937, -33.36943311899995 ], [ -70.521071115999916, -33.369409190999932 ], [ -70.521089102999952, -33.369407405999937 ], [ -70.521089149999909, -33.369407401999922 ], [ -70.521089196999924, -33.369407398999954 ], [ -70.521392434999939, -33.369437571999924 ], [ -70.521392481999953, -33.369437576999928 ], [ -70.521392528999911, -33.369437581999932 ], [ -70.521532904999901, -33.369451550999941 ], [ -70.521532950999926, -33.369451555999945 ], [ -70.521532997999941, -33.369451561999938 ], [ -70.52188525899993, -33.369523898999944 ], [ -70.522052497999937, -33.369549983999946 ], [ -70.522206866999909, -33.369574060999923 ], [ -70.522206903999916, -33.369574065999927 ], [ -70.522369622999918, -33.369546936999939 ], [ -70.522419192999905, -33.369538671999919 ], [ -70.522557222999922, -33.369515657999955 ], [ -70.522650313999918, -33.369501882999941 ], [ -70.522922731999927, -33.369461571999921 ], [ -70.523211200999924, -33.369381373999943 ], [ -70.523317654999914, -33.369389476999913 ], [ -70.523317701999929, -33.369389480999928 ], [ -70.523317748999943, -33.369389484999942 ], [ -70.523364139999899, -33.369393016999936 ], [ -70.523364185999924, -33.369393020999951 ], [ -70.523364232999938, -33.369393024999908 ], [ -70.523731669999904, -33.369451636999941 ], [ -70.523731706999911, -33.369451641999945 ], [ -70.52402944499994, -33.369400501999905 ], [ -70.524127537999902, -33.369383652999943 ], [ -70.524160848999941, -33.369374828999923 ], [ -70.524538106999898, -33.369274895999922 ], [ -70.524622397999906, -33.369263692999937 ], [ -70.52462244499992, -33.369263686999943 ], [ -70.524622491999935, -33.36926368099995 ], [ -70.524929816999929, -33.369222830999945 ], [ -70.524929863999944, -33.369222824999952 ], [ -70.524929911999948, -33.369222817999912 ], [ -70.524949189999916, -33.369220254999902 ], [ -70.52494923699993, -33.369220248999909 ], [ -70.524949283999945, -33.369220244999951 ], [ -70.52536196099993, -33.369237713999951 ], [ -70.525362007999945, -33.36923771599993 ], [ -70.525362054999903, -33.369237719999944 ], [ -70.525622425999927, -33.369279610999911 ], [ -70.525840253999945, -33.369520433999924 ], [ -70.5260732939999, -33.369747542999903 ], [ -70.526319477999948, -33.36986175699991 ], [ -70.526718222999932, -33.369960565999918 ], [ -70.527070021999918, -33.369992302999947 ], [ -70.527070068999933, -33.369992306999904 ], [ -70.527070115999948, -33.369992310999919 ], [ -70.527436867999938, -33.370014846999936 ], [ -70.527436914999953, -33.370014849999905 ], [ -70.5274369629999, -33.37001485299993 ], [ -70.527741085999935, -33.369947986999932 ], [ -70.527741115999902, -33.369947980999939 ], [ -70.528102500999921, -33.37000383499992 ], [ -70.528200506999951, -33.37001898199992 ], [ -70.528645182999924, -33.370112709999944 ], [ -70.528906818999928, -33.37022672899991 ], [ -70.529321783999933, -33.370388459999958 ], [ -70.529765968999925, -33.370473171999947 ], [ -70.530073376999951, -33.37057309599993 ], [ -70.530455402999905, -33.370604449999917 ], [ -70.53045544999992, -33.370604453999931 ], [ -70.530455496999934, -33.370604456999956 ], [ -70.530931352999914, -33.370572213999935 ], [ -70.530943541999932, -33.370571387999917 ], [ -70.530943588999946, -33.370571385999938 ], [ -70.53094363699995, -33.370571383999902 ], [ -70.531157931999928, -33.370595782999942 ], [ -70.531157977999953, -33.370595787999946 ], [ -70.531158024999911, -33.370595793999939 ], [ -70.531494710999937, -33.37064124099993 ], [ -70.531754203999924, -33.370638038999914 ], [ -70.531754250999938, -33.370638038999914 ], [ -70.531754298999942, -33.370638037999925 ], [ -70.531950789999939, -33.370522880999943 ], [ -70.532070873999942, -33.370417685999939 ], [ -70.53235904099995, -33.370301395999945 ], [ -70.532511437999915, -33.370306432999939 ], [ -70.53251148499993, -33.370306434999918 ], [ -70.532511532999933, -33.370306436999954 ], [ -70.532557571999916, -33.370307957999955 ], [ -70.532557618999931, -33.370307959999934 ], [ -70.532557666999935, -33.370307961999913 ], [ -70.532817394999938, -33.370318277999957 ], [ -70.532817441999953, -33.370318279999935 ], [ -70.5328174899999, -33.370318282999904 ], [ -70.532842151999944, -33.370323098999904 ], [ -70.532915329999923, -33.370337393999932 ], [ -70.533078023999906, -33.370369174999951 ], [ -70.533353826999928, -33.370428896999954 ], [ -70.533780989999912, -33.370410094999954 ], [ -70.533781036999926, -33.370410092999919 ], [ -70.533781083999941, -33.370410086999925 ], [ -70.534332899999924, -33.370308640999951 ], [ -70.534681612999918, -33.370247061999919 ], [ -70.535081126999899, -33.370163377999916 ], [ -70.535361884999929, -33.370124124999904 ], [ -70.535361930999898, -33.370124117999922 ], [ -70.535361977999912, -33.370124112999918 ], [ -70.535714382999913, -33.370105145999958 ], [ -70.535714429999928, -33.370105143999922 ], [ -70.535714477999932, -33.370105140999954 ], [ -70.535809914999902, -33.370100004999927 ], [ -70.535809956999913, -33.370100002999948 ], [ -70.53581, -33.370100000999912 ], [ -70.536329378999937, -33.370197081999947 ], [ -70.536370118999912, -33.370204696999906 ], [ -70.536875384999917, -33.370312976999912 ], [ -70.537226017999899, -33.370365886999934 ], [ -70.537226063999924, -33.370365893999917 ], [ -70.537226110999939, -33.370365900999957 ], [ -70.537509855999929, -33.37039593499992 ], [ -70.537509902999943, -33.370395939999923 ], [ -70.537509949999901, -33.370395944999927 ], [ -70.537952553999901, -33.370442792999938 ], [ -70.537952600999915, -33.370442797999942 ], [ -70.53795264799993, -33.370442802999946 ], [ -70.538659955999947, -33.370481303999952 ], [ -70.538660002999904, -33.37048130699992 ], [ -70.538660050999908, -33.370481308999956 ], [ -70.538912631999949, -33.370463816999916 ], [ -70.538912678999907, -33.370463812999958 ], [ -70.538912724999932, -33.370463806999908 ], [ -70.539476314999945, -33.370366634999925 ], [ -70.53952838999993, -33.370364545999905 ], [ -70.539528436999944, -33.370364543999926 ], [ -70.539528484999948, -33.370364541999948 ], [ -70.539947174999952, -33.370350514999927 ], [ -70.53994722199991, -33.370350513999938 ], [ -70.539947269999914, -33.370350511999902 ], [ -70.540197816999921, -33.37035686899992 ], [ -70.540197863999936, -33.37035686999991 ], [ -70.54019791099995, -33.370356870999956 ], [ -70.54033779699995, -33.370241717999932 ], [ -70.541086685999915, -33.369625234999944 ], [ -70.541293189999919, -33.369455240999912 ], [ -70.541295000999924, -33.369453749999934 ], [ -70.542248312999902, -33.368668985999932 ], [ -70.543037768999909, -33.368019107999942 ], [ -70.544115918999921, -33.367131577999942 ], [ -70.544493134999925, -33.366821054999946 ], [ -70.544576089999907, -33.366752765999934 ], [ -70.544728034999935, -33.366770586999905 ], [ -70.544728128999907, -33.366770597999903 ], [ -70.544728352999925, -33.366770623999912 ], [ -70.544792191999932, -33.366778112999953 ], [ -70.544792285999904, -33.366778121999914 ], [ -70.544980922999912, -33.366771433999929 ], [ -70.54498101799993, -33.366771430999904 ], [ -70.545042726999952, -33.366767145999916 ], [ -70.545042821999914, -33.366767138999933 ], [ -70.545083829999953, -33.366764810999939 ], [ -70.545084198999916, -33.366764789999934 ], [ -70.54508530499993, -33.366764726999918 ], [ -70.545087094999928, -33.366764624999917 ], [ -70.545110223999927, -33.366763311999932 ], [ -70.545113924999953, -33.366763371999923 ], [ -70.545412988999942, -33.36676822599992 ], [ -70.545413469999914, -33.36676815699991 ], [ -70.545446582999944, -33.366763381999931 ], [ -70.545456368999908, -33.366761970999903 ], [ -70.545503349999933, -33.366755194999939 ], [ -70.545508603999906, -33.36675443699994 ], [ -70.545522133999953, -33.366752485999939 ], [ -70.545544295999946, -33.366749289999916 ], [ -70.545841337999946, -33.366706452999949 ], [ -70.545920978999902, -33.366675069999928 ], [ -70.545938965999937, -33.366663623999955 ], [ -70.546007957999905, -33.366619718999914 ], [ -70.546096293999938, -33.366494886999931 ], [ -70.546141486999943, -33.366398569999944 ], [ -70.546199017999925, -33.366275955999924 ], [ -70.546208477999926, -33.366255794999915 ], [ -70.546235507999938, -33.366175140999928 ], [ -70.546353996999926, -33.366000006999911 ], [ -70.546424994999938, -33.365918804999922 ], [ -70.546815675999937, -33.36548304799993 ], [ -70.547003225999902, -33.365263637999931 ], [ -70.547169566999912, -33.365015186999926 ], [ -70.547174439999935, -33.365007675999948 ], [ -70.547237520999943, -33.364910460999909 ], [ -70.547257160999948, -33.364873415999909 ], [ -70.547332685999947, -33.364730958999928 ], [ -70.547423200999901, -33.364583305999929 ], [ -70.547534348999932, -33.364432139999906 ], [ -70.547552282999902, -33.364412600999913 ], [ -70.547654494999904, -33.364301238999929 ], [ -70.54767139899991, -33.36428282199995 ], [ -70.547768848999908, -33.36418933199991 ], [ -70.547857088999933, -33.364104677999933 ], [ -70.547949304999918, -33.364050719999909 ], [ -70.547968936999951, -33.364039232999914 ], [ -70.547974352999915, -33.364036063999947 ], [ -70.548006673999907, -33.364017152999907 ], [ -70.548062733999927, -33.363984350999942 ], [ -70.548148971999922, -33.363933890999931 ], [ -70.548188298999946, -33.363915955999914 ], [ -70.54830600799994, -33.363862273999928 ], [ -70.548359397999945, -33.363837924999928 ], [ -70.548539643999902, -33.363561657999924 ], [ -70.548538897999947, -33.363548378999951 ], [ -70.548538675999907, -33.363544422999951 ], [ -70.54853849999995, -33.363541280999925 ], [ -70.548538365999946, -33.363538896999955 ], [ -70.548537222999926, -33.363518549999924 ], [ -70.548536764999938, -33.363510395999924 ], [ -70.548536479999939, -33.363505322999913 ], [ -70.548536399999932, -33.363503891999926 ], [ -70.54853518199991, -33.36348219599995 ], [ -70.548534702999916, -33.363473656999929 ], [ -70.548534601999904, -33.363471856999922 ], [ -70.548534450999909, -33.363469173999931 ], [ -70.548533444999919, -33.363451260999909 ], [ -70.548532677999901, -33.363437603999955 ], [ -70.548532543999897, -33.36343521099991 ], [ -70.548531994999905, -33.363425430999939 ], [ -70.548531885999921, -33.36342348699992 ], [ -70.548530835999941, -33.363404792999916 ], [ -70.5485305119999, -33.363399015999903 ], [ -70.548529834999954, -33.363386956999932 ], [ -70.54852980599992, -33.363386447999915 ], [ -70.548529201999941, -33.363375701999928 ], [ -70.548528614999952, -33.363365243999908 ], [ -70.548528454999939, -33.363362395999957 ], [ -70.548528168999951, -33.363357307999934 ], [ -70.54852773999994, -33.363349663999941 ], [ -70.548527412999931, -33.363343844999918 ], [ -70.548527219999926, -33.363340400999903 ], [ -70.548527020999927, -33.363337836999904 ], [ -70.548526206999952, -33.363327331999926 ], [ -70.548525601999927, -33.363319528999909 ], [ -70.548525490999907, -33.363318098999912 ], [ -70.548525162999908, -33.363313874999903 ], [ -70.548525029999951, -33.363312158999918 ], [ -70.548524994999923, -33.363311712999916 ], [ -70.548524864999933, -33.363310038999941 ], [ -70.548524860999919, -33.363309981999919 ], [ -70.548524615999952, -33.363306821999913 ], [ -70.548524582999903, -33.363306393999949 ], [ -70.548524476999944, -33.363305032999904 ], [ -70.548524422999947, -33.363304331999927 ], [ -70.548524161999921, -33.363300960999936 ], [ -70.54852414699991, -33.363300766999942 ], [ -70.548524037999925, -33.363299354999924 ], [ -70.548523984999918, -33.363298667999914 ], [ -70.548523788999944, -33.363296142999957 ], [ -70.548523762999935, -33.363295801999925 ], [ -70.548523602999921, -33.36329373399991 ], [ -70.548523579999937, -33.36329343299991 ], [ -70.548523425999917, -33.363291450999952 ], [ -70.5485233469999, -33.363290436999932 ], [ -70.54852322399995, -33.36328885599994 ], [ -70.548523202999945, -33.363288583999918 ], [ -70.548522950999939, -33.363285340999937 ], [ -70.548522937999905, -33.363285176999909 ], [ -70.548522840999908, -33.363283921999937 ], [ -70.548522823999917, -33.363283706999937 ], [ -70.548522410999908, -33.363278389999948 ], [ -70.548502947999907, -33.363284821999912 ], [ -70.54849751699993, -33.363286616999915 ], [ -70.548470639999948, -33.363295497999957 ], [ -70.548449638999898, -33.363302437999948 ], [ -70.548436512999899, -33.363306774999955 ], [ -70.548426744999915, -33.363310002999924 ], [ -70.548413143999937, -33.363314496999919 ], [ -70.548343221999914, -33.363337601999945 ], [ -70.548342739999953, -33.363337401999956 ], [ -70.548332147999929, -33.363333001999933 ], [ -70.548307762999912, -33.363322872999902 ], [ -70.548306587999946, -33.363322384999947 ], [ -70.548273930999926, -33.363308819999929 ], [ -70.548189134999916, -33.363273596999932 ], [ -70.548162222999906, -33.36326241799992 ], [ -70.548095437999905, -33.363234675999934 ], [ -70.547958900999902, -33.363177959999916 ], [ -70.547816566999927, -33.363118834999909 ], [ -70.547797671999945, -33.363110986999914 ], [ -70.547816327999954, -33.363080371999956 ], [ -70.54782303199994, -33.363069369999948 ], [ -70.547823318999917, -33.363068898999927 ], [ -70.547823443999903, -33.363068692999946 ], [ -70.547823569999935, -33.363068486999907 ], [ -70.547846016999927, -33.363031638999928 ], [ -70.547846786999912, -33.363030374999937 ], [ -70.5478474169999, -33.363029340999958 ], [ -70.547857273999909, -33.363013159999923 ], [ -70.54785783199992, -33.363012244999936 ], [ -70.547865070999933, -33.363000361999923 ], [ -70.547871760999953, -33.362989378999941 ], [ -70.547883640999942, -33.362969877999944 ], [ -70.547887783999897, -33.362963076999904 ], [ -70.54789939099993, -33.362944023999944 ], [ -70.547906420999936, -33.362932483999941 ], [ -70.547914018999904, -33.362920011999904 ], [ -70.547947835999935, -33.362864499999944 ], [ -70.547966783999925, -33.362833395999928 ], [ -70.548013798999932, -33.362756218999948 ], [ -70.54801638899994, -33.362749848999954 ], [ -70.548073105999947, -33.362610375999907 ], [ -70.548143725999921, -33.36243671099993 ], [ -70.548190685999941, -33.362319894999928 ], [ -70.548198922999916, -33.362299406999909 ], [ -70.548205821999943, -33.362282242999925 ], [ -70.548377980999931, -33.361853982999946 ], [ -70.548383913999942, -33.361790679999956 ], [ -70.548385329999917, -33.361775573999921 ], [ -70.548413363999941, -33.361476460999938 ], [ -70.54842470199992, -33.361355485999923 ], [ -70.548427855999932, -33.361321837999924 ], [ -70.548451815999954, -33.361079462999953 ], [ -70.548454360999926, -33.361053712999933 ], [ -70.548469621999914, -33.360899332999907 ], [ -70.548474815999953, -33.360846795999919 ], [ -70.548606627999902, -33.360489358999928 ], [ -70.548606653999911, -33.360489288999929 ], [ -70.548606679999921, -33.36048921899993 ], [ -70.548612745999947, -33.360485240999935 ], [ -70.549297038999953, -33.360036423999929 ], [ -70.549406047999923, -33.359964926999908 ], [ -70.549965961999931, -33.359679929999913 ], [ -70.550129464999941, -33.35961851299993 ], [ -70.550382982999906, -33.35952328299993 ], [ -70.55073486799995, -33.359307087999923 ], [ -70.551074742999901, -33.35888069899994 ], [ -70.551304113999947, -33.358393134999915 ], [ -70.551661812999953, -33.358062730999904 ], [ -70.551674987999945, -33.358063203999905 ], [ -70.551708773999906, -33.358064416999923 ], [ -70.552002045999927, -33.358074943999952 ], [ -70.552461879999953, -33.358415625999953 ], [ -70.552637517999926, -33.358536344999948 ], [ -70.553079238999942, -33.358765259999927 ], [ -70.553190996999945, -33.35882317699992 ], [ -70.553705902999923, -33.358975138999938 ], [ -70.554317360999903, -33.35901614699992 ], [ -70.554821223999909, -33.358938876999957 ], [ -70.555248512999924, -33.358675537999943 ], [ -70.555279250999945, -33.35865659399991 ], [ -70.555294311999944, -33.358639117999928 ], [ -70.55530768999995, -33.358623595999916 ], [ -70.55535141799993, -33.358572856999956 ], [ -70.555435635999913, -33.358475136999914 ], [ -70.555697287999919, -33.35822371699993 ], [ -70.5557209239999, -33.358201005999945 ], [ -70.556009179999933, -33.358093679999911 ], [ -70.556241419999935, -33.358104473999958 ], [ -70.556467644999941, -33.358114987999954 ], [ -70.5567751829999, -33.358241899999939 ], [ -70.556971843999918, -33.358348130999957 ], [ -70.557052569999939, -33.35839173599993 ], [ -70.557420831999934, -33.358477301999926 ], [ -70.557802663999951, -33.358495056999914 ], [ -70.557825447999903, -33.358492072999923 ], [ -70.55833574299993, -33.358425236999949 ], [ -70.558762931999922, -33.358406344999935 ], [ -70.559143812999935, -33.358351959999936 ], [ -70.559298466999905, -33.358328879999931 ], [ -70.559539721999897, -33.35829287599995 ], [ -70.559993877999943, -33.358208757999932 ], [ -70.560033346999944, -33.358201447999932 ], [ -70.560360403999937, -33.358079645999908 ], [ -70.560449246999951, -33.358057198999916 ], [ -70.560679689999915, -33.35799897499993 ], [ -70.561028470999929, -33.357877347999931 ], [ -70.561347755999918, -33.357796675999907 ], [ -70.56155968999991, -33.357703823999941 ], [ -70.561924637999937, -33.357622575999926 ], [ -70.562427004999904, -33.357526068999903 ], [ -70.562581966999915, -33.357480542999951 ], [ -70.562715652999941, -33.357441268999935 ], [ -70.563020133999942, -33.357396851999908 ], [ -70.563659166999912, -33.35728058199993 ], [ -70.563712560999932, -33.357264505999922 ], [ -70.56419061899993, -33.357120571999928 ], [ -70.564386746999901, -33.35707690299995 ], [ -70.564643486999898, -33.35693032599994 ], [ -70.564709918999938, -33.356887190999942 ], [ -70.564917507999951, -33.356752400999937 ], [ -70.564947081999946, -33.356733197999915 ], [ -70.565382703999944, -33.356405536999944 ], [ -70.565647913999953, -33.356208891999927 ], [ -70.565677150999932, -33.356185903999915 ], [ -70.565704014999937, -33.356164781999951 ], [ -70.56585612799995, -33.356045180999956 ], [ -70.565883049999911, -33.356012131999933 ], [ -70.566081511999926, -33.35576849499995 ], [ -70.566243387999918, -33.355470197999921 ], [ -70.566248745999928, -33.35546032499991 ], [ -70.566379616999939, -33.355265372999952 ], [ -70.566719851999949, -33.354971127999931 ], [ -70.56711, -33.35481 ], [ -70.567535768999903, -33.354859765999947 ], [ -70.567591291999918, -33.354872323999928 ], [ -70.568015395999907, -33.354968244999952 ], [ -70.568427054999916, -33.355091896999909 ], [ -70.568450410999901, -33.35509787299992 ], [ -70.56890693999992, -33.355214684999908 ], [ -70.569456849999938, -33.355436804999954 ], [ -70.569851200999949, -33.355546353999955 ], [ -70.570348146999947, -33.355668920999904 ], [ -70.570558050999921, -33.355690241999923 ], [ -70.570602951999945, -33.355694802999949 ], [ -70.570724156999916, -33.355707114999916 ], [ -70.570997056999943, -33.35570366099995 ], [ -70.571354467999925, -33.355656186999909 ], [ -70.571514090999926, -33.355629737999948 ], [ -70.571728676999953, -33.355594181999948 ], [ -70.572017603999939, -33.355533255999944 ], [ -70.572288959999923, -33.355443917999935 ], [ -70.572900016999938, -33.35517074899991 ], [ -70.573510818999921, -33.354642660999957 ], [ -70.573519914999906, -33.354634795999914 ], [ -70.573688691999905, -33.354488874999902 ], [ -70.573711846999913, -33.354473817999917 ], [ -70.573711919999937, -33.354473765999956 ], [ -70.57371199499994, -33.354473716999905 ], [ -70.573721035999938, -33.35446782799994 ], [ -70.573721524999939, -33.354467509999949 ], [ -70.573731585999951, -33.354460962999951 ], [ -70.573732215999939, -33.35446055299991 ], [ -70.573739578999948, -33.35445576199993 ], [ -70.573739639999928, -33.354455721999955 ], [ -70.573739701999898, -33.354455681999923 ], [ -70.573746750999931, -33.354451094999945 ], [ -70.5737472429999, -33.354450774999918 ], [ -70.57376764299994, -33.35443750099995 ], [ -70.5737687539999, -33.354436777999922 ], [ -70.573784514999943, -33.354426521999926 ], [ -70.57378732199993, -33.35442469599991 ], [ -70.573804294999945, -33.354413650999902 ], [ -70.573806377999915, -33.354412294999918 ], [ -70.573852965999947, -33.354381979999914 ], [ -70.573853799999938, -33.354381437999905 ], [ -70.573904216999949, -33.354348631999926 ], [ -70.573905468999953, -33.354347817999951 ], [ -70.573951517999944, -33.35431785399993 ] ] ] ] } }
]
}
